pair_id,model,mode,score
thatcher_0_str,stable_diffusion_15,empty,0.0020105855353176
thatcher_1_str,stable_diffusion_15,empty,0.0015718022431246
thatcher_2_str,stable_diffusion_15,empty,0.0011135336756706
thatcher_3_str,stable_diffusion_15,empty,0.0019772409670986
thatcher_4_str,stable_diffusion_15,empty,0.0019997490360401
thatcher_5_str,stable_diffusion_15,empty,0.0023352120560593
thatcher_6_str,stable_diffusion_15,empty,0.0018897181819192
thatcher_7_str,stable_diffusion_15,empty,0.0025672793167177
thatcher_8_str,stable_diffusion_15,empty,0.0042501146579161
thatcher_9_str,stable_diffusion_15,empty,0.001595822579693
thatcher_10_str,stable_diffusion_15,empty,0.0017803325969725
thatcher_11_str,stable_diffusion_15,empty,0.0027099269698374
thatcher_12_str,stable_diffusion_15,empty,0.0008160465199034
thatcher_13_str,stable_diffusion_15,empty,0.0016762377135455
thatcher_14_str,stable_diffusion_15,empty,0.0013211216474883
thatcher_15_str,stable_diffusion_15,empty,0.002044537696056
thatcher_16_str,stable_diffusion_15,empty,0.0023777925013564
thatcher_17_str,stable_diffusion_15,empty,0.002578260062728
thatcher_18_str,stable_diffusion_15,empty,0.0021019886434078
thatcher_19_str,stable_diffusion_15,empty,0.0037601441587321
thatcher_20_str,stable_diffusion_15,empty,0.0016272271121852
thatcher_21_str,stable_diffusion_15,empty,0.0029564970196224
thatcher_22_str,stable_diffusion_15,empty,0.0028541546268388
thatcher_23_str,stable_diffusion_15,empty,0.0016008670767769
thatcher_24_str,stable_diffusion_15,empty,0.0021572133176959
thatcher_25_str,stable_diffusion_15,empty,0.0027939728624187
thatcher_26_str,stable_diffusion_15,empty,0.0025617503770627
thatcher_27_str,stable_diffusion_15,empty,0.0020567449484951
thatcher_28_str,stable_diffusion_15,empty,0.0023626860883086
thatcher_29_str,stable_diffusion_15,empty,0.0025375603535212
thatcher_30_str,stable_diffusion_15,empty,0.0009326173388399
thatcher_31_str,stable_diffusion_15,empty,0.0030253594787791
thatcher_32_str,stable_diffusion_15,empty,0.0016749467398039
thatcher_33_str,stable_diffusion_15,empty,0.0030217949301004
thatcher_34_str,stable_diffusion_15,empty,0.0021698733186349
thatcher_35_str,stable_diffusion_15,empty,0.0029308397357817
thatcher_36_str,stable_diffusion_15,empty,0.0030238670180551
thatcher_37_str,stable_diffusion_15,empty,0.0022428120695985
thatcher_38_str,stable_diffusion_15,empty,0.002705989871174
thatcher_39_str,stable_diffusion_15,empty,0.0019039889029227
thatcher_40_str,stable_diffusion_15,empty,0.0022989737382158
thatcher_41_str,stable_diffusion_15,empty,0.0023077130527235
thatcher_42_str,stable_diffusion_15,empty,0.0026681322406511
thatcher_43_str,stable_diffusion_15,empty,0.0024566611810587
thatcher_44_str,stable_diffusion_15,empty,0.0025562473759055
thatcher_45_str,stable_diffusion_15,empty,0.0028777572431135
thatcher_46_str,stable_diffusion_15,empty,0.0018983408506028
thatcher_47_str,stable_diffusion_15,empty,0.0019063868932425
thatcher_48_str,stable_diffusion_15,empty,0.0019843343307729
thatcher_49_str,stable_diffusion_15,empty,0.001886601014994
thatcher_50_str,stable_diffusion_15,empty,0.0015669998130761
thatcher_51_str,stable_diffusion_15,empty,0.0020632500131614
thatcher_52_str,stable_diffusion_15,empty,0.0016363874240778
thatcher_53_str,stable_diffusion_15,empty,0.0029644878243561
thatcher_54_str,stable_diffusion_15,empty,0.0017857852461747
thatcher_55_str,stable_diffusion_15,empty,0.0016188794269692
thatcher_56_str,stable_diffusion_15,empty,0.0031236420525237
thatcher_57_str,stable_diffusion_15,empty,0.0029066986823454
thatcher_58_str,stable_diffusion_15,empty,0.0014396938448771
thatcher_59_str,stable_diffusion_15,empty,0.0025688642333261
thatcher_60_str,stable_diffusion_15,empty,0.0023374521348159
thatcher_61_str,stable_diffusion_15,empty,0.0016574747557751
thatcher_62_str,stable_diffusion_15,empty,0.0029133109492249
thatcher_63_str,stable_diffusion_15,empty,0.001436614068225
thatcher_64_str,stable_diffusion_15,empty,0.0016747638699598
thatcher_65_str,stable_diffusion_15,empty,0.001828761009965
thatcher_66_str,stable_diffusion_15,empty,0.0014387710951268
thatcher_67_str,stable_diffusion_15,empty,0.00267921741819
thatcher_68_str,stable_diffusion_15,empty,0.0031815147737506
thatcher_69_str,stable_diffusion_15,empty,0.0024991872790269
thatcher_70_str,stable_diffusion_15,empty,0.0029921312816441
thatcher_71_str,stable_diffusion_15,empty,0.0025779853784479
thatcher_72_str,stable_diffusion_15,empty,0.0017662474955432
thatcher_73_str,stable_diffusion_15,empty,0.00263590936549
thatcher_74_str,stable_diffusion_15,empty,0.0013639340316876
thatcher_75_str,stable_diffusion_15,empty,0.0027247307775542
thatcher_76_str,stable_diffusion_15,empty,0.0022866598377004
thatcher_77_str,stable_diffusion_15,empty,0.0016397644462995
thatcher_78_str,stable_diffusion_15,empty,0.0013328218646347
thatcher_79_str,stable_diffusion_15,empty,0.0017543641803786
thatcher_80_str,stable_diffusion_15,empty,0.0032580496883019
thatcher_81_str,stable_diffusion_15,empty,0.0019279233249835
thatcher_82_str,stable_diffusion_15,empty,0.0030070838984102
thatcher_83_str,stable_diffusion_15,empty,0.0035439525893889
thatcher_84_str,stable_diffusion_15,empty,0.0023441903293132
thatcher_85_str,stable_diffusion_15,empty,0.0015215915697626
thatcher_86_str,stable_diffusion_15,empty,0.0011005097161978
thatcher_87_str,stable_diffusion_15,empty,0.0019221075007226
thatcher_88_str,stable_diffusion_15,empty,0.0022883038665167
thatcher_89_str,stable_diffusion_15,empty,0.0032426140119787
thatcher_90_str,stable_diffusion_15,empty,0.0019310094229876
thatcher_91_str,stable_diffusion_15,empty,0.0012220401584636
thatcher_92_str,stable_diffusion_15,empty,0.0014574321219697
thatcher_93_str,stable_diffusion_15,empty,0.0033142005838453
thatcher_94_str,stable_diffusion_15,empty,0.0034377256862353
thatcher_95_str,stable_diffusion_15,empty,0.0017917489493265
thatcher_96_str,stable_diffusion_15,empty,0.001700974026462
thatcher_97_str,stable_diffusion_15,empty,0.0022524154791608
thatcher_98_str,stable_diffusion_15,empty,0.0020217518555
thatcher_99_str,stable_diffusion_15,empty,0.0019835419394075
thatcher_100_str,stable_diffusion_15,empty,0.001754035889171
thatcher_101_str,stable_diffusion_15,empty,0.0016294422326609
thatcher_102_str,stable_diffusion_15,empty,0.001518292191904
thatcher_103_str,stable_diffusion_15,empty,0.0037017431063577
thatcher_104_str,stable_diffusion_15,empty,0.0016948978113941
thatcher_105_str,stable_diffusion_15,empty,0.0027060662442818
thatcher_106_str,stable_diffusion_15,empty,0.0016849799035116
thatcher_107_str,stable_diffusion_15,empty,0.0016771815018728
thatcher_108_str,stable_diffusion_15,empty,0.0014321743510663
thatcher_109_str,stable_diffusion_15,empty,0.0024212026409804
thatcher_110_str,stable_diffusion_15,empty,0.0018134390865452
thatcher_111_str,stable_diffusion_15,empty,0.0019775127456523
thatcher_112_str,stable_diffusion_15,empty,0.002322828869801
thatcher_113_str,stable_diffusion_15,empty,0.0028966518933884
thatcher_114_str,stable_diffusion_15,empty,0.001535206020344
thatcher_115_str,stable_diffusion_15,empty,0.001426666737534
thatcher_116_str,stable_diffusion_15,empty,0.0015553191374056
thatcher_117_str,stable_diffusion_15,empty,0.0031256111012771
thatcher_118_str,stable_diffusion_15,empty,0.0013637692981865
thatcher_119_str,stable_diffusion_15,empty,0.0013039966509677
thatcher_120_str,stable_diffusion_15,empty,0.0016677927807904
thatcher_121_str,stable_diffusion_15,empty,0.0014918287983164
thatcher_122_str,stable_diffusion_15,empty,0.0015536250500008
thatcher_123_str,stable_diffusion_15,empty,0.0037702420167625
thatcher_124_str,stable_diffusion_15,empty,0.0017340272432193
thatcher_125_str,stable_diffusion_15,empty,0.002434546733275
thatcher_126_str,stable_diffusion_15,empty,0.0020759667013771
thatcher_127_str,stable_diffusion_15,empty,0.0011260134819895
thatcher_128_str,stable_diffusion_15,empty,0.0019255000236444
thatcher_129_str,stable_diffusion_15,empty,0.0023532631504349
thatcher_130_str,stable_diffusion_15,empty,0.0016678817966021
thatcher_131_str,stable_diffusion_15,empty,0.0019036027882248
thatcher_132_str,stable_diffusion_15,empty,0.0011720072408206
thatcher_133_str,stable_diffusion_15,empty,0.001514426744543
thatcher_134_str,stable_diffusion_15,empty,0.0018089953949674
thatcher_135_str,stable_diffusion_15,empty,0.0017542716208845
thatcher_136_str,stable_diffusion_15,empty,0.0020432928763329
thatcher_137_str,stable_diffusion_15,empty,0.0013472591526806
thatcher_138_str,stable_diffusion_15,empty,0.0018542322912253
thatcher_139_str,stable_diffusion_15,empty,0.0013997406605631
thatcher_0_inv,stable_diffusion_15,empty,-0.0004723719879984
thatcher_1_inv,stable_diffusion_15,empty,0.0005189881799742
thatcher_2_inv,stable_diffusion_15,empty,0.0004508114163763
thatcher_3_inv,stable_diffusion_15,empty,0.0008523465390317
thatcher_4_inv,stable_diffusion_15,empty,5.740171764023749e-06
thatcher_5_inv,stable_diffusion_15,empty,0.0007504930952563
thatcher_6_inv,stable_diffusion_15,empty,0.0008556655223947
thatcher_7_inv,stable_diffusion_15,empty,0.0001216872956138
thatcher_8_inv,stable_diffusion_15,empty,0.0017984812776558
thatcher_9_inv,stable_diffusion_15,empty,0.0007617760729044
thatcher_10_inv,stable_diffusion_15,empty,0.0005883973045274
thatcher_11_inv,stable_diffusion_15,empty,0.0005449335090816
thatcher_12_inv,stable_diffusion_15,empty,0.000288799861446
thatcher_13_inv,stable_diffusion_15,empty,0.0005097086913883
thatcher_14_inv,stable_diffusion_15,empty,-6.16241246461785e-05
thatcher_15_inv,stable_diffusion_15,empty,0.0001050188764929
thatcher_16_inv,stable_diffusion_15,empty,-0.0001835016603581
thatcher_17_inv,stable_diffusion_15,empty,0.000432999827899
thatcher_18_inv,stable_diffusion_15,empty,0.0003086558636277
thatcher_19_inv,stable_diffusion_15,empty,0.0009750044718384
thatcher_20_inv,stable_diffusion_15,empty,0.0004040022334083
thatcher_21_inv,stable_diffusion_15,empty,0.0010002392157912
thatcher_22_inv,stable_diffusion_15,empty,0.0003216764354146
thatcher_23_inv,stable_diffusion_15,empty,0.0005648078932426
thatcher_24_inv,stable_diffusion_15,empty,0.0006923259445466
thatcher_25_inv,stable_diffusion_15,empty,0.0007491634669713
thatcher_26_inv,stable_diffusion_15,empty,0.0007870550593361
thatcher_27_inv,stable_diffusion_15,empty,0.0004855909827165
thatcher_28_inv,stable_diffusion_15,empty,0.0010785360774025
thatcher_29_inv,stable_diffusion_15,empty,0.0011182051687501
thatcher_30_inv,stable_diffusion_15,empty,0.0001207723747939
thatcher_31_inv,stable_diffusion_15,empty,0.0007274545286782
thatcher_32_inv,stable_diffusion_15,empty,0.0004190849559381
thatcher_33_inv,stable_diffusion_15,empty,0.0009877107595093
thatcher_34_inv,stable_diffusion_15,empty,0.0008044403628446
thatcher_35_inv,stable_diffusion_15,empty,-3.4594170283536174e-05
thatcher_36_inv,stable_diffusion_15,empty,0.0003106830315664
thatcher_37_inv,stable_diffusion_15,empty,0.0011783553613349
thatcher_38_inv,stable_diffusion_15,empty,0.001411425047554
thatcher_39_inv,stable_diffusion_15,empty,0.00057992703747
thatcher_40_inv,stable_diffusion_15,empty,0.0003404449135996
thatcher_41_inv,stable_diffusion_15,empty,0.0007679014327004
thatcher_42_inv,stable_diffusion_15,empty,-0.0002226785663515
thatcher_43_inv,stable_diffusion_15,empty,0.0010051976097747
thatcher_44_inv,stable_diffusion_15,empty,0.0010076554538682
thatcher_45_inv,stable_diffusion_15,empty,0.0007068401260767
thatcher_46_inv,stable_diffusion_15,empty,0.0003713687951676
thatcher_47_inv,stable_diffusion_15,empty,0.0008833954529836
thatcher_48_inv,stable_diffusion_15,empty,-3.4959244076149254e-05
thatcher_49_inv,stable_diffusion_15,empty,0.0013839935720898
thatcher_50_inv,stable_diffusion_15,empty,0.0005855051451362
thatcher_51_inv,stable_diffusion_15,empty,0.0008020524634048
thatcher_52_inv,stable_diffusion_15,empty,-7.952327025123607e-05
thatcher_53_inv,stable_diffusion_15,empty,0.0006776899134274
thatcher_54_inv,stable_diffusion_15,empty,0.0004423387302085
thatcher_55_inv,stable_diffusion_15,empty,0.000436005940428
thatcher_56_inv,stable_diffusion_15,empty,0.0006866540154442
thatcher_57_inv,stable_diffusion_15,empty,0.0016316734673455
thatcher_58_inv,stable_diffusion_15,empty,0.000287199455779
thatcher_59_inv,stable_diffusion_15,empty,0.000961897985544
thatcher_60_inv,stable_diffusion_15,empty,0.0004344676993787
thatcher_61_inv,stable_diffusion_15,empty,0.0007364956592209
thatcher_62_inv,stable_diffusion_15,empty,0.0003833883372135
thatcher_63_inv,stable_diffusion_15,empty,0.0005873390729539
thatcher_64_inv,stable_diffusion_15,empty,0.0003482910594902
thatcher_65_inv,stable_diffusion_15,empty,0.0002742659836076
thatcher_66_inv,stable_diffusion_15,empty,0.0003131723089609
thatcher_67_inv,stable_diffusion_15,empty,0.0004339280654676
thatcher_68_inv,stable_diffusion_15,empty,0.0005757231416646
thatcher_69_inv,stable_diffusion_15,empty,0.0014053659676574
thatcher_70_inv,stable_diffusion_15,empty,0.0013509705429896
thatcher_71_inv,stable_diffusion_15,empty,0.0007060485403053
thatcher_72_inv,stable_diffusion_15,empty,0.0006425006478093
thatcher_73_inv,stable_diffusion_15,empty,0.0008832262596115
thatcher_74_inv,stable_diffusion_15,empty,3.4916030708681545e-05
thatcher_75_inv,stable_diffusion_15,empty,0.0008220934565179
thatcher_76_inv,stable_diffusion_15,empty,-2.8369554784149487e-05
thatcher_77_inv,stable_diffusion_15,empty,9.542170213534816e-05
thatcher_78_inv,stable_diffusion_15,empty,9.647091617806523e-05
thatcher_79_inv,stable_diffusion_15,empty,0.0009267798671498
thatcher_80_inv,stable_diffusion_15,empty,0.000608963901177
thatcher_81_inv,stable_diffusion_15,empty,0.0006356652267277
thatcher_82_inv,stable_diffusion_15,empty,0.0004951984714716
thatcher_83_inv,stable_diffusion_15,empty,0.0009319466247688
thatcher_84_inv,stable_diffusion_15,empty,0.0008852115110494
thatcher_85_inv,stable_diffusion_15,empty,0.0003851980459876
thatcher_86_inv,stable_diffusion_15,empty,8.975196396932006e-05
thatcher_87_inv,stable_diffusion_15,empty,2.526824362576729e-05
thatcher_88_inv,stable_diffusion_15,empty,0.0007723178202286
thatcher_89_inv,stable_diffusion_15,empty,0.0012258396833203
thatcher_90_inv,stable_diffusion_15,empty,-0.0004236269951798
thatcher_91_inv,stable_diffusion_15,empty,0.0004726952163036
thatcher_92_inv,stable_diffusion_15,empty,0.0002434007206466
thatcher_93_inv,stable_diffusion_15,empty,0.0009432516363449
thatcher_94_inv,stable_diffusion_15,empty,0.0011733229132369
thatcher_95_inv,stable_diffusion_15,empty,-0.0001949392375536
thatcher_96_inv,stable_diffusion_15,empty,-3.106533782556986e-05
thatcher_97_inv,stable_diffusion_15,empty,0.0002422679611481
thatcher_98_inv,stable_diffusion_15,empty,-0.0002195710560772
thatcher_99_inv,stable_diffusion_15,empty,0.0001498528313823
thatcher_100_inv,stable_diffusion_15,empty,0.0004754937277175
thatcher_101_inv,stable_diffusion_15,empty,0.0003114872029982
thatcher_102_inv,stable_diffusion_15,empty,0.0007068854779936
thatcher_103_inv,stable_diffusion_15,empty,0.0002055918844416
thatcher_104_inv,stable_diffusion_15,empty,-0.0003122581541538
thatcher_105_inv,stable_diffusion_15,empty,0.0012272724648937
thatcher_106_inv,stable_diffusion_15,empty,0.0009399382350966
thatcher_107_inv,stable_diffusion_15,empty,0.0007435309584252
thatcher_108_inv,stable_diffusion_15,empty,0.00012899366091
thatcher_109_inv,stable_diffusion_15,empty,0.0003565462538972
thatcher_110_inv,stable_diffusion_15,empty,0.00093507214915
thatcher_111_inv,stable_diffusion_15,empty,0.0009254737524315
thatcher_112_inv,stable_diffusion_15,empty,-1.5961779281495336e-05
thatcher_113_inv,stable_diffusion_15,empty,0.0003729193424805
thatcher_114_inv,stable_diffusion_15,empty,0.0005583527917042
thatcher_115_inv,stable_diffusion_15,empty,-0.0001868777303025
thatcher_116_inv,stable_diffusion_15,empty,0.0005175995663739
thatcher_117_inv,stable_diffusion_15,empty,0.0014450495457276
thatcher_118_inv,stable_diffusion_15,empty,0.0005911873979493
thatcher_119_inv,stable_diffusion_15,empty,0.0001893254811875
thatcher_120_inv,stable_diffusion_15,empty,0.0006050216406583
thatcher_121_inv,stable_diffusion_15,empty,0.0002565174386836
thatcher_122_inv,stable_diffusion_15,empty,0.0002809090190567
thatcher_123_inv,stable_diffusion_15,empty,0.0008662945544347
thatcher_124_inv,stable_diffusion_15,empty,0.0007280641794204
thatcher_125_inv,stable_diffusion_15,empty,0.0006484747049398
thatcher_126_inv,stable_diffusion_15,empty,0.0003010769188404
thatcher_127_inv,stable_diffusion_15,empty,-7.839944912121921e-05
thatcher_128_inv,stable_diffusion_15,empty,0.0006037589907646
thatcher_129_inv,stable_diffusion_15,empty,0.0007499567256308
thatcher_130_inv,stable_diffusion_15,empty,0.0003298637061379
thatcher_131_inv,stable_diffusion_15,empty,0.0004105219966731
thatcher_132_inv,stable_diffusion_15,empty,0.0004092749813571
thatcher_133_inv,stable_diffusion_15,empty,0.0005226754932664
thatcher_134_inv,stable_diffusion_15,empty,0.0004553968226537
thatcher_135_inv,stable_diffusion_15,empty,0.0006655007298104
thatcher_136_inv,stable_diffusion_15,empty,0.0003374104830436
thatcher_137_inv,stable_diffusion_15,empty,0.0003041843138635
thatcher_138_inv,stable_diffusion_15,empty,0.0002368291397579
thatcher_139_inv,stable_diffusion_15,empty,0.000563375102356
thatcher_0_str,stable_diffusion_15,conditional,0.0019937961467076
thatcher_1_str,stable_diffusion_15,conditional,0.001530282520689
thatcher_2_str,stable_diffusion_15,conditional,0.0011151795135811
thatcher_3_str,stable_diffusion_15,conditional,0.0019856275781057
thatcher_4_str,stable_diffusion_15,conditional,0.0020080839702859
thatcher_5_str,stable_diffusion_15,conditional,0.0023165581328794
thatcher_6_str,stable_diffusion_15,conditional,0.0018602231820113
thatcher_7_str,stable_diffusion_15,conditional,0.0025320524198468
thatcher_8_str,stable_diffusion_15,conditional,0.004217174318619
thatcher_9_str,stable_diffusion_15,conditional,0.0015919949929229
thatcher_10_str,stable_diffusion_15,conditional,0.0018386634928174
thatcher_11_str,stable_diffusion_15,conditional,0.0027539764507673
thatcher_12_str,stable_diffusion_15,conditional,0.0008122269832529
thatcher_13_str,stable_diffusion_15,conditional,0.0016432399791665
thatcher_14_str,stable_diffusion_15,conditional,0.001337010806892
thatcher_15_str,stable_diffusion_15,conditional,0.0020144827477633
thatcher_16_str,stable_diffusion_15,conditional,0.0024125246191397
thatcher_17_str,stable_diffusion_15,conditional,0.0025855802302248
thatcher_18_str,stable_diffusion_15,conditional,0.002102855091216
thatcher_19_str,stable_diffusion_15,conditional,0.0037186200078576
thatcher_20_str,stable_diffusion_15,conditional,0.0016286571300588
thatcher_21_str,stable_diffusion_15,conditional,0.0029163724207319
thatcher_22_str,stable_diffusion_15,conditional,0.0028287883894518
thatcher_23_str,stable_diffusion_15,conditional,0.0016213970468379
thatcher_24_str,stable_diffusion_15,conditional,0.0021424335543997
thatcher_25_str,stable_diffusion_15,conditional,0.0027234807237982
thatcher_26_str,stable_diffusion_15,conditional,0.002475154682761
thatcher_27_str,stable_diffusion_15,conditional,0.0020774540444836
thatcher_28_str,stable_diffusion_15,conditional,0.002331113978289
thatcher_29_str,stable_diffusion_15,conditional,0.0024957751040346
thatcher_30_str,stable_diffusion_15,conditional,0.000908527621068
thatcher_31_str,stable_diffusion_15,conditional,0.0030085532320663
thatcher_32_str,stable_diffusion_15,conditional,0.001649941438809
thatcher_33_str,stable_diffusion_15,conditional,0.0030344646028243
thatcher_34_str,stable_diffusion_15,conditional,0.0021816520020365
thatcher_35_str,stable_diffusion_15,conditional,0.0029157584719359
thatcher_36_str,stable_diffusion_15,conditional,0.0030509610450826
thatcher_37_str,stable_diffusion_15,conditional,0.0022764779557473
thatcher_38_str,stable_diffusion_15,conditional,0.0027219467284157
thatcher_39_str,stable_diffusion_15,conditional,0.001907193865627
thatcher_40_str,stable_diffusion_15,conditional,0.002313638892956
thatcher_41_str,stable_diffusion_15,conditional,0.0023243521573022
thatcher_42_str,stable_diffusion_15,conditional,0.002732737690676
thatcher_43_str,stable_diffusion_15,conditional,0.0024999658763408
thatcher_44_str,stable_diffusion_15,conditional,0.0025298697478138
thatcher_45_str,stable_diffusion_15,conditional,0.0028455862053669
thatcher_46_str,stable_diffusion_15,conditional,0.001900524275843
thatcher_47_str,stable_diffusion_15,conditional,0.0018984454777091
thatcher_48_str,stable_diffusion_15,conditional,0.0019829811365343
thatcher_49_str,stable_diffusion_15,conditional,0.0018341174907982
thatcher_50_str,stable_diffusion_15,conditional,0.0015677402843721
thatcher_51_str,stable_diffusion_15,conditional,0.0020601280638948
thatcher_52_str,stable_diffusion_15,conditional,0.0016270801192149
thatcher_53_str,stable_diffusion_15,conditional,0.0030028003396
thatcher_54_str,stable_diffusion_15,conditional,0.0017953055724501
thatcher_55_str,stable_diffusion_15,conditional,0.0015085862472187
thatcher_56_str,stable_diffusion_15,conditional,0.0031736375647597
thatcher_57_str,stable_diffusion_15,conditional,0.0028841572115197
thatcher_58_str,stable_diffusion_15,conditional,0.0013802371569909
thatcher_59_str,stable_diffusion_15,conditional,0.0025633230851963
thatcher_60_str,stable_diffusion_15,conditional,0.0023472930048592
thatcher_61_str,stable_diffusion_15,conditional,0.0016482917964458
thatcher_62_str,stable_diffusion_15,conditional,0.0028945082053542
thatcher_63_str,stable_diffusion_15,conditional,0.0014258564845658
thatcher_64_str,stable_diffusion_15,conditional,0.0017109106830321
thatcher_65_str,stable_diffusion_15,conditional,0.0018134907749481
thatcher_66_str,stable_diffusion_15,conditional,0.0013638273847755
thatcher_67_str,stable_diffusion_15,conditional,0.0025660816358867
thatcher_68_str,stable_diffusion_15,conditional,0.0031793131865561
thatcher_69_str,stable_diffusion_15,conditional,0.0025426506972871
thatcher_70_str,stable_diffusion_15,conditional,0.0029663724312558
thatcher_71_str,stable_diffusion_15,conditional,0.0025502917752601
thatcher_72_str,stable_diffusion_15,conditional,0.0017909323633648
thatcher_73_str,stable_diffusion_15,conditional,0.0026404978591017
thatcher_74_str,stable_diffusion_15,conditional,0.0013634965044911
thatcher_75_str,stable_diffusion_15,conditional,0.0027300109853968
thatcher_76_str,stable_diffusion_15,conditional,0.0022632365277968
thatcher_77_str,stable_diffusion_15,conditional,0.0015708261635154
thatcher_78_str,stable_diffusion_15,conditional,0.0013121096394024
thatcher_79_str,stable_diffusion_15,conditional,0.0017594236403238
thatcher_80_str,stable_diffusion_15,conditional,0.0032561412756331
thatcher_81_str,stable_diffusion_15,conditional,0.0019213198288343
thatcher_82_str,stable_diffusion_15,conditional,0.0030700764572247
thatcher_83_str,stable_diffusion_15,conditional,0.003540967014851
thatcher_84_str,stable_diffusion_15,conditional,0.0023820414906367
thatcher_85_str,stable_diffusion_15,conditional,0.0015461133164353
thatcher_86_str,stable_diffusion_15,conditional,0.0011324928933754
thatcher_87_str,stable_diffusion_15,conditional,0.0019077092770021
thatcher_88_str,stable_diffusion_15,conditional,0.0023156568524427
thatcher_89_str,stable_diffusion_15,conditional,0.0032678659749217
thatcher_90_str,stable_diffusion_15,conditional,0.0018953944183886
thatcher_91_str,stable_diffusion_15,conditional,0.0012495754321571
thatcher_92_str,stable_diffusion_15,conditional,0.0014641165651846
thatcher_93_str,stable_diffusion_15,conditional,0.0032243611011654
thatcher_94_str,stable_diffusion_15,conditional,0.0033840217860415
thatcher_95_str,stable_diffusion_15,conditional,0.0017392096645198
thatcher_96_str,stable_diffusion_15,conditional,0.0017055292869918
thatcher_97_str,stable_diffusion_15,conditional,0.0022162916441448
thatcher_98_str,stable_diffusion_15,conditional,0.0019951254117768
thatcher_99_str,stable_diffusion_15,conditional,0.0019940609764307
thatcher_100_str,stable_diffusion_15,conditional,0.0017769203870557
thatcher_101_str,stable_diffusion_15,conditional,0.001624907660298
thatcher_102_str,stable_diffusion_15,conditional,0.0014531604503281
thatcher_103_str,stable_diffusion_15,conditional,0.0036492009717039
thatcher_104_str,stable_diffusion_15,conditional,0.0017022696603089
thatcher_105_str,stable_diffusion_15,conditional,0.0027027382748201
thatcher_106_str,stable_diffusion_15,conditional,0.0017000770941376
thatcher_107_str,stable_diffusion_15,conditional,0.0016737591894343
thatcher_108_str,stable_diffusion_15,conditional,0.001438288881909
thatcher_109_str,stable_diffusion_15,conditional,0.0023641526605933
thatcher_110_str,stable_diffusion_15,conditional,0.0017541019828058
thatcher_111_str,stable_diffusion_15,conditional,0.0019673352618701
thatcher_112_str,stable_diffusion_15,conditional,0.0023161743383389
thatcher_113_str,stable_diffusion_15,conditional,0.0028757827391382
thatcher_114_str,stable_diffusion_15,conditional,0.0015198843088
thatcher_115_str,stable_diffusion_15,conditional,0.0013987190509214
thatcher_116_str,stable_diffusion_15,conditional,0.0015160105889663
thatcher_117_str,stable_diffusion_15,conditional,0.0030424818629398
thatcher_118_str,stable_diffusion_15,conditional,0.0013460289873182
thatcher_119_str,stable_diffusion_15,conditional,0.0013054180750623
thatcher_120_str,stable_diffusion_15,conditional,0.0016451360308565
thatcher_121_str,stable_diffusion_15,conditional,0.0014721154887229
thatcher_122_str,stable_diffusion_15,conditional,0.001551025500521
thatcher_123_str,stable_diffusion_15,conditional,0.003759532677941
thatcher_124_str,stable_diffusion_15,conditional,0.0017433441872708
thatcher_125_str,stable_diffusion_15,conditional,0.0023993139201775
thatcher_126_str,stable_diffusion_15,conditional,0.0020415825396776
thatcher_127_str,stable_diffusion_15,conditional,0.0011024199542589
thatcher_128_str,stable_diffusion_15,conditional,0.0019444642961025
thatcher_129_str,stable_diffusion_15,conditional,0.0023398757586255
thatcher_130_str,stable_diffusion_15,conditional,0.0016734597366303
thatcher_131_str,stable_diffusion_15,conditional,0.0019524795981124
thatcher_132_str,stable_diffusion_15,conditional,0.0011929704225622
thatcher_133_str,stable_diffusion_15,conditional,0.0015210364153608
thatcher_134_str,stable_diffusion_15,conditional,0.0018205834482796
thatcher_135_str,stable_diffusion_15,conditional,0.0017630329541862
thatcher_136_str,stable_diffusion_15,conditional,0.0020875242212787
thatcher_137_str,stable_diffusion_15,conditional,0.0013383871293626
thatcher_138_str,stable_diffusion_15,conditional,0.0019200127967633
thatcher_139_str,stable_diffusion_15,conditional,0.0013926889444701
thatcher_0_inv,stable_diffusion_15,conditional,-0.0004585487709846
thatcher_1_inv,stable_diffusion_15,conditional,0.0004040298331529
thatcher_2_inv,stable_diffusion_15,conditional,0.000486814728938
thatcher_3_inv,stable_diffusion_15,conditional,0.000825471158605
thatcher_4_inv,stable_diffusion_15,conditional,5.144932772963018e-05
thatcher_5_inv,stable_diffusion_15,conditional,0.0007615707884542
thatcher_6_inv,stable_diffusion_15,conditional,0.0008526589465327
thatcher_7_inv,stable_diffusion_15,conditional,0.000102271400392
thatcher_8_inv,stable_diffusion_15,conditional,0.0017786946566775
thatcher_9_inv,stable_diffusion_15,conditional,0.0007832350651733
thatcher_10_inv,stable_diffusion_15,conditional,0.0006228821468539
thatcher_11_inv,stable_diffusion_15,conditional,0.0006186030199751
thatcher_12_inv,stable_diffusion_15,conditional,0.000262311543338
thatcher_13_inv,stable_diffusion_15,conditional,0.0004864206071942
thatcher_14_inv,stable_diffusion_15,conditional,-3.494513686745637e-05
thatcher_15_inv,stable_diffusion_15,conditional,0.0001213472289964
thatcher_16_inv,stable_diffusion_15,conditional,-0.0002466587442904
thatcher_17_inv,stable_diffusion_15,conditional,0.0005879821372218
thatcher_18_inv,stable_diffusion_15,conditional,0.0003157632518559
thatcher_19_inv,stable_diffusion_15,conditional,0.0009587349998764
thatcher_20_inv,stable_diffusion_15,conditional,0.0004404097422957
thatcher_21_inv,stable_diffusion_15,conditional,0.0009808736201375
thatcher_22_inv,stable_diffusion_15,conditional,0.0003528479579836
thatcher_23_inv,stable_diffusion_15,conditional,0.0006022482551634
thatcher_24_inv,stable_diffusion_15,conditional,0.0007301979861221
thatcher_25_inv,stable_diffusion_15,conditional,0.0007922842120751
thatcher_26_inv,stable_diffusion_15,conditional,0.0007902437122538
thatcher_27_inv,stable_diffusion_15,conditional,0.0005187104316428
thatcher_28_inv,stable_diffusion_15,conditional,0.0010588246816769
thatcher_29_inv,stable_diffusion_15,conditional,0.0011269696452654
thatcher_30_inv,stable_diffusion_15,conditional,0.0001563754491507
thatcher_31_inv,stable_diffusion_15,conditional,0.000711814656388
thatcher_32_inv,stable_diffusion_15,conditional,0.0003756612096913
thatcher_33_inv,stable_diffusion_15,conditional,0.0009526221011765
thatcher_34_inv,stable_diffusion_15,conditional,0.0008303455729037
thatcher_35_inv,stable_diffusion_15,conditional,3.390141064300856e-05
thatcher_36_inv,stable_diffusion_15,conditional,0.0003301845490932
thatcher_37_inv,stable_diffusion_15,conditional,0.0011894619395025
thatcher_38_inv,stable_diffusion_15,conditional,0.0014034219319
thatcher_39_inv,stable_diffusion_15,conditional,0.0006347085768356
thatcher_40_inv,stable_diffusion_15,conditional,0.0004669155343435
thatcher_41_inv,stable_diffusion_15,conditional,0.0007456942112185
thatcher_42_inv,stable_diffusion_15,conditional,-0.0002444287622347
thatcher_43_inv,stable_diffusion_15,conditional,0.0010659287916496
thatcher_44_inv,stable_diffusion_15,conditional,0.0009867651644162
thatcher_45_inv,stable_diffusion_15,conditional,0.0006385104614309
thatcher_46_inv,stable_diffusion_15,conditional,0.0003747264645062
thatcher_47_inv,stable_diffusion_15,conditional,0.0009130610455758
thatcher_48_inv,stable_diffusion_15,conditional,-1.670758007094042e-05
thatcher_49_inv,stable_diffusion_15,conditional,0.0014202840789221
thatcher_50_inv,stable_diffusion_15,conditional,0.0006082347827032
thatcher_51_inv,stable_diffusion_15,conditional,0.0008635189454071
thatcher_52_inv,stable_diffusion_15,conditional,-4.536735359579602e-05
thatcher_53_inv,stable_diffusion_15,conditional,0.0006746272626333
thatcher_54_inv,stable_diffusion_15,conditional,0.0004613104881718
thatcher_55_inv,stable_diffusion_15,conditional,0.0004781193553935
thatcher_56_inv,stable_diffusion_15,conditional,0.000719819208607
thatcher_57_inv,stable_diffusion_15,conditional,0.0015703244972974
thatcher_58_inv,stable_diffusion_15,conditional,0.0003241242025978
thatcher_59_inv,stable_diffusion_15,conditional,0.0009810956683941
thatcher_60_inv,stable_diffusion_15,conditional,0.000421694770921
thatcher_61_inv,stable_diffusion_15,conditional,0.0006799748237244
thatcher_62_inv,stable_diffusion_15,conditional,0.00041942571057
thatcher_63_inv,stable_diffusion_15,conditional,0.0006096826610155
thatcher_64_inv,stable_diffusion_15,conditional,0.0003973645716905
thatcher_65_inv,stable_diffusion_15,conditional,0.0002974807913415
thatcher_66_inv,stable_diffusion_15,conditional,0.0003198563901241
thatcher_67_inv,stable_diffusion_15,conditional,0.0004405611823312
thatcher_68_inv,stable_diffusion_15,conditional,0.0005289314046967
thatcher_69_inv,stable_diffusion_15,conditional,0.0013754588691517
thatcher_70_inv,stable_diffusion_15,conditional,0.0013115908601321
thatcher_71_inv,stable_diffusion_15,conditional,0.0007216505822725
thatcher_72_inv,stable_diffusion_15,conditional,0.0006682226178236
thatcher_73_inv,stable_diffusion_15,conditional,0.000883374128025
thatcher_74_inv,stable_diffusion_15,conditional,4.007270326836232e-05
thatcher_75_inv,stable_diffusion_15,conditional,0.0007817750819958
thatcher_76_inv,stable_diffusion_15,conditional,-3.619951894506812e-05
thatcher_77_inv,stable_diffusion_15,conditional,0.0001237122411839
thatcher_78_inv,stable_diffusion_15,conditional,0.000117319363635
thatcher_79_inv,stable_diffusion_15,conditional,0.0009549441630952
thatcher_80_inv,stable_diffusion_15,conditional,0.0006067419517785
thatcher_81_inv,stable_diffusion_15,conditional,0.0006598124140873
thatcher_82_inv,stable_diffusion_15,conditional,0.0005304908612742
thatcher_83_inv,stable_diffusion_15,conditional,0.0010006546101067
thatcher_84_inv,stable_diffusion_15,conditional,0.0009358417941257
thatcher_85_inv,stable_diffusion_15,conditional,0.0003779979329556
thatcher_86_inv,stable_diffusion_15,conditional,0.0001076264958828
thatcher_87_inv,stable_diffusion_15,conditional,-3.241389058529498e-05
thatcher_88_inv,stable_diffusion_15,conditional,0.0007791060488671
thatcher_89_inv,stable_diffusion_15,conditional,0.0012296347692608
thatcher_90_inv,stable_diffusion_15,conditional,-0.0004333845549263
thatcher_91_inv,stable_diffusion_15,conditional,0.0004602239723317
thatcher_92_inv,stable_diffusion_15,conditional,0.0002508758916519
thatcher_93_inv,stable_diffusion_15,conditional,0.000958533566445
thatcher_94_inv,stable_diffusion_15,conditional,0.0011715566087514
thatcher_95_inv,stable_diffusion_15,conditional,-0.0002164393966086
thatcher_96_inv,stable_diffusion_15,conditional,-3.66964959538918e-06
thatcher_97_inv,stable_diffusion_15,conditional,0.0002555111609399
thatcher_98_inv,stable_diffusion_15,conditional,-0.0002155204268638
thatcher_99_inv,stable_diffusion_15,conditional,0.0001928285346366
thatcher_100_inv,stable_diffusion_15,conditional,0.0004876373521983
thatcher_101_inv,stable_diffusion_15,conditional,0.0003441168460995
thatcher_102_inv,stable_diffusion_15,conditional,0.0007576024846639
thatcher_103_inv,stable_diffusion_15,conditional,0.0002858384209684
thatcher_104_inv,stable_diffusion_15,conditional,-0.0002962795761413
thatcher_105_inv,stable_diffusion_15,conditional,0.0012322899792343
thatcher_106_inv,stable_diffusion_15,conditional,0.0009427428385242
thatcher_107_inv,stable_diffusion_15,conditional,0.0007728699268773
thatcher_108_inv,stable_diffusion_15,conditional,0.0001329017430544
thatcher_109_inv,stable_diffusion_15,conditional,0.0003404533932916
thatcher_110_inv,stable_diffusion_15,conditional,0.0009218909195624
thatcher_111_inv,stable_diffusion_15,conditional,0.0010162826371379
thatcher_112_inv,stable_diffusion_15,conditional,-4.252588842054705e-06
thatcher_113_inv,stable_diffusion_15,conditional,0.0003072663419879
thatcher_114_inv,stable_diffusion_15,conditional,0.0006222416623495
thatcher_115_inv,stable_diffusion_15,conditional,-0.0001774713909253
thatcher_116_inv,stable_diffusion_15,conditional,0.0005565326451323
thatcher_117_inv,stable_diffusion_15,conditional,0.0015261492528952
thatcher_118_inv,stable_diffusion_15,conditional,0.0006657394394278
thatcher_119_inv,stable_diffusion_15,conditional,0.000216697640717
thatcher_120_inv,stable_diffusion_15,conditional,0.0006046597496606
thatcher_121_inv,stable_diffusion_15,conditional,0.0003168578771874
thatcher_122_inv,stable_diffusion_15,conditional,0.0001979635539464
thatcher_123_inv,stable_diffusion_15,conditional,0.0008043623599223
thatcher_124_inv,stable_diffusion_15,conditional,0.0007507503987289
thatcher_125_inv,stable_diffusion_15,conditional,0.000648485450074
thatcher_126_inv,stable_diffusion_15,conditional,0.0003408673102967
thatcher_127_inv,stable_diffusion_15,conditional,-5.409013712778799e-05
thatcher_128_inv,stable_diffusion_15,conditional,0.0006337804393842
thatcher_129_inv,stable_diffusion_15,conditional,0.0007805830193683
thatcher_130_inv,stable_diffusion_15,conditional,0.0003352987230755
thatcher_131_inv,stable_diffusion_15,conditional,0.0003889093897305
thatcher_132_inv,stable_diffusion_15,conditional,0.0004192343400791
thatcher_133_inv,stable_diffusion_15,conditional,0.0004603294841945
thatcher_134_inv,stable_diffusion_15,conditional,0.0004638233734294
thatcher_135_inv,stable_diffusion_15,conditional,0.0006643903534859
thatcher_136_inv,stable_diffusion_15,conditional,0.000368043044582
thatcher_137_inv,stable_diffusion_15,conditional,0.0003568561514839
thatcher_138_inv,stable_diffusion_15,conditional,0.0003071325132623
thatcher_139_inv,stable_diffusion_15,conditional,0.0006099259178154
thatcher_0_str,pixelgen_512,empty,-4.752077162265694e-05
thatcher_1_str,pixelgen_512,empty,0.000213663354516
thatcher_2_str,pixelgen_512,empty,-0.0003898189403116
thatcher_3_str,pixelgen_512,empty,0.0003630267456173
thatcher_4_str,pixelgen_512,empty,4.0030889213088505e-05
thatcher_5_str,pixelgen_512,empty,0.000325916185975
thatcher_6_str,pixelgen_512,empty,0.0001243694592267
thatcher_7_str,pixelgen_512,empty,5.820300430059433e-06
thatcher_8_str,pixelgen_512,empty,-3.0556954443441975e-05
thatcher_9_str,pixelgen_512,empty,0.0002976828254759
thatcher_10_str,pixelgen_512,empty,0.0001926187053322
thatcher_11_str,pixelgen_512,empty,0.0002660135738551
thatcher_12_str,pixelgen_512,empty,-2.243841066956742e-05
thatcher_13_str,pixelgen_512,empty,8.274711668491974e-05
thatcher_14_str,pixelgen_512,empty,6.221070885657765e-05
thatcher_15_str,pixelgen_512,empty,0.0002076778933405
thatcher_16_str,pixelgen_512,empty,-0.0002649936266243
thatcher_17_str,pixelgen_512,empty,6.737180054187941e-05
thatcher_18_str,pixelgen_512,empty,0.0002767776418477
thatcher_19_str,pixelgen_512,empty,0.0007952603697776
thatcher_20_str,pixelgen_512,empty,0.0004198211431503
thatcher_21_str,pixelgen_512,empty,0.0002205680683255
thatcher_22_str,pixelgen_512,empty,0.0003979075886309
thatcher_23_str,pixelgen_512,empty,5.2561387419713945e-05
thatcher_24_str,pixelgen_512,empty,0.0001445542275905
thatcher_25_str,pixelgen_512,empty,0.0004112580418586
thatcher_26_str,pixelgen_512,empty,0.0002644835785031
thatcher_27_str,pixelgen_512,empty,0.0002981784939765
thatcher_28_str,pixelgen_512,empty,0.0001686055958271
thatcher_29_str,pixelgen_512,empty,0.0002177987247705
thatcher_30_str,pixelgen_512,empty,-3.0455738306026103e-05
thatcher_31_str,pixelgen_512,empty,0.0006212708167731
thatcher_32_str,pixelgen_512,empty,0.0001941340789198
thatcher_33_str,pixelgen_512,empty,0.0005114912427961
thatcher_34_str,pixelgen_512,empty,0.0001955936290323
thatcher_35_str,pixelgen_512,empty,-4.855131730439888e-05
thatcher_36_str,pixelgen_512,empty,0.0008959298580884
thatcher_37_str,pixelgen_512,empty,-0.0002506206557154
thatcher_38_str,pixelgen_512,empty,0.0005858712643385
thatcher_39_str,pixelgen_512,empty,-0.0002706581167876
thatcher_40_str,pixelgen_512,empty,-6.49426132440234e-06
thatcher_41_str,pixelgen_512,empty,0.0002076901867985
thatcher_42_str,pixelgen_512,empty,3.698197193445496e-05
thatcher_43_str,pixelgen_512,empty,-4.217799752948004e-05
thatcher_44_str,pixelgen_512,empty,0.0003046186268329
thatcher_45_str,pixelgen_512,empty,0.0004295598901808
thatcher_46_str,pixelgen_512,empty,0.0003515509888529
thatcher_47_str,pixelgen_512,empty,4.552900791170156e-05
thatcher_48_str,pixelgen_512,empty,8.124953135849045e-05
thatcher_49_str,pixelgen_512,empty,5.9045478701613696e-05
thatcher_50_str,pixelgen_512,empty,-0.0002127388492226
thatcher_51_str,pixelgen_512,empty,0.0003869860619306
thatcher_52_str,pixelgen_512,empty,0.0001752483006566
thatcher_53_str,pixelgen_512,empty,-0.0001245463639497
thatcher_54_str,pixelgen_512,empty,-0.0002461001276969
thatcher_55_str,pixelgen_512,empty,-0.0001116076856851
thatcher_56_str,pixelgen_512,empty,0.0001213870383799
thatcher_57_str,pixelgen_512,empty,0.000694142524153
thatcher_58_str,pixelgen_512,empty,-6.311679258941272e-05
thatcher_59_str,pixelgen_512,empty,0.0005083431862294
thatcher_60_str,pixelgen_512,empty,6.42371363937938e-05
thatcher_61_str,pixelgen_512,empty,0.0003284994512796
thatcher_62_str,pixelgen_512,empty,-0.0002207080088555
thatcher_63_str,pixelgen_512,empty,0.0001025177910923
thatcher_64_str,pixelgen_512,empty,0.0002813650853931
thatcher_65_str,pixelgen_512,empty,0.0006156125292181
thatcher_66_str,pixelgen_512,empty,-0.0004431227222085
thatcher_67_str,pixelgen_512,empty,0.0003352788463234
thatcher_68_str,pixelgen_512,empty,8.078522980213554e-05
thatcher_69_str,pixelgen_512,empty,-0.0001065469160676
thatcher_70_str,pixelgen_512,empty,0.0004183905385434
thatcher_71_str,pixelgen_512,empty,0.0003754109796136
thatcher_72_str,pixelgen_512,empty,0.0001091899722814
thatcher_73_str,pixelgen_512,empty,0.0003161078691482
thatcher_74_str,pixelgen_512,empty,-0.0001821512728929
thatcher_75_str,pixelgen_512,empty,0.0004746554233133
thatcher_76_str,pixelgen_512,empty,-9.556390345095284e-05
thatcher_77_str,pixelgen_512,empty,-1.3868212699885696e-05
thatcher_78_str,pixelgen_512,empty,-0.0001079120673239
thatcher_79_str,pixelgen_512,empty,2.2981930524107463e-05
thatcher_80_str,pixelgen_512,empty,0.0002211175113916
thatcher_81_str,pixelgen_512,empty,7.950518280266938e-05
thatcher_82_str,pixelgen_512,empty,-5.624994635580749e-05
thatcher_83_str,pixelgen_512,empty,0.0004882697202265
thatcher_84_str,pixelgen_512,empty,0.0003356103226542
thatcher_85_str,pixelgen_512,empty,0.0001804157160222
thatcher_86_str,pixelgen_512,empty,0.0002017896622419
thatcher_87_str,pixelgen_512,empty,-0.0001056385133415
thatcher_88_str,pixelgen_512,empty,0.0001552449353039
thatcher_89_str,pixelgen_512,empty,0.0002668250538408
thatcher_90_str,pixelgen_512,empty,5.5054035037749305e-05
thatcher_91_str,pixelgen_512,empty,-0.0001366272009909
thatcher_92_str,pixelgen_512,empty,0.0002248138934373
thatcher_93_str,pixelgen_512,empty,0.0004244995489716
thatcher_94_str,pixelgen_512,empty,0.0005427887849509
thatcher_95_str,pixelgen_512,empty,5.621418356895058e-05
thatcher_96_str,pixelgen_512,empty,-0.0001612509135156
thatcher_97_str,pixelgen_512,empty,0.0003412750922143
thatcher_98_str,pixelgen_512,empty,8.337641134857632e-05
thatcher_99_str,pixelgen_512,empty,9.898602962495062e-05
thatcher_100_str,pixelgen_512,empty,0.0005237600579857
thatcher_101_str,pixelgen_512,empty,0.0002490435913205
thatcher_102_str,pixelgen_512,empty,0.0004475104808807
thatcher_103_str,pixelgen_512,empty,0.0004737048409879
thatcher_104_str,pixelgen_512,empty,5.961861461387108e-06
thatcher_105_str,pixelgen_512,empty,0.0002699020132422
thatcher_106_str,pixelgen_512,empty,-5.9848921373485686e-05
thatcher_107_str,pixelgen_512,empty,7.301207631828233e-05
thatcher_108_str,pixelgen_512,empty,0.00017497966066
thatcher_109_str,pixelgen_512,empty,-0.0002380864322185
thatcher_110_str,pixelgen_512,empty,3.969486802815614e-05
thatcher_111_str,pixelgen_512,empty,0.000204418906942
thatcher_112_str,pixelgen_512,empty,0.000233788806945
thatcher_113_str,pixelgen_512,empty,4.929805174469504e-05
thatcher_114_str,pixelgen_512,empty,3.99699434636136e-06
thatcher_115_str,pixelgen_512,empty,-4.6070255339134e-05
thatcher_116_str,pixelgen_512,empty,0.0002003434114158
thatcher_117_str,pixelgen_512,empty,0.0005169350095093
thatcher_118_str,pixelgen_512,empty,0.00011897880584
thatcher_119_str,pixelgen_512,empty,1.9456502050180235e-05
thatcher_120_str,pixelgen_512,empty,0.0003447216749191
thatcher_121_str,pixelgen_512,empty,0.0004634655918926
thatcher_122_str,pixelgen_512,empty,-5.889633670450034e-05
thatcher_123_str,pixelgen_512,empty,-0.0007391997799277
thatcher_124_str,pixelgen_512,empty,0.000201889052987
thatcher_125_str,pixelgen_512,empty,0.0002687988243997
thatcher_126_str,pixelgen_512,empty,3.647839650512685e-05
thatcher_127_str,pixelgen_512,empty,-0.0003115039132535
thatcher_128_str,pixelgen_512,empty,-1.4315117150526246e-05
thatcher_129_str,pixelgen_512,empty,0.000123917274177
thatcher_130_str,pixelgen_512,empty,0.0001656102668493
thatcher_131_str,pixelgen_512,empty,0.0001279907114803
thatcher_132_str,pixelgen_512,empty,-7.787788286804653e-05
thatcher_133_str,pixelgen_512,empty,-0.000203767940402
thatcher_134_str,pixelgen_512,empty,0.0001504474505782
thatcher_135_str,pixelgen_512,empty,-0.000203254930675
thatcher_136_str,pixelgen_512,empty,0.0003111745230853
thatcher_137_str,pixelgen_512,empty,-5.607036873700455e-05
thatcher_138_str,pixelgen_512,empty,0.00052020592615
thatcher_139_str,pixelgen_512,empty,0.0003071629256009
thatcher_0_inv,pixelgen_512,empty,-0.000202502971515
thatcher_1_inv,pixelgen_512,empty,-0.0004457792639732
thatcher_2_inv,pixelgen_512,empty,-0.0004231552593409
thatcher_3_inv,pixelgen_512,empty,7.693378254770844e-05
thatcher_4_inv,pixelgen_512,empty,7.745694369076794e-05
thatcher_5_inv,pixelgen_512,empty,2.0589455962213843e-05
thatcher_6_inv,pixelgen_512,empty,-0.000264088185504
thatcher_7_inv,pixelgen_512,empty,-0.0004969136975705
thatcher_8_inv,pixelgen_512,empty,-0.0003698015399277
thatcher_9_inv,pixelgen_512,empty,-1.463232561947636e-05
thatcher_10_inv,pixelgen_512,empty,-7.710874080656127e-05
thatcher_11_inv,pixelgen_512,empty,-5.602892488229538e-06
thatcher_12_inv,pixelgen_512,empty,-0.0001504876650869
thatcher_13_inv,pixelgen_512,empty,-0.0006551904231309
thatcher_14_inv,pixelgen_512,empty,-5.8367680758245055e-05
thatcher_15_inv,pixelgen_512,empty,-0.0003598522208631
thatcher_16_inv,pixelgen_512,empty,-0.0008963214047252
thatcher_17_inv,pixelgen_512,empty,3.881016746162813e-05
thatcher_18_inv,pixelgen_512,empty,7.124321535229017e-05
thatcher_19_inv,pixelgen_512,empty,0.0002282580733299
thatcher_20_inv,pixelgen_512,empty,0.0002558287419378
thatcher_21_inv,pixelgen_512,empty,-0.0002662546187639
thatcher_22_inv,pixelgen_512,empty,-0.0001690685003995
thatcher_23_inv,pixelgen_512,empty,-0.0003834394738078
thatcher_24_inv,pixelgen_512,empty,-0.0003586257621645
thatcher_25_inv,pixelgen_512,empty,-0.0001834620162844
thatcher_26_inv,pixelgen_512,empty,-0.0004629752412438
thatcher_27_inv,pixelgen_512,empty,-0.0002124709635973
thatcher_28_inv,pixelgen_512,empty,-0.0001191243529319
thatcher_29_inv,pixelgen_512,empty,-2.186788246035659e-05
thatcher_30_inv,pixelgen_512,empty,-0.000119686871767
thatcher_31_inv,pixelgen_512,empty,-0.0002907707728445
thatcher_32_inv,pixelgen_512,empty,-1.4676712453365326e-05
thatcher_33_inv,pixelgen_512,empty,0.0004809265304356
thatcher_34_inv,pixelgen_512,empty,-0.0002786500938236
thatcher_35_inv,pixelgen_512,empty,-0.0007949672639369
thatcher_36_inv,pixelgen_512,empty,0.0003037953004241
thatcher_37_inv,pixelgen_512,empty,-0.0007829320989549
thatcher_38_inv,pixelgen_512,empty,7.18321278690981e-05
thatcher_39_inv,pixelgen_512,empty,-0.0003384892642497
thatcher_40_inv,pixelgen_512,empty,-0.0007657060027122
thatcher_41_inv,pixelgen_512,empty,4.715919494627241e-05
thatcher_42_inv,pixelgen_512,empty,-0.0006310351099818
thatcher_43_inv,pixelgen_512,empty,-0.000173396654427
thatcher_44_inv,pixelgen_512,empty,-8.756039664148396e-05
thatcher_45_inv,pixelgen_512,empty,-0.0003069587051868
thatcher_46_inv,pixelgen_512,empty,-0.0001750025525689
thatcher_47_inv,pixelgen_512,empty,-5.085928365586301e-05
thatcher_48_inv,pixelgen_512,empty,-0.000114032048732
thatcher_49_inv,pixelgen_512,empty,-0.0001294935308396
thatcher_50_inv,pixelgen_512,empty,-0.0002818365395069
thatcher_51_inv,pixelgen_512,empty,6.184477359057194e-05
thatcher_52_inv,pixelgen_512,empty,-0.0001078690309077
thatcher_53_inv,pixelgen_512,empty,-0.0009154034405946
thatcher_54_inv,pixelgen_512,empty,-0.0003153984248638
thatcher_55_inv,pixelgen_512,empty,-0.0003723683208227
thatcher_56_inv,pixelgen_512,empty,-0.0008323721960186
thatcher_57_inv,pixelgen_512,empty,0.0005502282828092
thatcher_58_inv,pixelgen_512,empty,6.293620914221698e-05
thatcher_59_inv,pixelgen_512,empty,0.0003836316615343
thatcher_60_inv,pixelgen_512,empty,-0.0003039801865816
thatcher_61_inv,pixelgen_512,empty,-9.168235585092777e-05
thatcher_62_inv,pixelgen_512,empty,-0.0001373047567903
thatcher_63_inv,pixelgen_512,empty,3.3745151013134245e-05
thatcher_64_inv,pixelgen_512,empty,2.7106348425148807e-05
thatcher_65_inv,pixelgen_512,empty,-1.535346731543208e-05
thatcher_66_inv,pixelgen_512,empty,-0.0006926546990871
thatcher_67_inv,pixelgen_512,empty,-0.000526696909219
thatcher_68_inv,pixelgen_512,empty,-0.0004436799511313
thatcher_69_inv,pixelgen_512,empty,-0.0006318401545286
thatcher_70_inv,pixelgen_512,empty,0.0002472599782049
thatcher_71_inv,pixelgen_512,empty,-0.0002410128433257
thatcher_72_inv,pixelgen_512,empty,-0.0003553578443825
thatcher_73_inv,pixelgen_512,empty,1.0795220732676136e-05
thatcher_74_inv,pixelgen_512,empty,-0.0004656655527651
thatcher_75_inv,pixelgen_512,empty,-2.748018130660501e-05
thatcher_76_inv,pixelgen_512,empty,-0.0003185527212917
thatcher_77_inv,pixelgen_512,empty,-0.0003502904251217
thatcher_78_inv,pixelgen_512,empty,-0.0003934451006352
thatcher_79_inv,pixelgen_512,empty,1.86639837920638e-05
thatcher_80_inv,pixelgen_512,empty,-0.0001392913423478
thatcher_81_inv,pixelgen_512,empty,-0.0006021234765648
thatcher_82_inv,pixelgen_512,empty,-0.0002460556663572
thatcher_83_inv,pixelgen_512,empty,-0.0004030561074614
thatcher_84_inv,pixelgen_512,empty,-0.0001382094062864
thatcher_85_inv,pixelgen_512,empty,-0.0001808725111186
thatcher_86_inv,pixelgen_512,empty,0.000135863404721
thatcher_87_inv,pixelgen_512,empty,-0.0002925507444888
thatcher_88_inv,pixelgen_512,empty,-0.000395679436624
thatcher_89_inv,pixelgen_512,empty,-0.0003749751392752
thatcher_90_inv,pixelgen_512,empty,-0.0002757094241678
thatcher_91_inv,pixelgen_512,empty,-0.0001100493222475
thatcher_92_inv,pixelgen_512,empty,2.7374476194386155e-05
thatcher_93_inv,pixelgen_512,empty,-0.0001089894212782
thatcher_94_inv,pixelgen_512,empty,-0.0001191109139472
thatcher_95_inv,pixelgen_512,empty,-0.000119108762592
thatcher_96_inv,pixelgen_512,empty,-0.0001409738417714
thatcher_97_inv,pixelgen_512,empty,0.0003253884986042
thatcher_98_inv,pixelgen_512,empty,-0.0003327038325369
thatcher_99_inv,pixelgen_512,empty,-8.903399109838617e-05
thatcher_100_inv,pixelgen_512,empty,0.0004455363191664
thatcher_101_inv,pixelgen_512,empty,-2.8711706399932316e-05
thatcher_102_inv,pixelgen_512,empty,0.000428037494421
thatcher_103_inv,pixelgen_512,empty,-0.0006064924411475
thatcher_104_inv,pixelgen_512,empty,-7.75681249797211e-05
thatcher_105_inv,pixelgen_512,empty,-7.979992777110145e-05
thatcher_106_inv,pixelgen_512,empty,-0.0001310485322028
thatcher_107_inv,pixelgen_512,empty,-0.0002089811116456
thatcher_108_inv,pixelgen_512,empty,1.844640821217769e-05
thatcher_109_inv,pixelgen_512,empty,-0.0006894830614328
thatcher_110_inv,pixelgen_512,empty,-0.0001823957636952
thatcher_111_inv,pixelgen_512,empty,-0.0002677129115909
thatcher_112_inv,pixelgen_512,empty,-0.0004539995267987
thatcher_113_inv,pixelgen_512,empty,-0.000809714384377
thatcher_114_inv,pixelgen_512,empty,-0.0003367747925221
thatcher_115_inv,pixelgen_512,empty,-0.0002784744277596
thatcher_116_inv,pixelgen_512,empty,-0.0001225834153592
thatcher_117_inv,pixelgen_512,empty,0.0005653765238821
thatcher_118_inv,pixelgen_512,empty,-0.0002188213728368
thatcher_119_inv,pixelgen_512,empty,-0.0001432859897613
thatcher_120_inv,pixelgen_512,empty,-5.013482645153944e-05
thatcher_121_inv,pixelgen_512,empty,0.0002481281384825
thatcher_122_inv,pixelgen_512,empty,0.0003458905778825
thatcher_123_inv,pixelgen_512,empty,-0.0019426345452666
thatcher_124_inv,pixelgen_512,empty,-1.3343077152963567e-05
thatcher_125_inv,pixelgen_512,empty,-0.0001428094413131
thatcher_126_inv,pixelgen_512,empty,-0.0002255722321569
thatcher_127_inv,pixelgen_512,empty,-0.0004610347189009
thatcher_128_inv,pixelgen_512,empty,-0.0003066169656813
thatcher_129_inv,pixelgen_512,empty,-0.0003463015705346
thatcher_130_inv,pixelgen_512,empty,4.603365436198215e-05
thatcher_131_inv,pixelgen_512,empty,0.0002285787090659
thatcher_132_inv,pixelgen_512,empty,-4.832740873099428e-05
thatcher_133_inv,pixelgen_512,empty,0.0002907467260956
thatcher_134_inv,pixelgen_512,empty,5.349300801753276e-05
thatcher_135_inv,pixelgen_512,empty,-0.0005413204990327
thatcher_136_inv,pixelgen_512,empty,6.181972101332311e-05
thatcher_137_inv,pixelgen_512,empty,-0.0001012499071657
thatcher_138_inv,pixelgen_512,empty,0.000154558494687
thatcher_139_inv,pixelgen_512,empty,-0.0001915369182825
thatcher_0_str,pixelgen_512,conditional,-0.0001583635620772
thatcher_1_str,pixelgen_512,conditional,0.0003592472150921
thatcher_2_str,pixelgen_512,conditional,-0.0006955195218324
thatcher_3_str,pixelgen_512,conditional,0.00027433661744
thatcher_4_str,pixelgen_512,conditional,2.9244981706158524e-05
thatcher_5_str,pixelgen_512,conditional,0.0002714581787586
thatcher_6_str,pixelgen_512,conditional,-0.0001148877106606
thatcher_7_str,pixelgen_512,conditional,0.0004774192534386
thatcher_8_str,pixelgen_512,conditional,-0.0001369154825806
thatcher_9_str,pixelgen_512,conditional,0.000263341050595
thatcher_10_str,pixelgen_512,conditional,0.000158880483359
thatcher_11_str,pixelgen_512,conditional,0.0004408770240843
thatcher_12_str,pixelgen_512,conditional,1.63745135069171e-06
thatcher_13_str,pixelgen_512,conditional,0.0001008457131683
thatcher_14_str,pixelgen_512,conditional,-9.796403348445726e-05
thatcher_15_str,pixelgen_512,conditional,0.0003756200335919
thatcher_16_str,pixelgen_512,conditional,-0.0002383523806929
thatcher_17_str,pixelgen_512,conditional,1.6806758940210442e-05
thatcher_18_str,pixelgen_512,conditional,0.0001678669266402
thatcher_19_str,pixelgen_512,conditional,0.0006458549946546
thatcher_20_str,pixelgen_512,conditional,0.0006166064180433
thatcher_21_str,pixelgen_512,conditional,-0.0004612809047102
thatcher_22_str,pixelgen_512,conditional,0.0006422586925327
thatcher_23_str,pixelgen_512,conditional,-0.0001529849693179
thatcher_24_str,pixelgen_512,conditional,8.085353299976117e-05
thatcher_25_str,pixelgen_512,conditional,0.0005593071132898
thatcher_26_str,pixelgen_512,conditional,0.0002994140051305
thatcher_27_str,pixelgen_512,conditional,0.0001249071024358
thatcher_28_str,pixelgen_512,conditional,7.164563983677597e-05
thatcher_29_str,pixelgen_512,conditional,3.6554355174300834e-05
thatcher_30_str,pixelgen_512,conditional,4.830025136470795e-05
thatcher_31_str,pixelgen_512,conditional,0.0004330750741064
thatcher_32_str,pixelgen_512,conditional,0.0001916113495826
thatcher_33_str,pixelgen_512,conditional,0.0004756628163158
thatcher_34_str,pixelgen_512,conditional,0.0002658402360975
thatcher_35_str,pixelgen_512,conditional,0.000115694925189
thatcher_36_str,pixelgen_512,conditional,0.0004528230428695
thatcher_37_str,pixelgen_512,conditional,-0.0004601317085325
thatcher_38_str,pixelgen_512,conditional,0.0001412615552544
thatcher_39_str,pixelgen_512,conditional,-0.00036340450868
thatcher_40_str,pixelgen_512,conditional,-0.0001514373347163
thatcher_41_str,pixelgen_512,conditional,0.0002042848058044
thatcher_42_str,pixelgen_512,conditional,-8.393039926885004e-05
thatcher_43_str,pixelgen_512,conditional,-9.493786841631437e-05
thatcher_44_str,pixelgen_512,conditional,0.0003244607895612
thatcher_45_str,pixelgen_512,conditional,0.0005493838153779
thatcher_46_str,pixelgen_512,conditional,0.0003258587419986
thatcher_47_str,pixelgen_512,conditional,9.764373302460772e-05
thatcher_48_str,pixelgen_512,conditional,-7.73227773606805e-05
thatcher_49_str,pixelgen_512,conditional,-0.0001769034005701
thatcher_50_str,pixelgen_512,conditional,6.742598488926332e-05
thatcher_51_str,pixelgen_512,conditional,0.000417095310986
thatcher_52_str,pixelgen_512,conditional,0.000287304483354
thatcher_53_str,pixelgen_512,conditional,-3.1633302569611388e-06
thatcher_54_str,pixelgen_512,conditional,-0.0002966465055942
thatcher_55_str,pixelgen_512,conditional,-0.0002194767259061
thatcher_56_str,pixelgen_512,conditional,5.426224321128381e-05
thatcher_57_str,pixelgen_512,conditional,0.0007361829653382
thatcher_58_str,pixelgen_512,conditional,-0.0001720240153372
thatcher_59_str,pixelgen_512,conditional,0.0004977212846278
thatcher_60_str,pixelgen_512,conditional,-7.335009053348329e-05
thatcher_61_str,pixelgen_512,conditional,0.0004547582566738
thatcher_62_str,pixelgen_512,conditional,-0.0003722358494997
thatcher_63_str,pixelgen_512,conditional,-1.6002748161561553e-05
thatcher_64_str,pixelgen_512,conditional,0.000211632978171
thatcher_65_str,pixelgen_512,conditional,0.0006661423668265
thatcher_66_str,pixelgen_512,conditional,-0.0008225454762578
thatcher_67_str,pixelgen_512,conditional,0.0003469103015959
thatcher_68_str,pixelgen_512,conditional,8.392509073019971e-05
thatcher_69_str,pixelgen_512,conditional,-0.0002206572890281
thatcher_70_str,pixelgen_512,conditional,0.0001059392094612
thatcher_71_str,pixelgen_512,conditional,0.0005393211916088
thatcher_72_str,pixelgen_512,conditional,3.922596573829873e-05
thatcher_73_str,pixelgen_512,conditional,0.0002440453320741
thatcher_74_str,pixelgen_512,conditional,-7.2976611554601e-05
thatcher_75_str,pixelgen_512,conditional,0.0005067124776542
thatcher_76_str,pixelgen_512,conditional,0.0001889561116695
thatcher_77_str,pixelgen_512,conditional,-0.0003623711317777
thatcher_78_str,pixelgen_512,conditional,-2.198677510024949e-05
thatcher_79_str,pixelgen_512,conditional,-3.6952085793046097e-06
thatcher_80_str,pixelgen_512,conditional,7.064634934068198e-05
thatcher_81_str,pixelgen_512,conditional,0.0001646090485155
thatcher_82_str,pixelgen_512,conditional,-6.7328009754411e-05
thatcher_83_str,pixelgen_512,conditional,0.000733079612255
thatcher_84_str,pixelgen_512,conditional,0.000571095496416
thatcher_85_str,pixelgen_512,conditional,0.0002644162625074
thatcher_86_str,pixelgen_512,conditional,-6.624888628750658e-06
thatcher_87_str,pixelgen_512,conditional,-0.0003293946571648
thatcher_88_str,pixelgen_512,conditional,0.0001011362299322
thatcher_89_str,pixelgen_512,conditional,0.0002830544672906
thatcher_90_str,pixelgen_512,conditional,3.2842885702849545e-05
thatcher_91_str,pixelgen_512,conditional,-0.0002505483478307
thatcher_92_str,pixelgen_512,conditional,0.0001189857907593
thatcher_93_str,pixelgen_512,conditional,0.0002936391159892
thatcher_94_str,pixelgen_512,conditional,0.0006835099309682
thatcher_95_str,pixelgen_512,conditional,5.294483155011964e-05
thatcher_96_str,pixelgen_512,conditional,-0.0001064260117709
thatcher_97_str,pixelgen_512,conditional,0.0003538589552044
thatcher_98_str,pixelgen_512,conditional,0.0002603630535304
thatcher_99_str,pixelgen_512,conditional,6.629791110752958e-05
thatcher_100_str,pixelgen_512,conditional,0.000361175853759
thatcher_101_str,pixelgen_512,conditional,0.0002737410739064
thatcher_102_str,pixelgen_512,conditional,0.0005906481854617
thatcher_103_str,pixelgen_512,conditional,0.0001336561888456
thatcher_104_str,pixelgen_512,conditional,6.995772942897105e-05
thatcher_105_str,pixelgen_512,conditional,0.0001503479294478
thatcher_106_str,pixelgen_512,conditional,-0.0001390447933226
thatcher_107_str,pixelgen_512,conditional,-0.0001958944648504
thatcher_108_str,pixelgen_512,conditional,4.345905035733899e-05
thatcher_109_str,pixelgen_512,conditional,6.13854825496779e-05
thatcher_110_str,pixelgen_512,conditional,0.0001548740267753
thatcher_111_str,pixelgen_512,conditional,0.0001019166409969
thatcher_112_str,pixelgen_512,conditional,0.0001673853583634
thatcher_113_str,pixelgen_512,conditional,3.1312089413398914e-05
thatcher_114_str,pixelgen_512,conditional,-6.887856870889386e-05
thatcher_115_str,pixelgen_512,conditional,-0.0001908997446298
thatcher_116_str,pixelgen_512,conditional,0.0001263782009482
thatcher_117_str,pixelgen_512,conditional,0.0001529107615351
thatcher_118_str,pixelgen_512,conditional,0.0003143254294991
thatcher_119_str,pixelgen_512,conditional,-0.0001291952654719
thatcher_120_str,pixelgen_512,conditional,0.0004690347611904
thatcher_121_str,pixelgen_512,conditional,-2.636687830090412e-05
thatcher_122_str,pixelgen_512,conditional,-0.0001295350864529
thatcher_123_str,pixelgen_512,conditional,-0.0012105051800608
thatcher_124_str,pixelgen_512,conditional,0.0001597285643219
thatcher_125_str,pixelgen_512,conditional,0.000318584665656
thatcher_126_str,pixelgen_512,conditional,0.0002401384338736
thatcher_127_str,pixelgen_512,conditional,-0.0003349876962602
thatcher_128_str,pixelgen_512,conditional,3.971926867961384e-05
thatcher_129_str,pixelgen_512,conditional,0.0003478317894041
thatcher_130_str,pixelgen_512,conditional,7.76049308478799e-05
thatcher_131_str,pixelgen_512,conditional,0.0002423856407404
thatcher_132_str,pixelgen_512,conditional,-5.551762878894251e-05
thatcher_133_str,pixelgen_512,conditional,-0.0001883429661393
thatcher_134_str,pixelgen_512,conditional,0.0001567791216075
thatcher_135_str,pixelgen_512,conditional,-0.0003879211843013
thatcher_136_str,pixelgen_512,conditional,0.0001108572818338
thatcher_137_str,pixelgen_512,conditional,-6.538199260831823e-05
thatcher_138_str,pixelgen_512,conditional,0.0004911251738667
thatcher_139_str,pixelgen_512,conditional,0.0001501496508717
thatcher_0_inv,pixelgen_512,conditional,-0.0002088095620274
thatcher_1_inv,pixelgen_512,conditional,-0.0003808255121112
thatcher_2_inv,pixelgen_512,conditional,-0.0006737242266535
thatcher_3_inv,pixelgen_512,conditional,4.940848797559128e-05
thatcher_4_inv,pixelgen_512,conditional,-1.2657232582563571e-05
thatcher_5_inv,pixelgen_512,conditional,-0.000211949199438
thatcher_6_inv,pixelgen_512,conditional,-0.0001131113991141
thatcher_7_inv,pixelgen_512,conditional,-0.0004787356220185
thatcher_8_inv,pixelgen_512,conditional,-0.0002956263907253
thatcher_9_inv,pixelgen_512,conditional,-3.977084532380548e-05
thatcher_10_inv,pixelgen_512,conditional,-7.066359743473916e-05
thatcher_11_inv,pixelgen_512,conditional,8.42846930027008e-06
thatcher_12_inv,pixelgen_512,conditional,-7.586916908622343e-05
thatcher_13_inv,pixelgen_512,conditional,-0.0004850530065596
thatcher_14_inv,pixelgen_512,conditional,-3.42408567666902e-05
thatcher_15_inv,pixelgen_512,conditional,-0.0003003135696053
thatcher_16_inv,pixelgen_512,conditional,-0.0007848767377436
thatcher_17_inv,pixelgen_512,conditional,4.056924954055907e-05
thatcher_18_inv,pixelgen_512,conditional,3.10535356402436e-05
thatcher_19_inv,pixelgen_512,conditional,9.853400290012192e-05
thatcher_20_inv,pixelgen_512,conditional,0.0001731894724071
thatcher_21_inv,pixelgen_512,conditional,-0.0002928686141967
thatcher_22_inv,pixelgen_512,conditional,-0.0001576273329556
thatcher_23_inv,pixelgen_512,conditional,-0.0005129013583063
thatcher_24_inv,pixelgen_512,conditional,-0.0002851059846579
thatcher_25_inv,pixelgen_512,conditional,-7.34665617346808e-05
thatcher_26_inv,pixelgen_512,conditional,-0.0004641978442668
thatcher_27_inv,pixelgen_512,conditional,-0.0002565761096775
thatcher_28_inv,pixelgen_512,conditional,-4.9418807029744105e-05
thatcher_29_inv,pixelgen_512,conditional,-0.0001777756772935
thatcher_30_inv,pixelgen_512,conditional,0.0003409074991941
thatcher_31_inv,pixelgen_512,conditional,-0.0002563407644629
thatcher_32_inv,pixelgen_512,conditional,5.0717666745192513e-05
thatcher_33_inv,pixelgen_512,conditional,-0.0001388907246291
thatcher_34_inv,pixelgen_512,conditional,-0.0001236261241138
thatcher_35_inv,pixelgen_512,conditional,-0.0006681670621037
thatcher_36_inv,pixelgen_512,conditional,0.0001974792778492
thatcher_37_inv,pixelgen_512,conditional,-0.0010807951726019
thatcher_38_inv,pixelgen_512,conditional,-0.0003294325247406
thatcher_39_inv,pixelgen_512,conditional,-0.0004377795010805
thatcher_40_inv,pixelgen_512,conditional,-0.0006539285928011
thatcher_41_inv,pixelgen_512,conditional,4.147633910180082e-05
thatcher_42_inv,pixelgen_512,conditional,-0.0006233342178166
thatcher_43_inv,pixelgen_512,conditional,-0.0005326315388083
thatcher_44_inv,pixelgen_512,conditional,-0.0001750637963414
thatcher_45_inv,pixelgen_512,conditional,-0.000160088520497
thatcher_46_inv,pixelgen_512,conditional,-0.0001797694712877
thatcher_47_inv,pixelgen_512,conditional,-0.0001020942255854
thatcher_48_inv,pixelgen_512,conditional,-7.881050929427202e-05
thatcher_49_inv,pixelgen_512,conditional,-0.0001146158762276
thatcher_50_inv,pixelgen_512,conditional,-0.0004498226195573
thatcher_51_inv,pixelgen_512,conditional,-3.3691525458956484e-06
thatcher_52_inv,pixelgen_512,conditional,-0.0002086000889539
thatcher_53_inv,pixelgen_512,conditional,-0.0007370928488671
thatcher_54_inv,pixelgen_512,conditional,-0.000615644454956
thatcher_55_inv,pixelgen_512,conditional,-0.000553490165621
thatcher_56_inv,pixelgen_512,conditional,-0.0006716263666749
thatcher_57_inv,pixelgen_512,conditional,0.0004994902573526
thatcher_58_inv,pixelgen_512,conditional,-0.0002456088364124
thatcher_59_inv,pixelgen_512,conditional,0.0001066868193447
thatcher_60_inv,pixelgen_512,conditional,-0.0002832379005849
thatcher_61_inv,pixelgen_512,conditional,-6.96756131947085e-05
thatcher_62_inv,pixelgen_512,conditional,-0.0001667430438101
thatcher_63_inv,pixelgen_512,conditional,-0.0001145814172923
thatcher_64_inv,pixelgen_512,conditional,-0.0001159720867872
thatcher_65_inv,pixelgen_512,conditional,1.5296787023555414e-05
thatcher_66_inv,pixelgen_512,conditional,-0.0008465308696031
thatcher_67_inv,pixelgen_512,conditional,-0.000615882333368
thatcher_68_inv,pixelgen_512,conditional,-0.0003157494403421
thatcher_69_inv,pixelgen_512,conditional,-0.00073221988976
thatcher_70_inv,pixelgen_512,conditional,4.408895969391924e-05
thatcher_71_inv,pixelgen_512,conditional,-0.0001762416400015
thatcher_72_inv,pixelgen_512,conditional,-0.0002940615452826
thatcher_73_inv,pixelgen_512,conditional,-7.328931242228665e-05
thatcher_74_inv,pixelgen_512,conditional,-0.0003945257142186
thatcher_75_inv,pixelgen_512,conditional,-0.0001039813831448
thatcher_76_inv,pixelgen_512,conditional,-0.0003992741741239
thatcher_77_inv,pixelgen_512,conditional,-0.0003783841058611
thatcher_78_inv,pixelgen_512,conditional,-0.0001932982355356
thatcher_79_inv,pixelgen_512,conditional,-0.0001317235641181
thatcher_80_inv,pixelgen_512,conditional,-0.0002611996233463
thatcher_81_inv,pixelgen_512,conditional,-0.0003127202019095
thatcher_82_inv,pixelgen_512,conditional,-0.0003475264646113
thatcher_83_inv,pixelgen_512,conditional,-0.0003649481199681
thatcher_84_inv,pixelgen_512,conditional,-1.276455819607114e-05
thatcher_85_inv,pixelgen_512,conditional,-0.0001989027112722
thatcher_86_inv,pixelgen_512,conditional,-9.61074419319613e-05
thatcher_87_inv,pixelgen_512,conditional,-0.0003202157281339
thatcher_88_inv,pixelgen_512,conditional,-0.0002485912851989
thatcher_89_inv,pixelgen_512,conditional,-0.0004137292131781
thatcher_90_inv,pixelgen_512,conditional,-0.0003875197097659
thatcher_91_inv,pixelgen_512,conditional,-0.0003443064726889
thatcher_92_inv,pixelgen_512,conditional,-1.2714564800252182e-05
thatcher_93_inv,pixelgen_512,conditional,-0.0002257173508405
thatcher_94_inv,pixelgen_512,conditional,0.0001009602099657
thatcher_95_inv,pixelgen_512,conditional,-0.0001214828714728
thatcher_96_inv,pixelgen_512,conditional,-0.0002291375771164
thatcher_97_inv,pixelgen_512,conditional,-8.378179743888381e-05
thatcher_98_inv,pixelgen_512,conditional,-0.0004175509139895
thatcher_99_inv,pixelgen_512,conditional,5.641002207998347e-06
thatcher_100_inv,pixelgen_512,conditional,9.523117914796152e-05
thatcher_101_inv,pixelgen_512,conditional,-0.0001086522825062
thatcher_102_inv,pixelgen_512,conditional,0.0002657741121947
thatcher_103_inv,pixelgen_512,conditional,-0.0002076834253966
thatcher_104_inv,pixelgen_512,conditional,-0.0001039224117994
thatcher_105_inv,pixelgen_512,conditional,-0.0001605245471
thatcher_106_inv,pixelgen_512,conditional,-5.215076729655349e-05
thatcher_107_inv,pixelgen_512,conditional,-9.821701794862636e-05
thatcher_108_inv,pixelgen_512,conditional,-4.120040684940651e-05
thatcher_109_inv,pixelgen_512,conditional,-0.0008342968299984
thatcher_110_inv,pixelgen_512,conditional,-0.0002179730683565
thatcher_111_inv,pixelgen_512,conditional,-0.0003675529919564
thatcher_112_inv,pixelgen_512,conditional,-0.0005909615010023
thatcher_113_inv,pixelgen_512,conditional,-0.0007428121007979
thatcher_114_inv,pixelgen_512,conditional,-0.000501040238887
thatcher_115_inv,pixelgen_512,conditional,-0.0001132718473672
thatcher_116_inv,pixelgen_512,conditional,-0.000211857073009
thatcher_117_inv,pixelgen_512,conditional,0.0002429173700511
thatcher_118_inv,pixelgen_512,conditional,-0.0002229265682399
thatcher_119_inv,pixelgen_512,conditional,-0.000209880452603
thatcher_120_inv,pixelgen_512,conditional,-7.099851965904069e-05
thatcher_121_inv,pixelgen_512,conditional,0.0002385356090962
thatcher_122_inv,pixelgen_512,conditional,-0.0003760453127324
thatcher_123_inv,pixelgen_512,conditional,-0.001661922596395
thatcher_124_inv,pixelgen_512,conditional,-0.0003005660697817
thatcher_125_inv,pixelgen_512,conditional,-8.429130539297502e-05
thatcher_126_inv,pixelgen_512,conditional,-0.0001383399777114
thatcher_127_inv,pixelgen_512,conditional,-0.0003401954658329
thatcher_128_inv,pixelgen_512,conditional,-0.0004659147374331
thatcher_129_inv,pixelgen_512,conditional,-0.0003148555196821
thatcher_130_inv,pixelgen_512,conditional,-9.76967625320041e-05
thatcher_131_inv,pixelgen_512,conditional,0.0001937039941549
thatcher_132_inv,pixelgen_512,conditional,-0.0002426476217806
thatcher_133_inv,pixelgen_512,conditional,-0.0001484835520386
thatcher_134_inv,pixelgen_512,conditional,-0.0001560102403163
thatcher_135_inv,pixelgen_512,conditional,-0.0004395439103245
thatcher_136_inv,pixelgen_512,conditional,-9.484913200141776e-05
thatcher_137_inv,pixelgen_512,conditional,-0.0002542545460164
thatcher_138_inv,pixelgen_512,conditional,0.0001541109010577
thatcher_139_inv,pixelgen_512,conditional,-0.0002784526348114
thatcher_0_str,wan21_1_3b,empty,0.0005329141020775
thatcher_1_str,wan21_1_3b,empty,0.0008674238622188
thatcher_2_str,wan21_1_3b,empty,0.0005577275902033
thatcher_3_str,wan21_1_3b,empty,0.0006364079564809
thatcher_4_str,wan21_1_3b,empty,0.0009293250739574
thatcher_5_str,wan21_1_3b,empty,0.0009971129149198
thatcher_6_str,wan21_1_3b,empty,0.0007291799783706
thatcher_7_str,wan21_1_3b,empty,0.0010749633982777
thatcher_8_str,wan21_1_3b,empty,0.0018756555765867
thatcher_9_str,wan21_1_3b,empty,0.0007038903981447
thatcher_10_str,wan21_1_3b,empty,0.0008840029686689
thatcher_11_str,wan21_1_3b,empty,0.001219887137413
thatcher_12_str,wan21_1_3b,empty,0.0003809186071157
thatcher_13_str,wan21_1_3b,empty,0.0009391109645366
thatcher_14_str,wan21_1_3b,empty,0.0004700193554162
thatcher_15_str,wan21_1_3b,empty,0.0008160106092691
thatcher_16_str,wan21_1_3b,empty,0.0009451881051063
thatcher_17_str,wan21_1_3b,empty,0.0009110724180936
thatcher_18_str,wan21_1_3b,empty,0.0011469078809022
thatcher_19_str,wan21_1_3b,empty,0.0017779254168271
thatcher_20_str,wan21_1_3b,empty,0.0006768646836281
thatcher_21_str,wan21_1_3b,empty,0.0017495264112949
thatcher_22_str,wan21_1_3b,empty,0.001682354286313
thatcher_23_str,wan21_1_3b,empty,0.0006656721234321
thatcher_24_str,wan21_1_3b,empty,0.0009859465062618
thatcher_25_str,wan21_1_3b,empty,0.0012288542836904
thatcher_26_str,wan21_1_3b,empty,0.0011723408102989
thatcher_27_str,wan21_1_3b,empty,0.0009215538203716
thatcher_28_str,wan21_1_3b,empty,0.001225244551897
thatcher_29_str,wan21_1_3b,empty,0.000854128152132
thatcher_30_str,wan21_1_3b,empty,0.0005802721530198
thatcher_31_str,wan21_1_3b,empty,0.0015271129459142
thatcher_32_str,wan21_1_3b,empty,0.0008795648068189
thatcher_33_str,wan21_1_3b,empty,0.0014648400992154
thatcher_34_str,wan21_1_3b,empty,0.0012583243846893
thatcher_35_str,wan21_1_3b,empty,0.0016514424979686
thatcher_36_str,wan21_1_3b,empty,0.0015632310509681
thatcher_37_str,wan21_1_3b,empty,0.0016571624577045
thatcher_38_str,wan21_1_3b,empty,0.0014224343001842
thatcher_39_str,wan21_1_3b,empty,0.0008268044143915
thatcher_40_str,wan21_1_3b,empty,0.0014876209944486
thatcher_41_str,wan21_1_3b,empty,0.0008168552070856
thatcher_42_str,wan21_1_3b,empty,0.0011259716004133
thatcher_43_str,wan21_1_3b,empty,0.0011033552139997
thatcher_44_str,wan21_1_3b,empty,0.0011966460198163
thatcher_45_str,wan21_1_3b,empty,0.0012232939153909
thatcher_46_str,wan21_1_3b,empty,0.0008869334310292
thatcher_47_str,wan21_1_3b,empty,0.0010369694977998
thatcher_48_str,wan21_1_3b,empty,0.0008041477203369
thatcher_49_str,wan21_1_3b,empty,0.0005276244878768
thatcher_50_str,wan21_1_3b,empty,0.0010072945803404
thatcher_51_str,wan21_1_3b,empty,0.0012034394592046
thatcher_52_str,wan21_1_3b,empty,0.0007069984078407
thatcher_53_str,wan21_1_3b,empty,0.0011596008017659
thatcher_54_str,wan21_1_3b,empty,0.0007482891529798
thatcher_55_str,wan21_1_3b,empty,0.0007767625898122
thatcher_56_str,wan21_1_3b,empty,0.0012292100489139
thatcher_57_str,wan21_1_3b,empty,0.0011876527965069
thatcher_58_str,wan21_1_3b,empty,0.0004954190552234
thatcher_59_str,wan21_1_3b,empty,0.0009673873335122
thatcher_60_str,wan21_1_3b,empty,0.0008685302734374
thatcher_61_str,wan21_1_3b,empty,0.0008064301311969
thatcher_62_str,wan21_1_3b,empty,0.0016357143968343
thatcher_63_str,wan21_1_3b,empty,0.0007222232967614
thatcher_64_str,wan21_1_3b,empty,0.0010405942797661
thatcher_65_str,wan21_1_3b,empty,0.0007912196218967
thatcher_66_str,wan21_1_3b,empty,0.0006257130950689
thatcher_67_str,wan21_1_3b,empty,0.0013873643428087
thatcher_68_str,wan21_1_3b,empty,0.0014263568818568
thatcher_69_str,wan21_1_3b,empty,0.0011383184790611
thatcher_70_str,wan21_1_3b,empty,0.0015133975446224
thatcher_71_str,wan21_1_3b,empty,0.0010216745734214
thatcher_72_str,wan21_1_3b,empty,0.0009379084408283
thatcher_73_str,wan21_1_3b,empty,0.0013117416203022
thatcher_74_str,wan21_1_3b,empty,0.0008379497379064
thatcher_75_str,wan21_1_3b,empty,0.0011920254677534
thatcher_76_str,wan21_1_3b,empty,0.0008960739523172
thatcher_77_str,wan21_1_3b,empty,0.0008230730891227
thatcher_78_str,wan21_1_3b,empty,0.0004817419499158
thatcher_79_str,wan21_1_3b,empty,0.0007786886394023
thatcher_80_str,wan21_1_3b,empty,0.0015300792455673
thatcher_81_str,wan21_1_3b,empty,0.0008613747358322
thatcher_82_str,wan21_1_3b,empty,0.0015752147883176
thatcher_83_str,wan21_1_3b,empty,0.0014842314273119
thatcher_84_str,wan21_1_3b,empty,0.0008039127290248
thatcher_85_str,wan21_1_3b,empty,0.0006478728353977
thatcher_86_str,wan21_1_3b,empty,0.0008736664056777
thatcher_87_str,wan21_1_3b,empty,0.0006529913097619
thatcher_88_str,wan21_1_3b,empty,0.0009596280008554
thatcher_89_str,wan21_1_3b,empty,0.0016676053404807
thatcher_90_str,wan21_1_3b,empty,0.0009588082879781
thatcher_91_str,wan21_1_3b,empty,0.0005075815320015
thatcher_92_str,wan21_1_3b,empty,0.0006244863569736
thatcher_93_str,wan21_1_3b,empty,0.0012682825326919
thatcher_94_str,wan21_1_3b,empty,0.0015684786438942
thatcher_95_str,wan21_1_3b,empty,0.000591637417674
thatcher_96_str,wan21_1_3b,empty,0.0009210569411516
thatcher_97_str,wan21_1_3b,empty,0.0009529182314872
thatcher_98_str,wan21_1_3b,empty,0.0007765337452292
thatcher_99_str,wan21_1_3b,empty,0.0011771455407142
thatcher_100_str,wan21_1_3b,empty,0.0012191928178071
thatcher_101_str,wan21_1_3b,empty,0.0009209234267473
thatcher_102_str,wan21_1_3b,empty,0.0007805796712636
thatcher_103_str,wan21_1_3b,empty,0.0017039646208286
thatcher_104_str,wan21_1_3b,empty,0.0008242516219615
thatcher_105_str,wan21_1_3b,empty,0.0011548013985157
thatcher_106_str,wan21_1_3b,empty,0.0008283285051584
thatcher_107_str,wan21_1_3b,empty,0.0011858868598937
thatcher_108_str,wan21_1_3b,empty,0.0008070571720599
thatcher_109_str,wan21_1_3b,empty,0.0014602188766002
thatcher_110_str,wan21_1_3b,empty,0.0008114018291234
thatcher_111_str,wan21_1_3b,empty,0.000892997086048
thatcher_112_str,wan21_1_3b,empty,0.0012079186737537
thatcher_113_str,wan21_1_3b,empty,0.0013876387476921
thatcher_114_str,wan21_1_3b,empty,0.0007537920773029
thatcher_115_str,wan21_1_3b,empty,0.0007886600494384
thatcher_116_str,wan21_1_3b,empty,0.0007723056524991
thatcher_117_str,wan21_1_3b,empty,0.0015031599998474
thatcher_118_str,wan21_1_3b,empty,0.0006711746752261
thatcher_119_str,wan21_1_3b,empty,0.0006305119395255
thatcher_120_str,wan21_1_3b,empty,0.001465401276946
thatcher_121_str,wan21_1_3b,empty,0.0009600703418254
thatcher_122_str,wan21_1_3b,empty,0.0008431418985128
thatcher_123_str,wan21_1_3b,empty,0.0018969625979662
thatcher_124_str,wan21_1_3b,empty,0.0010007075220346
thatcher_125_str,wan21_1_3b,empty,0.001142763197422
thatcher_126_str,wan21_1_3b,empty,0.0010856283456087
thatcher_127_str,wan21_1_3b,empty,0.0005432002246379
thatcher_128_str,wan21_1_3b,empty,0.0008506573736667
thatcher_129_str,wan21_1_3b,empty,0.0008862400799989
thatcher_130_str,wan21_1_3b,empty,0.0005984903499484
thatcher_131_str,wan21_1_3b,empty,0.0013919429481029
thatcher_132_str,wan21_1_3b,empty,0.0004371600598096
thatcher_133_str,wan21_1_3b,empty,0.0006898655742406
thatcher_134_str,wan21_1_3b,empty,0.0006016008555889
thatcher_135_str,wan21_1_3b,empty,0.0009064394235611
thatcher_136_str,wan21_1_3b,empty,0.0011488830298185
thatcher_137_str,wan21_1_3b,empty,0.0003896394371986
thatcher_138_str,wan21_1_3b,empty,0.0008339067548513
thatcher_139_str,wan21_1_3b,empty,0.000743428915739
thatcher_0_inv,wan21_1_3b,empty,0.0002321253716945
thatcher_1_inv,wan21_1_3b,empty,0.0001347687840461
thatcher_2_inv,wan21_1_3b,empty,0.0002819935977458
thatcher_3_inv,wan21_1_3b,empty,0.0002900139987468
thatcher_4_inv,wan21_1_3b,empty,0.0003652872145176
thatcher_5_inv,wan21_1_3b,empty,0.0003932186216115
thatcher_6_inv,wan21_1_3b,empty,0.0005549826472997
thatcher_7_inv,wan21_1_3b,empty,0.0001522030681371
thatcher_8_inv,wan21_1_3b,empty,0.0005781054496765
thatcher_9_inv,wan21_1_3b,empty,0.0004370707273483
thatcher_10_inv,wan21_1_3b,empty,0.0003141087293624
thatcher_11_inv,wan21_1_3b,empty,0.0004045304656029
thatcher_12_inv,wan21_1_3b,empty,0.0001250790804624
thatcher_13_inv,wan21_1_3b,empty,0.0003764417767524
thatcher_14_inv,wan21_1_3b,empty,0.0001340202242136
thatcher_15_inv,wan21_1_3b,empty,0.0004231376945972
thatcher_16_inv,wan21_1_3b,empty,0.0002784880250692
thatcher_17_inv,wan21_1_3b,empty,0.0002716317772865
thatcher_18_inv,wan21_1_3b,empty,0.0002988976985216
thatcher_19_inv,wan21_1_3b,empty,0.0006650648266076
thatcher_20_inv,wan21_1_3b,empty,0.000344647988677
thatcher_21_inv,wan21_1_3b,empty,0.0004069875925779
thatcher_22_inv,wan21_1_3b,empty,0.0003903693705797
thatcher_23_inv,wan21_1_3b,empty,0.0001434019953012
thatcher_24_inv,wan21_1_3b,empty,0.0003614530712366
thatcher_25_inv,wan21_1_3b,empty,0.0004778575897216
thatcher_26_inv,wan21_1_3b,empty,0.0004194818437099
thatcher_27_inv,wan21_1_3b,empty,0.0003628633916377
thatcher_28_inv,wan21_1_3b,empty,0.0004585474729538
thatcher_29_inv,wan21_1_3b,empty,0.0002963959425687
thatcher_30_inv,wan21_1_3b,empty,0.0002717597037553
thatcher_31_inv,wan21_1_3b,empty,0.0004518451541662
thatcher_32_inv,wan21_1_3b,empty,0.0005587886273861
thatcher_33_inv,wan21_1_3b,empty,0.0006838479638099
thatcher_34_inv,wan21_1_3b,empty,0.0005960276722907
thatcher_35_inv,wan21_1_3b,empty,0.0005274945497512
thatcher_36_inv,wan21_1_3b,empty,0.0004842382669448
thatcher_37_inv,wan21_1_3b,empty,0.0007480803132057
thatcher_38_inv,wan21_1_3b,empty,0.0005444931238889
thatcher_39_inv,wan21_1_3b,empty,0.0003598550707101
thatcher_40_inv,wan21_1_3b,empty,0.0004056467860936
thatcher_41_inv,wan21_1_3b,empty,0.0002693255245685
thatcher_42_inv,wan21_1_3b,empty,0.0003532863408327
thatcher_43_inv,wan21_1_3b,empty,0.0006001411378383
thatcher_44_inv,wan21_1_3b,empty,0.0006411231309175
thatcher_45_inv,wan21_1_3b,empty,0.0004048618674278
thatcher_46_inv,wan21_1_3b,empty,7.750757038596512e-05
thatcher_47_inv,wan21_1_3b,empty,0.0005770058184861
thatcher_48_inv,wan21_1_3b,empty,0.0003352520614862
thatcher_49_inv,wan21_1_3b,empty,0.0002872635424136
thatcher_50_inv,wan21_1_3b,empty,0.0004940673708915
thatcher_51_inv,wan21_1_3b,empty,0.0004444597661495
thatcher_52_inv,wan21_1_3b,empty,0.0003692519664764
thatcher_53_inv,wan21_1_3b,empty,0.0003523349389433
thatcher_54_inv,wan21_1_3b,empty,0.0001994185894727
thatcher_55_inv,wan21_1_3b,empty,0.0003411896526813
thatcher_56_inv,wan21_1_3b,empty,0.0004293623566627
thatcher_57_inv,wan21_1_3b,empty,0.000426467359066
thatcher_58_inv,wan21_1_3b,empty,0.0002362196892499
thatcher_59_inv,wan21_1_3b,empty,0.0002249861508608
thatcher_60_inv,wan21_1_3b,empty,0.0004846396297216
thatcher_61_inv,wan21_1_3b,empty,0.0004587566852569
thatcher_62_inv,wan21_1_3b,empty,0.00060575209558
thatcher_63_inv,wan21_1_3b,empty,0.0002509990334511
thatcher_64_inv,wan21_1_3b,empty,0.0002400544285773
thatcher_65_inv,wan21_1_3b,empty,0.0002319195121526
thatcher_66_inv,wan21_1_3b,empty,0.000170877277851
thatcher_67_inv,wan21_1_3b,empty,0.0004800778627395
thatcher_68_inv,wan21_1_3b,empty,0.0004556959122419
thatcher_69_inv,wan21_1_3b,empty,0.0005465279519557
thatcher_70_inv,wan21_1_3b,empty,0.0007613254338502
thatcher_71_inv,wan21_1_3b,empty,0.0004044553637504
thatcher_72_inv,wan21_1_3b,empty,0.000275642722845
thatcher_73_inv,wan21_1_3b,empty,0.0004969158023595
thatcher_74_inv,wan21_1_3b,empty,0.0002228416502475
thatcher_75_inv,wan21_1_3b,empty,0.0005076886713504
thatcher_76_inv,wan21_1_3b,empty,0.0002571297436952
thatcher_77_inv,wan21_1_3b,empty,0.0001313111931085
thatcher_78_inv,wan21_1_3b,empty,8.435085415839372e-05
thatcher_79_inv,wan21_1_3b,empty,0.0003666109591722
thatcher_80_inv,wan21_1_3b,empty,0.0006295033544301
thatcher_81_inv,wan21_1_3b,empty,0.0004262018203735
thatcher_82_inv,wan21_1_3b,empty,0.0005432308465242
thatcher_83_inv,wan21_1_3b,empty,0.0005457884073257
thatcher_84_inv,wan21_1_3b,empty,0.0001924670487642
thatcher_85_inv,wan21_1_3b,empty,0.000315213650465
thatcher_86_inv,wan21_1_3b,empty,0.0004326310008763
thatcher_87_inv,wan21_1_3b,empty,5.28611242771454e-05
thatcher_88_inv,wan21_1_3b,empty,0.0002402068674564
thatcher_89_inv,wan21_1_3b,empty,0.0006810011714696
thatcher_90_inv,wan21_1_3b,empty,0.0004452656209468
thatcher_91_inv,wan21_1_3b,empty,0.0002308438718318
thatcher_92_inv,wan21_1_3b,empty,0.0002160563319921
thatcher_93_inv,wan21_1_3b,empty,0.0004295994341373
thatcher_94_inv,wan21_1_3b,empty,0.0007602977752685
thatcher_95_inv,wan21_1_3b,empty,0.0002113334834575
thatcher_96_inv,wan21_1_3b,empty,0.0003107293695211
thatcher_97_inv,wan21_1_3b,empty,0.0003393260389566
thatcher_98_inv,wan21_1_3b,empty,0.0002660857141018
thatcher_99_inv,wan21_1_3b,empty,0.0004381527006626
thatcher_100_inv,wan21_1_3b,empty,0.0003735598176717
thatcher_101_inv,wan21_1_3b,empty,0.0003802966326475
thatcher_102_inv,wan21_1_3b,empty,0.0004617454111576
thatcher_103_inv,wan21_1_3b,empty,0.0005566781759261
thatcher_104_inv,wan21_1_3b,empty,0.0001739810407161
thatcher_105_inv,wan21_1_3b,empty,0.0006004594266414
thatcher_106_inv,wan21_1_3b,empty,0.000426218137145
thatcher_107_inv,wan21_1_3b,empty,0.0003702232986688
thatcher_108_inv,wan21_1_3b,empty,0.0003801522403955
thatcher_109_inv,wan21_1_3b,empty,0.0006215313076972
thatcher_110_inv,wan21_1_3b,empty,0.0004712503403425
thatcher_111_inv,wan21_1_3b,empty,0.0004352041333913
thatcher_112_inv,wan21_1_3b,empty,0.0005281432718038
thatcher_113_inv,wan21_1_3b,empty,0.0002204024419188
thatcher_114_inv,wan21_1_3b,empty,0.0002227294445037
thatcher_115_inv,wan21_1_3b,empty,0.0003691210597753
thatcher_116_inv,wan21_1_3b,empty,0.0003239408135413
thatcher_117_inv,wan21_1_3b,empty,0.0009624141454696
thatcher_118_inv,wan21_1_3b,empty,0.0002657636255026
thatcher_119_inv,wan21_1_3b,empty,0.0002660093456506
thatcher_120_inv,wan21_1_3b,empty,0.0005857217311859
thatcher_121_inv,wan21_1_3b,empty,0.0003254906833172
thatcher_122_inv,wan21_1_3b,empty,0.0003523631393909
thatcher_123_inv,wan21_1_3b,empty,0.0004512376338243
thatcher_124_inv,wan21_1_3b,empty,0.0005747893452644
thatcher_125_inv,wan21_1_3b,empty,0.0003787500411272
thatcher_126_inv,wan21_1_3b,empty,0.000189386382699
thatcher_127_inv,wan21_1_3b,empty,0.0001613760739564
thatcher_128_inv,wan21_1_3b,empty,0.0004770192503929
thatcher_129_inv,wan21_1_3b,empty,0.0003901955485343
thatcher_130_inv,wan21_1_3b,empty,0.0002539923787116
thatcher_131_inv,wan21_1_3b,empty,0.0003582973778247
thatcher_132_inv,wan21_1_3b,empty,0.0001140437275171
thatcher_133_inv,wan21_1_3b,empty,0.0002387275546789
thatcher_134_inv,wan21_1_3b,empty,0.000321577489376
thatcher_135_inv,wan21_1_3b,empty,0.0005585100501775
thatcher_136_inv,wan21_1_3b,empty,0.0004393454641103
thatcher_137_inv,wan21_1_3b,empty,0.000317526012659
thatcher_138_inv,wan21_1_3b,empty,0.0001031845808029
thatcher_139_inv,wan21_1_3b,empty,0.0005412451922893
thatcher_0_str,wan21_1_3b,conditional,0.0005040936917066
thatcher_1_str,wan21_1_3b,conditional,0.0008853714168071
thatcher_2_str,wan21_1_3b,conditional,0.0006186995655298
thatcher_3_str,wan21_1_3b,conditional,0.0007083781808615
thatcher_4_str,wan21_1_3b,conditional,0.0009316380321979
thatcher_5_str,wan21_1_3b,conditional,0.0009293919801712
thatcher_6_str,wan21_1_3b,conditional,0.0008379307389259
thatcher_7_str,wan21_1_3b,conditional,0.0010243612527847
thatcher_8_str,wan21_1_3b,conditional,0.0018547455221414
thatcher_9_str,wan21_1_3b,conditional,0.0006895831227302
thatcher_10_str,wan21_1_3b,conditional,0.0008740019798278
thatcher_11_str,wan21_1_3b,conditional,0.0011873698979616
thatcher_12_str,wan21_1_3b,conditional,0.0003352967649698
thatcher_13_str,wan21_1_3b,conditional,0.0009568122774362
thatcher_14_str,wan21_1_3b,conditional,0.0005294848233461
thatcher_15_str,wan21_1_3b,conditional,0.0008283529803156
thatcher_16_str,wan21_1_3b,conditional,0.0008482414484023
thatcher_17_str,wan21_1_3b,conditional,0.0008805385977029
thatcher_18_str,wan21_1_3b,conditional,0.001179366633296
thatcher_19_str,wan21_1_3b,conditional,0.001805035546422
thatcher_20_str,wan21_1_3b,conditional,0.0006703158468008
thatcher_21_str,wan21_1_3b,conditional,0.0016096413135528
thatcher_22_str,wan21_1_3b,conditional,0.0016356077045202
thatcher_23_str,wan21_1_3b,conditional,0.0005933836847543
thatcher_24_str,wan21_1_3b,conditional,0.0009145735949277
thatcher_25_str,wan21_1_3b,conditional,0.0011623893678188
thatcher_26_str,wan21_1_3b,conditional,0.0011421335488557
thatcher_27_str,wan21_1_3b,conditional,0.0009642386436461
thatcher_28_str,wan21_1_3b,conditional,0.001199662387371
thatcher_29_str,wan21_1_3b,conditional,0.0008043571561575
thatcher_30_str,wan21_1_3b,conditional,0.0006567730754613
thatcher_31_str,wan21_1_3b,conditional,0.0014881861209869
thatcher_32_str,wan21_1_3b,conditional,0.0008622242510318
thatcher_33_str,wan21_1_3b,conditional,0.0015069681406021
thatcher_34_str,wan21_1_3b,conditional,0.001195635870099
thatcher_35_str,wan21_1_3b,conditional,0.0015293587744235
thatcher_36_str,wan21_1_3b,conditional,0.0016031341999769
thatcher_37_str,wan21_1_3b,conditional,0.0015283827483654
thatcher_38_str,wan21_1_3b,conditional,0.0013611266762017
thatcher_39_str,wan21_1_3b,conditional,0.0008452232182026
thatcher_40_str,wan21_1_3b,conditional,0.0015133430063724
thatcher_41_str,wan21_1_3b,conditional,0.0008325652778148
thatcher_42_str,wan21_1_3b,conditional,0.0010951163619756
thatcher_43_str,wan21_1_3b,conditional,0.0011147762089967
thatcher_44_str,wan21_1_3b,conditional,0.0010879103094339
thatcher_45_str,wan21_1_3b,conditional,0.001119620501995
thatcher_46_str,wan21_1_3b,conditional,0.0008354783803224
thatcher_47_str,wan21_1_3b,conditional,0.0009549111127853
thatcher_48_str,wan21_1_3b,conditional,0.0007881304621696
thatcher_49_str,wan21_1_3b,conditional,0.0005219042301178
thatcher_50_str,wan21_1_3b,conditional,0.0009227004647255
thatcher_51_str,wan21_1_3b,conditional,0.0011815653741359
thatcher_52_str,wan21_1_3b,conditional,0.0007282508164644
thatcher_53_str,wan21_1_3b,conditional,0.0010802620649337
thatcher_54_str,wan21_1_3b,conditional,0.0007595054060221
thatcher_55_str,wan21_1_3b,conditional,0.0007907662540674
thatcher_56_str,wan21_1_3b,conditional,0.0011432990431785
thatcher_57_str,wan21_1_3b,conditional,0.0012138629704713
thatcher_58_str,wan21_1_3b,conditional,0.0005505363643169
thatcher_59_str,wan21_1_3b,conditional,0.0009610742330551
thatcher_60_str,wan21_1_3b,conditional,0.0008463404327631
thatcher_61_str,wan21_1_3b,conditional,0.0008005569130181
thatcher_62_str,wan21_1_3b,conditional,0.0016160145401954
thatcher_63_str,wan21_1_3b,conditional,0.0007503619790077
thatcher_64_str,wan21_1_3b,conditional,0.0010065371543169
thatcher_65_str,wan21_1_3b,conditional,0.0007884417474269
thatcher_66_str,wan21_1_3b,conditional,0.0005968476086854
thatcher_67_str,wan21_1_3b,conditional,0.0013381244987249
thatcher_68_str,wan21_1_3b,conditional,0.0013892778009176
thatcher_69_str,wan21_1_3b,conditional,0.0010358051210641
thatcher_70_str,wan21_1_3b,conditional,0.0015858255326748
thatcher_71_str,wan21_1_3b,conditional,0.001037268191576
thatcher_72_str,wan21_1_3b,conditional,0.000895316004753
thatcher_73_str,wan21_1_3b,conditional,0.0013135336339473
thatcher_74_str,wan21_1_3b,conditional,0.0008004824072122
thatcher_75_str,wan21_1_3b,conditional,0.001169326454401
thatcher_76_str,wan21_1_3b,conditional,0.00087306804955
thatcher_77_str,wan21_1_3b,conditional,0.0008486584573984
thatcher_78_str,wan21_1_3b,conditional,0.000512355864048
thatcher_79_str,wan21_1_3b,conditional,0.0007382894307375
thatcher_80_str,wan21_1_3b,conditional,0.0014709869027138
thatcher_81_str,wan21_1_3b,conditional,0.0008356390148401
thatcher_82_str,wan21_1_3b,conditional,0.0015770519524812
thatcher_83_str,wan21_1_3b,conditional,0.0014445089548826
thatcher_84_str,wan21_1_3b,conditional,0.0008014607429504
thatcher_85_str,wan21_1_3b,conditional,0.0006108527630568
thatcher_86_str,wan21_1_3b,conditional,0.0009622862935065
thatcher_87_str,wan21_1_3b,conditional,0.0007004625350237
thatcher_88_str,wan21_1_3b,conditional,0.00090296626091
thatcher_89_str,wan21_1_3b,conditional,0.0016135038435459
thatcher_90_str,wan21_1_3b,conditional,0.0009265413880348
thatcher_91_str,wan21_1_3b,conditional,0.0004927475005388
thatcher_92_str,wan21_1_3b,conditional,0.0006321213394403
thatcher_93_str,wan21_1_3b,conditional,0.0012412250041961
thatcher_94_str,wan21_1_3b,conditional,0.0015333092585206
thatcher_95_str,wan21_1_3b,conditional,0.0005310608446598
thatcher_96_str,wan21_1_3b,conditional,0.0009055060148239
thatcher_97_str,wan21_1_3b,conditional,0.0008644109964371
thatcher_98_str,wan21_1_3b,conditional,0.0007853324711322
thatcher_99_str,wan21_1_3b,conditional,0.0011078959703445
thatcher_100_str,wan21_1_3b,conditional,0.0012069582194089
thatcher_101_str,wan21_1_3b,conditional,0.0009137097746133
thatcher_102_str,wan21_1_3b,conditional,0.000823910087347
thatcher_103_str,wan21_1_3b,conditional,0.001521340534091
thatcher_104_str,wan21_1_3b,conditional,0.0008393459022045
thatcher_105_str,wan21_1_3b,conditional,0.0011494183540343
thatcher_106_str,wan21_1_3b,conditional,0.0008026552572846
thatcher_107_str,wan21_1_3b,conditional,0.0011528307199478
thatcher_108_str,wan21_1_3b,conditional,0.000766376107931
thatcher_109_str,wan21_1_3b,conditional,0.0013546606153249
thatcher_110_str,wan21_1_3b,conditional,0.0008351542055607
thatcher_111_str,wan21_1_3b,conditional,0.0008343331515789
thatcher_112_str,wan21_1_3b,conditional,0.001122161746025
thatcher_113_str,wan21_1_3b,conditional,0.0013596253097057
thatcher_114_str,wan21_1_3b,conditional,0.0006736622750758
thatcher_115_str,wan21_1_3b,conditional,0.0008305923640727
thatcher_116_str,wan21_1_3b,conditional,0.000783489793539
thatcher_117_str,wan21_1_3b,conditional,0.0014916570484637
thatcher_118_str,wan21_1_3b,conditional,0.0006414657831192
thatcher_119_str,wan21_1_3b,conditional,0.0005794271826743
thatcher_120_str,wan21_1_3b,conditional,0.0013964141905307
thatcher_121_str,wan21_1_3b,conditional,0.0010368315130472
thatcher_122_str,wan21_1_3b,conditional,0.0008390100300312
thatcher_123_str,wan21_1_3b,conditional,0.0018171801418065
thatcher_124_str,wan21_1_3b,conditional,0.0009710734337568
thatcher_125_str,wan21_1_3b,conditional,0.0011112827807664
thatcher_126_str,wan21_1_3b,conditional,0.0010287868231534
thatcher_127_str,wan21_1_3b,conditional,0.0006418264657259
thatcher_128_str,wan21_1_3b,conditional,0.0007482879608869
thatcher_129_str,wan21_1_3b,conditional,0.0007930455356836
thatcher_130_str,wan21_1_3b,conditional,0.0006205469369888
thatcher_131_str,wan21_1_3b,conditional,0.0013679116219282
thatcher_132_str,wan21_1_3b,conditional,0.000453054010868
thatcher_133_str,wan21_1_3b,conditional,0.0006838285923004
thatcher_134_str,wan21_1_3b,conditional,0.0005774037539958
thatcher_135_str,wan21_1_3b,conditional,0.0009263111650943
thatcher_136_str,wan21_1_3b,conditional,0.0010794501006602
thatcher_137_str,wan21_1_3b,conditional,0.00039021871984
thatcher_138_str,wan21_1_3b,conditional,0.0008763329684734
thatcher_139_str,wan21_1_3b,conditional,0.000676284134388
thatcher_0_inv,wan21_1_3b,conditional,0.0002538409084081
thatcher_1_inv,wan21_1_3b,conditional,0.0002647650241851
thatcher_2_inv,wan21_1_3b,conditional,0.0002753566950559
thatcher_3_inv,wan21_1_3b,conditional,0.0003391099721193
thatcher_4_inv,wan21_1_3b,conditional,0.000464681237936
thatcher_5_inv,wan21_1_3b,conditional,0.0005046308040618
thatcher_6_inv,wan21_1_3b,conditional,0.0004851667582988
thatcher_7_inv,wan21_1_3b,conditional,0.000240605212748
thatcher_8_inv,wan21_1_3b,conditional,0.0005230233818292
thatcher_9_inv,wan21_1_3b,conditional,0.0005085452646016
thatcher_10_inv,wan21_1_3b,conditional,0.0003679207712411
thatcher_11_inv,wan21_1_3b,conditional,0.0003955696523189
thatcher_12_inv,wan21_1_3b,conditional,0.0001010186225175
thatcher_13_inv,wan21_1_3b,conditional,0.0004377738386392
thatcher_14_inv,wan21_1_3b,conditional,0.0001179903745651
thatcher_15_inv,wan21_1_3b,conditional,0.0003869869560003
thatcher_16_inv,wan21_1_3b,conditional,0.0002567870169878
thatcher_17_inv,wan21_1_3b,conditional,0.0002266260236501
thatcher_18_inv,wan21_1_3b,conditional,0.0003614779561758
thatcher_19_inv,wan21_1_3b,conditional,0.0008645644038915
thatcher_20_inv,wan21_1_3b,conditional,0.0004368881881237
thatcher_21_inv,wan21_1_3b,conditional,0.0005104361474513
thatcher_22_inv,wan21_1_3b,conditional,0.0004947342723608
thatcher_23_inv,wan21_1_3b,conditional,0.0001326870918274
thatcher_24_inv,wan21_1_3b,conditional,0.0003746816515922
thatcher_25_inv,wan21_1_3b,conditional,0.0005513001978397
thatcher_26_inv,wan21_1_3b,conditional,0.0005062670260667
thatcher_27_inv,wan21_1_3b,conditional,0.0004764275252818
thatcher_28_inv,wan21_1_3b,conditional,0.0004652154445647
thatcher_29_inv,wan21_1_3b,conditional,0.0004015154391526
thatcher_30_inv,wan21_1_3b,conditional,0.0001902595907449
thatcher_31_inv,wan21_1_3b,conditional,0.0005742356181144
thatcher_32_inv,wan21_1_3b,conditional,0.000624513477087
thatcher_33_inv,wan21_1_3b,conditional,0.0007975790649652
thatcher_34_inv,wan21_1_3b,conditional,0.0006954930722713
thatcher_35_inv,wan21_1_3b,conditional,0.0006321494281291
thatcher_36_inv,wan21_1_3b,conditional,0.00047337628901
thatcher_37_inv,wan21_1_3b,conditional,0.0007870936393737
thatcher_38_inv,wan21_1_3b,conditional,0.000705556422472
thatcher_39_inv,wan21_1_3b,conditional,0.0003718163073062
thatcher_40_inv,wan21_1_3b,conditional,0.0005019126832485
thatcher_41_inv,wan21_1_3b,conditional,0.0003054872900247
thatcher_42_inv,wan21_1_3b,conditional,0.0003428696841001
thatcher_43_inv,wan21_1_3b,conditional,0.0005272254347801
thatcher_44_inv,wan21_1_3b,conditional,0.0006242880970239
thatcher_45_inv,wan21_1_3b,conditional,0.000437042787671
thatcher_46_inv,wan21_1_3b,conditional,0.0001929283142089
thatcher_47_inv,wan21_1_3b,conditional,0.0005218527466058
thatcher_48_inv,wan21_1_3b,conditional,0.0003302160650491
thatcher_49_inv,wan21_1_3b,conditional,0.0003284614533185
thatcher_50_inv,wan21_1_3b,conditional,0.0004871839284897
thatcher_51_inv,wan21_1_3b,conditional,0.0005390050262212
thatcher_52_inv,wan21_1_3b,conditional,0.0003890989720821
thatcher_53_inv,wan21_1_3b,conditional,0.0003974183648824
thatcher_54_inv,wan21_1_3b,conditional,0.0002139484137297
thatcher_55_inv,wan21_1_3b,conditional,0.0004574995487928
thatcher_56_inv,wan21_1_3b,conditional,0.0005980428308248
thatcher_57_inv,wan21_1_3b,conditional,0.0005173730105161
thatcher_58_inv,wan21_1_3b,conditional,0.0002808164060115
thatcher_59_inv,wan21_1_3b,conditional,0.0002937389910221
thatcher_60_inv,wan21_1_3b,conditional,0.0004675605148077
thatcher_61_inv,wan21_1_3b,conditional,0.0005070085078477
thatcher_62_inv,wan21_1_3b,conditional,0.000691350325942
thatcher_63_inv,wan21_1_3b,conditional,0.0004163814336061
thatcher_64_inv,wan21_1_3b,conditional,0.0003518890589475
thatcher_65_inv,wan21_1_3b,conditional,0.0003184875845909
thatcher_66_inv,wan21_1_3b,conditional,0.0001943299919366
thatcher_67_inv,wan21_1_3b,conditional,0.0005547795444727
thatcher_68_inv,wan21_1_3b,conditional,0.0004724611341953
thatcher_69_inv,wan21_1_3b,conditional,0.0007078309357166
thatcher_70_inv,wan21_1_3b,conditional,0.0009227164834737
thatcher_71_inv,wan21_1_3b,conditional,0.0004510519653558
thatcher_72_inv,wan21_1_3b,conditional,0.0003900279849767
thatcher_73_inv,wan21_1_3b,conditional,0.0005518990010023
thatcher_74_inv,wan21_1_3b,conditional,0.0002486728876829
thatcher_75_inv,wan21_1_3b,conditional,0.0006109456717968
thatcher_76_inv,wan21_1_3b,conditional,0.0002973399311304
thatcher_77_inv,wan21_1_3b,conditional,0.0002469702810049
thatcher_78_inv,wan21_1_3b,conditional,7.532238960272775e-06
thatcher_79_inv,wan21_1_3b,conditional,0.000464895516634
thatcher_80_inv,wan21_1_3b,conditional,0.000711341574788
thatcher_81_inv,wan21_1_3b,conditional,0.0003510431945324
thatcher_82_inv,wan21_1_3b,conditional,0.0006958973407745
thatcher_83_inv,wan21_1_3b,conditional,0.0007258278876543
thatcher_84_inv,wan21_1_3b,conditional,0.0002936516702174
thatcher_85_inv,wan21_1_3b,conditional,0.0003674218803643
thatcher_86_inv,wan21_1_3b,conditional,0.0004549435526132
thatcher_87_inv,wan21_1_3b,conditional,7.379435002803636e-05
thatcher_88_inv,wan21_1_3b,conditional,0.0003752633929252
thatcher_89_inv,wan21_1_3b,conditional,0.0007758924365043
thatcher_90_inv,wan21_1_3b,conditional,0.0005075814574957
thatcher_91_inv,wan21_1_3b,conditional,0.0002530390769243
thatcher_92_inv,wan21_1_3b,conditional,0.0002945207059383
thatcher_93_inv,wan21_1_3b,conditional,0.0005461877584457
thatcher_94_inv,wan21_1_3b,conditional,0.0009139192849397
thatcher_95_inv,wan21_1_3b,conditional,0.0002389460802078
thatcher_96_inv,wan21_1_3b,conditional,0.0002784539759159
thatcher_97_inv,wan21_1_3b,conditional,0.0003420761227607
thatcher_98_inv,wan21_1_3b,conditional,0.0002773128077387
thatcher_99_inv,wan21_1_3b,conditional,0.0004403706640005
thatcher_100_inv,wan21_1_3b,conditional,0.0004047103226185
thatcher_101_inv,wan21_1_3b,conditional,0.0004265873134136
thatcher_102_inv,wan21_1_3b,conditional,0.000511744916439
thatcher_103_inv,wan21_1_3b,conditional,0.0005813462287187
thatcher_104_inv,wan21_1_3b,conditional,0.000159738138318
thatcher_105_inv,wan21_1_3b,conditional,0.0006700088083744
thatcher_106_inv,wan21_1_3b,conditional,0.000421241223812
thatcher_107_inv,wan21_1_3b,conditional,0.0004356065392493
thatcher_108_inv,wan21_1_3b,conditional,0.0003890972584486
thatcher_109_inv,wan21_1_3b,conditional,0.0005400118231773
thatcher_110_inv,wan21_1_3b,conditional,0.0005165131390095
thatcher_111_inv,wan21_1_3b,conditional,0.0005516324192285
thatcher_112_inv,wan21_1_3b,conditional,0.0004869481176138
thatcher_113_inv,wan21_1_3b,conditional,0.0003055999800562
thatcher_114_inv,wan21_1_3b,conditional,0.0003485064208507
thatcher_115_inv,wan21_1_3b,conditional,0.0003778437525034
thatcher_116_inv,wan21_1_3b,conditional,0.0003643018007278
thatcher_117_inv,wan21_1_3b,conditional,0.0011349634081125
thatcher_118_inv,wan21_1_3b,conditional,0.0002890894562005
thatcher_119_inv,wan21_1_3b,conditional,0.0002749125659465
thatcher_120_inv,wan21_1_3b,conditional,0.0006570641696453
thatcher_121_inv,wan21_1_3b,conditional,0.0004136412590741
thatcher_122_inv,wan21_1_3b,conditional,0.0004682121425867
thatcher_123_inv,wan21_1_3b,conditional,0.0005844565480946
thatcher_124_inv,wan21_1_3b,conditional,0.0006056351214646
thatcher_125_inv,wan21_1_3b,conditional,0.0004051247239112
thatcher_126_inv,wan21_1_3b,conditional,0.0002503877133131
thatcher_127_inv,wan21_1_3b,conditional,0.0001596422493458
thatcher_128_inv,wan21_1_3b,conditional,0.0005158994346856
thatcher_129_inv,wan21_1_3b,conditional,0.00032500654459
thatcher_130_inv,wan21_1_3b,conditional,0.0002662072330713
thatcher_131_inv,wan21_1_3b,conditional,0.0003580231964588
thatcher_132_inv,wan21_1_3b,conditional,0.000137932896614
thatcher_133_inv,wan21_1_3b,conditional,0.0001846948266029
thatcher_134_inv,wan21_1_3b,conditional,0.0003125878423452
thatcher_135_inv,wan21_1_3b,conditional,0.0005761594325303
thatcher_136_inv,wan21_1_3b,conditional,0.0004943468421697
thatcher_137_inv,wan21_1_3b,conditional,0.0003093653172254
thatcher_138_inv,wan21_1_3b,conditional,0.0001540546864271
thatcher_139_inv,wan21_1_3b,conditional,0.0005403786897659
thatcher_0_str,sdxl,empty,0.0009447274263948
thatcher_1_str,sdxl,empty,0.0022325471648946
thatcher_2_str,sdxl,empty,0.0010944827692583
thatcher_3_str,sdxl,empty,0.0011570292990654
thatcher_4_str,sdxl,empty,0.0017988571850582
thatcher_5_str,sdxl,empty,0.0016253397660329
thatcher_6_str,sdxl,empty,0.0020283956988714
thatcher_7_str,sdxl,empty,0.001895785073284
thatcher_8_str,sdxl,empty,0.0036948593659326
thatcher_9_str,sdxl,empty,0.0013169770292006
thatcher_10_str,sdxl,empty,0.0012750052800402
thatcher_11_str,sdxl,empty,0.0024622663576155
thatcher_12_str,sdxl,empty,0.0009472546959296
thatcher_13_str,sdxl,empty,0.001971897794865
thatcher_14_str,sdxl,empty,0.001139898346737
thatcher_15_str,sdxl,empty,0.0011801886511966
thatcher_16_str,sdxl,empty,0.0019936887267976
thatcher_17_str,sdxl,empty,0.0012380874156951
thatcher_18_str,sdxl,empty,0.0011413187207654
thatcher_19_str,sdxl,empty,0.0033368857949972
thatcher_20_str,sdxl,empty,0.000816561281681
thatcher_21_str,sdxl,empty,0.0030200326861813
thatcher_22_str,sdxl,empty,0.0033168641338124
thatcher_23_str,sdxl,empty,0.0013998021511361
thatcher_24_str,sdxl,empty,0.0013128767954185
thatcher_25_str,sdxl,empty,0.0018944351654499
thatcher_26_str,sdxl,empty,0.0027871055481955
thatcher_27_str,sdxl,empty,0.0016148549644276
thatcher_28_str,sdxl,empty,0.0020914050377905
thatcher_29_str,sdxl,empty,0.0042259515309706
thatcher_30_str,sdxl,empty,0.0012772958027198
thatcher_31_str,sdxl,empty,0.0039080125675536
thatcher_32_str,sdxl,empty,0.0017861694283783
thatcher_33_str,sdxl,empty,0.002116586244665
thatcher_34_str,sdxl,empty,0.0022891929093748
thatcher_35_str,sdxl,empty,0.0021957750478759
thatcher_36_str,sdxl,empty,0.0014216332091018
thatcher_37_str,sdxl,empty,0.0018625851022079
thatcher_38_str,sdxl,empty,0.0032181698456406
thatcher_39_str,sdxl,empty,0.0015784982359036
thatcher_40_str,sdxl,empty,0.0031429629214108
thatcher_41_str,sdxl,empty,0.002462077345699
thatcher_42_str,sdxl,empty,0.0013660136982798
thatcher_43_str,sdxl,empty,0.0018643381586298
thatcher_44_str,sdxl,empty,0.0013481545774265
thatcher_45_str,sdxl,empty,0.00164594279835
thatcher_46_str,sdxl,empty,0.0015038258396089
thatcher_47_str,sdxl,empty,0.0013355904724448
thatcher_48_str,sdxl,empty,0.00041823616717
thatcher_49_str,sdxl,empty,0.0010863434942439
thatcher_50_str,sdxl,empty,0.0013619938236661
thatcher_51_str,sdxl,empty,0.0027330666268244
thatcher_52_str,sdxl,empty,0.0011367439571768
thatcher_53_str,sdxl,empty,0.0020708790235221
thatcher_54_str,sdxl,empty,0.0013135033147409
thatcher_55_str,sdxl,empty,0.0012218070356175
thatcher_56_str,sdxl,empty,0.0019152970076538
thatcher_57_str,sdxl,empty,0.0022998090647161
thatcher_58_str,sdxl,empty,0.0010783262085169
thatcher_59_str,sdxl,empty,0.0020824075909331
thatcher_60_str,sdxl,empty,0.0018822613824158
thatcher_61_str,sdxl,empty,0.0016214935225434
thatcher_62_str,sdxl,empty,0.0037402905849739
thatcher_63_str,sdxl,empty,0.0004643804905936
thatcher_64_str,sdxl,empty,0.001919652740471
thatcher_65_str,sdxl,empty,0.0011494213202968
thatcher_66_str,sdxl,empty,0.0020335395587608
thatcher_67_str,sdxl,empty,0.003021385539323
thatcher_68_str,sdxl,empty,0.0012428693426773
thatcher_69_str,sdxl,empty,0.0015099788317456
thatcher_70_str,sdxl,empty,0.0034065622836351
thatcher_71_str,sdxl,empty,0.0015876688621938
thatcher_72_str,sdxl,empty,0.0013456672057509
thatcher_73_str,sdxl,empty,0.0021799124032259
thatcher_74_str,sdxl,empty,0.0007622208585962
thatcher_75_str,sdxl,empty,0.0024814992304891
thatcher_76_str,sdxl,empty,0.0012847719667479
thatcher_77_str,sdxl,empty,0.0019455316732637
thatcher_78_str,sdxl,empty,0.0010573281766846
thatcher_79_str,sdxl,empty,0.0015261886245571
thatcher_80_str,sdxl,empty,0.0027553064608946
thatcher_81_str,sdxl,empty,0.0018218283588066
thatcher_82_str,sdxl,empty,0.0018114303029142
thatcher_83_str,sdxl,empty,0.0037215163325891
thatcher_84_str,sdxl,empty,0.0015115535072982
thatcher_85_str,sdxl,empty,0.0009331491217017
thatcher_86_str,sdxl,empty,0.0019309319648891
thatcher_87_str,sdxl,empty,0.0009697729442268
thatcher_88_str,sdxl,empty,0.0014701266447082
thatcher_89_str,sdxl,empty,0.0041234298818744
thatcher_90_str,sdxl,empty,0.0015560732316226
thatcher_91_str,sdxl,empty,0.0007315767300315
thatcher_92_str,sdxl,empty,0.0011263224529102
thatcher_93_str,sdxl,empty,0.0032323747966438
thatcher_94_str,sdxl,empty,0.0028043262567371
thatcher_95_str,sdxl,empty,0.0008200930152088
thatcher_96_str,sdxl,empty,0.0015408116392791
thatcher_97_str,sdxl,empty,0.0018601521244272
thatcher_98_str,sdxl,empty,0.0014836707222275
thatcher_99_str,sdxl,empty,0.0019437487004324
thatcher_100_str,sdxl,empty,0.0020458401693031
thatcher_101_str,sdxl,empty,0.0021916406694799
thatcher_102_str,sdxl,empty,0.0015869950153865
thatcher_103_str,sdxl,empty,0.0030410619266331
thatcher_104_str,sdxl,empty,0.0008509718626737
thatcher_105_str,sdxl,empty,0.0032013624720275
thatcher_106_str,sdxl,empty,0.0019852132233791
thatcher_107_str,sdxl,empty,0.0023805516120046
thatcher_108_str,sdxl,empty,0.0003698935033753
thatcher_109_str,sdxl,empty,0.0019887093873694
thatcher_110_str,sdxl,empty,0.0021083382098004
thatcher_111_str,sdxl,empty,0.0024932500906288
thatcher_112_str,sdxl,empty,0.0014807153446599
thatcher_113_str,sdxl,empty,0.00217292643385
thatcher_114_str,sdxl,empty,0.0008660658262669
thatcher_115_str,sdxl,empty,0.0008636403782293
thatcher_116_str,sdxl,empty,0.0016097867675125
thatcher_117_str,sdxl,empty,0.0019743948150426
thatcher_118_str,sdxl,empty,0.0005992883956059
thatcher_119_str,sdxl,empty,0.001395011707209
thatcher_120_str,sdxl,empty,0.0022530600894242
thatcher_121_str,sdxl,empty,0.0013256944250315
thatcher_122_str,sdxl,empty,0.0016455574799329
thatcher_123_str,sdxl,empty,0.003792514805682
thatcher_124_str,sdxl,empty,0.0025820462498813
thatcher_125_str,sdxl,empty,0.0018669161270372
thatcher_126_str,sdxl,empty,0.0008085650485009
thatcher_127_str,sdxl,empty,0.001041028262116
thatcher_128_str,sdxl,empty,0.001555685296189
thatcher_129_str,sdxl,empty,0.0019335490092635
thatcher_130_str,sdxl,empty,0.000716925850138
thatcher_131_str,sdxl,empty,0.0012886212114244
thatcher_132_str,sdxl,empty,0.0012334971036762
thatcher_133_str,sdxl,empty,0.000962829478085
thatcher_134_str,sdxl,empty,0.0014772775676101
thatcher_135_str,sdxl,empty,0.0016384508507326
thatcher_136_str,sdxl,empty,0.0013670703442767
thatcher_137_str,sdxl,empty,0.0011487733712419
thatcher_138_str,sdxl,empty,0.0020777408173307
thatcher_139_str,sdxl,empty,-0.0001044460525736
thatcher_0_inv,sdxl,empty,0.000482828086242
thatcher_1_inv,sdxl,empty,-0.0005581091856584
thatcher_2_inv,sdxl,empty,-0.0004762795986607
thatcher_3_inv,sdxl,empty,0.0005901006516069
thatcher_4_inv,sdxl,empty,0.0008060161024331
thatcher_5_inv,sdxl,empty,-0.0001677575148642
thatcher_6_inv,sdxl,empty,0.0001717518176883
thatcher_7_inv,sdxl,empty,-0.000470283110626
thatcher_8_inv,sdxl,empty,0.0013089155917987
thatcher_9_inv,sdxl,empty,0.0010693636955693
thatcher_10_inv,sdxl,empty,0.0013907779473811
thatcher_11_inv,sdxl,empty,0.0011437832424417
thatcher_12_inv,sdxl,empty,-2.9738743323848293e-05
thatcher_13_inv,sdxl,empty,0.0004163799528032
thatcher_14_inv,sdxl,empty,0.0002722508786246
thatcher_15_inv,sdxl,empty,0.001126622990705
thatcher_16_inv,sdxl,empty,0.0004709270782768
thatcher_17_inv,sdxl,empty,0.0016018902184441
thatcher_18_inv,sdxl,empty,0.0014005161169916
thatcher_19_inv,sdxl,empty,0.0009059511590749
thatcher_20_inv,sdxl,empty,0.0008956137858331
thatcher_21_inv,sdxl,empty,0.0024053265014663
thatcher_22_inv,sdxl,empty,0.0006880391016602
thatcher_23_inv,sdxl,empty,-0.0001599994767457
thatcher_24_inv,sdxl,empty,0.0001050311094149
thatcher_25_inv,sdxl,empty,-0.0007986191008239
thatcher_26_inv,sdxl,empty,0.0022233479050919
thatcher_27_inv,sdxl,empty,0.0015361330285668
thatcher_28_inv,sdxl,empty,0.0015436455979943
thatcher_29_inv,sdxl,empty,0.0013087011827155
thatcher_30_inv,sdxl,empty,0.0002588457614183
thatcher_31_inv,sdxl,empty,0.001055520856753
thatcher_32_inv,sdxl,empty,0.000922953360714
thatcher_33_inv,sdxl,empty,-0.0001087174937129
thatcher_34_inv,sdxl,empty,0.0005597813799977
thatcher_35_inv,sdxl,empty,0.0011526762600987
thatcher_36_inv,sdxl,empty,0.001795666469261
thatcher_37_inv,sdxl,empty,0.0012699631508439
thatcher_38_inv,sdxl,empty,0.0014402297884225
thatcher_39_inv,sdxl,empty,0.000680684284307
thatcher_40_inv,sdxl,empty,0.0003026795620098
thatcher_41_inv,sdxl,empty,0.001091448161751
thatcher_42_inv,sdxl,empty,-2.259757835418319e-05
thatcher_43_inv,sdxl,empty,0.0004172526486218
thatcher_44_inv,sdxl,empty,0.0005284733092412
thatcher_45_inv,sdxl,empty,-5.809236317874666e-05
thatcher_46_inv,sdxl,empty,-0.0004892910318449
thatcher_47_inv,sdxl,empty,0.0004904354736209
thatcher_48_inv,sdxl,empty,0.0009723226819187
thatcher_49_inv,sdxl,empty,0.000777117027901
thatcher_50_inv,sdxl,empty,-0.0002758225100115
thatcher_51_inv,sdxl,empty,0.0024690031586215
thatcher_52_inv,sdxl,empty,0.0004511131695471
thatcher_53_inv,sdxl,empty,0.0004652414796873
thatcher_54_inv,sdxl,empty,7.815993856638559e-05
thatcher_55_inv,sdxl,empty,0.0003768254676833
thatcher_56_inv,sdxl,empty,0.0003942804643884
thatcher_57_inv,sdxl,empty,0.0011753519438207
thatcher_58_inv,sdxl,empty,0.0020716467592865
thatcher_59_inv,sdxl,empty,0.0006059483485296
thatcher_60_inv,sdxl,empty,0.0013459256989881
thatcher_61_inv,sdxl,empty,0.0007971973158419
thatcher_62_inv,sdxl,empty,0.0014831400616094
thatcher_63_inv,sdxl,empty,-0.0001415299577638
thatcher_64_inv,sdxl,empty,0.000706142662093
thatcher_65_inv,sdxl,empty,-1.3011274859336952e-06
thatcher_66_inv,sdxl,empty,0.0003057236829772
thatcher_67_inv,sdxl,empty,0.0002802348113618
thatcher_68_inv,sdxl,empty,0.0007765912916511
thatcher_69_inv,sdxl,empty,0.0010772676672786
thatcher_70_inv,sdxl,empty,0.0015010942658409
thatcher_71_inv,sdxl,empty,0.0010952193615957
thatcher_72_inv,sdxl,empty,0.0010742876818403
thatcher_73_inv,sdxl,empty,0.0010764625575393
thatcher_74_inv,sdxl,empty,-6.802591029556049e-05
thatcher_75_inv,sdxl,empty,0.0007483470160513
thatcher_76_inv,sdxl,empty,-6.592334713786951e-05
thatcher_77_inv,sdxl,empty,0.0003906594752334
thatcher_78_inv,sdxl,empty,-0.000242853607051
thatcher_79_inv,sdxl,empty,0.0010302744852379
thatcher_80_inv,sdxl,empty,0.0008596725901588
thatcher_81_inv,sdxl,empty,5.1379944197821326e-05
thatcher_82_inv,sdxl,empty,0.0006159948511049
thatcher_83_inv,sdxl,empty,0.0012250379798933
thatcher_84_inv,sdxl,empty,0.0015299307927489
thatcher_85_inv,sdxl,empty,0.0001299079088494
thatcher_86_inv,sdxl,empty,-0.0004529805388301
thatcher_87_inv,sdxl,empty,-0.0004070032178424
thatcher_88_inv,sdxl,empty,0.000282774711959
thatcher_89_inv,sdxl,empty,0.0005887871840968
thatcher_90_inv,sdxl,empty,-0.0006371358409523
thatcher_91_inv,sdxl,empty,0.0007740212627686
thatcher_92_inv,sdxl,empty,0.0006971207214519
thatcher_93_inv,sdxl,empty,0.0009133423911407
thatcher_94_inv,sdxl,empty,0.0004108510352671
thatcher_95_inv,sdxl,empty,0.0009940218087285
thatcher_96_inv,sdxl,empty,0.0006274051545187
thatcher_97_inv,sdxl,empty,0.0022604286530986
thatcher_98_inv,sdxl,empty,-0.0004216568218544
thatcher_99_inv,sdxl,empty,0.0013891468290239
thatcher_100_inv,sdxl,empty,0.0015888345614075
thatcher_101_inv,sdxl,empty,0.00030875897035
thatcher_102_inv,sdxl,empty,0.0009810888743959
thatcher_103_inv,sdxl,empty,0.0016929093888029
thatcher_104_inv,sdxl,empty,-0.0003622409282252
thatcher_105_inv,sdxl,empty,0.0018519045040011
thatcher_106_inv,sdxl,empty,0.0011721908138133
thatcher_107_inv,sdxl,empty,0.0014983270596712
thatcher_108_inv,sdxl,empty,0.0005898983147926
thatcher_109_inv,sdxl,empty,-0.0005357211874797
thatcher_110_inv,sdxl,empty,0.0012308834306895
thatcher_111_inv,sdxl,empty,0.0014310184121132
thatcher_112_inv,sdxl,empty,0.0010713518061675
thatcher_113_inv,sdxl,empty,0.0007815182907506
thatcher_114_inv,sdxl,empty,2.489937935024056e-05
thatcher_115_inv,sdxl,empty,0.0018414526758715
thatcher_116_inv,sdxl,empty,0.0002633464010432
thatcher_117_inv,sdxl,empty,0.0025047017424367
thatcher_118_inv,sdxl,empty,7.972350344062629e-05
thatcher_119_inv,sdxl,empty,0.0002704307064413
thatcher_120_inv,sdxl,empty,0.0001068676263094
thatcher_121_inv,sdxl,empty,0.0009206355735659
thatcher_122_inv,sdxl,empty,0.0008079183287918
thatcher_123_inv,sdxl,empty,0.0011543081514537
thatcher_124_inv,sdxl,empty,0.0006645839987322
thatcher_125_inv,sdxl,empty,0.0009535694494843
thatcher_126_inv,sdxl,empty,-5.667227320371726e-05
thatcher_127_inv,sdxl,empty,0.0005309470463544
thatcher_128_inv,sdxl,empty,0.0014577111601829
thatcher_129_inv,sdxl,empty,0.000492527866736
thatcher_130_inv,sdxl,empty,0.0003787332843057
thatcher_131_inv,sdxl,empty,0.0015444306004792
thatcher_132_inv,sdxl,empty,0.0005638211872428
thatcher_133_inv,sdxl,empty,0.0004920608084648
thatcher_134_inv,sdxl,empty,0.0011978910816833
thatcher_135_inv,sdxl,empty,0.0007644459092989
thatcher_136_inv,sdxl,empty,0.0019413673970848
thatcher_137_inv,sdxl,empty,0.0009639662317931
thatcher_138_inv,sdxl,empty,0.0012261817627586
thatcher_139_inv,sdxl,empty,0.0008104650955647
thatcher_0_str,sdxl,conditional,0.0008939527790062
thatcher_1_str,sdxl,conditional,0.0022137508494779
thatcher_2_str,sdxl,conditional,0.0010033534374087
thatcher_3_str,sdxl,conditional,0.0011043801577761
thatcher_4_str,sdxl,conditional,0.00184861688409
thatcher_5_str,sdxl,conditional,0.0017505462607368
thatcher_6_str,sdxl,conditional,0.0019137875037267
thatcher_7_str,sdxl,conditional,0.0021797321690246
thatcher_8_str,sdxl,conditional,0.0036399475019424
thatcher_9_str,sdxl,conditional,0.0014437113516032
thatcher_10_str,sdxl,conditional,0.0010475641628727
thatcher_11_str,sdxl,conditional,0.0024938248330727
thatcher_12_str,sdxl,conditional,0.0010625882353633
thatcher_13_str,sdxl,conditional,0.0020804475294426
thatcher_14_str,sdxl,conditional,0.0010403784643858
thatcher_15_str,sdxl,conditional,0.0010881234821863
thatcher_16_str,sdxl,conditional,0.001779721439816
thatcher_17_str,sdxl,conditional,0.0013395390473306
thatcher_18_str,sdxl,conditional,0.001087974186521
thatcher_19_str,sdxl,conditional,0.0033471040148288
thatcher_20_str,sdxl,conditional,0.0008947813836857
thatcher_21_str,sdxl,conditional,0.0028148234914988
thatcher_22_str,sdxl,conditional,0.0034987273160368
thatcher_23_str,sdxl,conditional,0.0013415285572409
thatcher_24_str,sdxl,conditional,0.001236761342734
thatcher_25_str,sdxl,conditional,0.0020064835622906
thatcher_26_str,sdxl,conditional,0.0025168124237097
thatcher_27_str,sdxl,conditional,0.0016810980066657
thatcher_28_str,sdxl,conditional,0.0019278192752972
thatcher_29_str,sdxl,conditional,0.0042394410190172
thatcher_30_str,sdxl,conditional,0.0012805195944383
thatcher_31_str,sdxl,conditional,0.0042056745197623
thatcher_32_str,sdxl,conditional,0.0017343507707119
thatcher_33_str,sdxl,conditional,0.0022603149991482
thatcher_34_str,sdxl,conditional,0.0024038305133581
thatcher_35_str,sdxl,conditional,0.0022207612753845
thatcher_36_str,sdxl,conditional,0.001492801727727
thatcher_37_str,sdxl,conditional,0.0021544825378805
thatcher_38_str,sdxl,conditional,0.0034108440531417
thatcher_39_str,sdxl,conditional,0.0014130644313991
thatcher_40_str,sdxl,conditional,0.0028062949655577
thatcher_41_str,sdxl,conditional,0.0022172340285032
thatcher_42_str,sdxl,conditional,0.0011904911790042
thatcher_43_str,sdxl,conditional,0.0013932853052392
thatcher_44_str,sdxl,conditional,0.0011938816169276
thatcher_45_str,sdxl,conditional,0.0018302095122635
thatcher_46_str,sdxl,conditional,0.000999435307458
thatcher_47_str,sdxl,conditional,0.0013642478454858
thatcher_48_str,sdxl,conditional,0.0007450620573945
thatcher_49_str,sdxl,conditional,0.0012349709612317
thatcher_50_str,sdxl,conditional,0.0013891359861008
thatcher_51_str,sdxl,conditional,0.0026585259241983
thatcher_52_str,sdxl,conditional,0.001259254082106
thatcher_53_str,sdxl,conditional,0.0023187770228833
thatcher_54_str,sdxl,conditional,0.0011024302663281
thatcher_55_str,sdxl,conditional,0.0011960432073101
thatcher_56_str,sdxl,conditional,0.0020663317199796
thatcher_57_str,sdxl,conditional,0.0022214153828099
thatcher_58_str,sdxl,conditional,0.0011162695940583
thatcher_59_str,sdxl,conditional,0.00227757579647
thatcher_60_str,sdxl,conditional,0.0017728196736425
thatcher_61_str,sdxl,conditional,0.0016814448521472
thatcher_62_str,sdxl,conditional,0.0039243187336251
thatcher_63_str,sdxl,conditional,0.0004316480783745
thatcher_64_str,sdxl,conditional,0.0016443402320146
thatcher_65_str,sdxl,conditional,0.0011581128789111
thatcher_66_str,sdxl,conditional,0.0018750525591894
thatcher_67_str,sdxl,conditional,0.0025789188221096
thatcher_68_str,sdxl,conditional,0.0017188219563104
thatcher_69_str,sdxl,conditional,0.0021352259023115
thatcher_70_str,sdxl,conditional,0.003316838722676
thatcher_71_str,sdxl,conditional,0.0018914119829423
thatcher_72_str,sdxl,conditional,0.001259316378273
thatcher_73_str,sdxl,conditional,0.0025742224045098
thatcher_74_str,sdxl,conditional,0.000925544060301
thatcher_75_str,sdxl,conditional,0.0026093651540577
thatcher_76_str,sdxl,conditional,0.0011887372052297
thatcher_77_str,sdxl,conditional,0.0015495127486064
thatcher_78_str,sdxl,conditional,0.0011063878377899
thatcher_79_str,sdxl,conditional,0.0016039360617287
thatcher_80_str,sdxl,conditional,0.0030221147183328
thatcher_81_str,sdxl,conditional,0.0019423444243147
thatcher_82_str,sdxl,conditional,0.0018525616009719
thatcher_83_str,sdxl,conditional,0.0039639540994539
thatcher_84_str,sdxl,conditional,0.0014486312074586
thatcher_85_str,sdxl,conditional,0.0008937298972159
thatcher_86_str,sdxl,conditional,0.0018689980963245
thatcher_87_str,sdxl,conditional,0.0006985725439153
thatcher_88_str,sdxl,conditional,0.0014201393630355
thatcher_89_str,sdxl,conditional,0.0040436419099569
thatcher_90_str,sdxl,conditional,0.0015137068741023
thatcher_91_str,sdxl,conditional,0.0007278898311778
thatcher_92_str,sdxl,conditional,0.0012094506667927
thatcher_93_str,sdxl,conditional,0.0033785495674237
thatcher_94_str,sdxl,conditional,0.0029173414502292
thatcher_95_str,sdxl,conditional,0.0007997293677181
thatcher_96_str,sdxl,conditional,0.0011141968239098
thatcher_97_str,sdxl,conditional,0.0023617865331471
thatcher_98_str,sdxl,conditional,0.0013823830988258
thatcher_99_str,sdxl,conditional,0.0018805484613403
thatcher_100_str,sdxl,conditional,0.0021972871245816
thatcher_101_str,sdxl,conditional,0.0021440237667411
thatcher_102_str,sdxl,conditional,0.0016223068372346
thatcher_103_str,sdxl,conditional,0.0032523513236083
thatcher_104_str,sdxl,conditional,0.0009440034255385
thatcher_105_str,sdxl,conditional,0.0028238655021414
thatcher_106_str,sdxl,conditional,0.0015345608047209
thatcher_107_str,sdxl,conditional,0.0022621719399467
thatcher_108_str,sdxl,conditional,0.000366349578835
thatcher_109_str,sdxl,conditional,0.0023541713831946
thatcher_110_str,sdxl,conditional,0.0021663352614268
thatcher_111_str,sdxl,conditional,0.0020679413992911
thatcher_112_str,sdxl,conditional,0.0013789650914259
thatcher_113_str,sdxl,conditional,0.0023079502885229
thatcher_114_str,sdxl,conditional,0.0008626982429996
thatcher_115_str,sdxl,conditional,0.0008033176418393
thatcher_116_str,sdxl,conditional,0.0015317243617028
thatcher_117_str,sdxl,conditional,0.001992769325152
thatcher_118_str,sdxl,conditional,0.0007878167624585
thatcher_119_str,sdxl,conditional,0.0012456633383408
thatcher_120_str,sdxl,conditional,0.0023003474529832
thatcher_121_str,sdxl,conditional,0.0011500584380701
thatcher_122_str,sdxl,conditional,0.0019978360971436
thatcher_123_str,sdxl,conditional,0.0041926443949341
thatcher_124_str,sdxl,conditional,0.0026583214895799
thatcher_125_str,sdxl,conditional,0.0018327887752093
thatcher_126_str,sdxl,conditional,0.0007441308256238
thatcher_127_str,sdxl,conditional,0.000961466319859
thatcher_128_str,sdxl,conditional,0.0015311284316703
thatcher_129_str,sdxl,conditional,0.0019465280650183
thatcher_130_str,sdxl,conditional,0.0005775576015003
thatcher_131_str,sdxl,conditional,0.0016786066861823
thatcher_132_str,sdxl,conditional,0.0010143066989257
thatcher_133_str,sdxl,conditional,0.0007945450488477
thatcher_134_str,sdxl,conditional,0.0013275207392871
thatcher_135_str,sdxl,conditional,0.0016966263391077
thatcher_136_str,sdxl,conditional,0.0017958056181669
thatcher_137_str,sdxl,conditional,0.0010317536606453
thatcher_138_str,sdxl,conditional,0.0022588241263292
thatcher_139_str,sdxl,conditional,8.434220217151678e-06
thatcher_0_inv,sdxl,conditional,0.0001106247561983
thatcher_1_inv,sdxl,conditional,-0.0005236856546253
thatcher_2_inv,sdxl,conditional,-0.0002345366217195
thatcher_3_inv,sdxl,conditional,0.0005609759362414
thatcher_4_inv,sdxl,conditional,0.0009878233587369
thatcher_5_inv,sdxl,conditional,0.0003974896809086
thatcher_6_inv,sdxl,conditional,0.0005124041158705
thatcher_7_inv,sdxl,conditional,2.1629794500765964e-05
thatcher_8_inv,sdxl,conditional,0.0015655915951356
thatcher_9_inv,sdxl,conditional,0.0009287907555699
thatcher_10_inv,sdxl,conditional,0.0011168388137594
thatcher_11_inv,sdxl,conditional,0.0011135495919734
thatcher_12_inv,sdxl,conditional,-3.977410262448466e-05
thatcher_13_inv,sdxl,conditional,0.0009225164214149
thatcher_14_inv,sdxl,conditional,0.0004963607154786
thatcher_15_inv,sdxl,conditional,0.0004508211161009
thatcher_16_inv,sdxl,conditional,0.0008759042760357
thatcher_17_inv,sdxl,conditional,0.001545326304622
thatcher_18_inv,sdxl,conditional,0.0017625441402197
thatcher_19_inv,sdxl,conditional,0.0013276270916685
thatcher_20_inv,sdxl,conditional,0.0004408894479274
thatcher_21_inv,sdxl,conditional,0.0023648388125002
thatcher_22_inv,sdxl,conditional,0.0014782232092693
thatcher_23_inv,sdxl,conditional,-9.250572416930058e-05
thatcher_24_inv,sdxl,conditional,0.0006991065060719
thatcher_25_inv,sdxl,conditional,0.0001185511518269
thatcher_26_inv,sdxl,conditional,0.0019143069861456
thatcher_27_inv,sdxl,conditional,0.0014011419890448
thatcher_28_inv,sdxl,conditional,0.0012735261209309
thatcher_29_inv,sdxl,conditional,0.0008141667721792
thatcher_30_inv,sdxl,conditional,0.0001984010823071
thatcher_31_inv,sdxl,conditional,0.0017322169383987
thatcher_32_inv,sdxl,conditional,0.0007459423318505
thatcher_33_inv,sdxl,conditional,0.0001156860915944
thatcher_34_inv,sdxl,conditional,0.0009172614663839
thatcher_35_inv,sdxl,conditional,0.0019937981339171
thatcher_36_inv,sdxl,conditional,0.0019045554334297
thatcher_37_inv,sdxl,conditional,0.0015345318848267
thatcher_38_inv,sdxl,conditional,0.0014538404997438
thatcher_39_inv,sdxl,conditional,0.0008625172264873
thatcher_40_inv,sdxl,conditional,0.0010715664317831
thatcher_41_inv,sdxl,conditional,0.0010379975987598
thatcher_42_inv,sdxl,conditional,0.0003041982417926
thatcher_43_inv,sdxl,conditional,-8.131215814499715e-05
thatcher_44_inv,sdxl,conditional,0.0007631505746394
thatcher_45_inv,sdxl,conditional,0.0009331960137933
thatcher_46_inv,sdxl,conditional,1.9101053476328067e-05
thatcher_47_inv,sdxl,conditional,0.0003741955570876
thatcher_48_inv,sdxl,conditional,0.0008748302794993
thatcher_49_inv,sdxl,conditional,0.0004956211242824
thatcher_50_inv,sdxl,conditional,3.2977666705735764e-06
thatcher_51_inv,sdxl,conditional,0.0020248782355338
thatcher_52_inv,sdxl,conditional,0.000164409908466
thatcher_53_inv,sdxl,conditional,0.0010178271774202
thatcher_54_inv,sdxl,conditional,0.0004350055009126
thatcher_55_inv,sdxl,conditional,0.0001106400508433
thatcher_56_inv,sdxl,conditional,0.0002786635234952
thatcher_57_inv,sdxl,conditional,0.0010095654288306
thatcher_58_inv,sdxl,conditional,0.001807854687795
thatcher_59_inv,sdxl,conditional,0.0011021177470684
thatcher_60_inv,sdxl,conditional,0.0008746559522114
thatcher_61_inv,sdxl,conditional,0.0008741377899423
thatcher_62_inv,sdxl,conditional,0.0015246385405771
thatcher_63_inv,sdxl,conditional,-4.615056328474698e-05
thatcher_64_inv,sdxl,conditional,0.0014130188710987
thatcher_65_inv,sdxl,conditional,0.0001360626611858
thatcher_66_inv,sdxl,conditional,0.0002636118885129
thatcher_67_inv,sdxl,conditional,0.0014318246068432
thatcher_68_inv,sdxl,conditional,0.0010549981542862
thatcher_69_inv,sdxl,conditional,0.001272502830252
thatcher_70_inv,sdxl,conditional,0.0015455868979915
thatcher_71_inv,sdxl,conditional,0.000914343795739
thatcher_72_inv,sdxl,conditional,0.0007833380810916
thatcher_73_inv,sdxl,conditional,0.0011880981596186
thatcher_74_inv,sdxl,conditional,0.0001562958583235
thatcher_75_inv,sdxl,conditional,0.001214167359285
thatcher_76_inv,sdxl,conditional,0.0005059673963114
thatcher_77_inv,sdxl,conditional,0.0004556391574442
thatcher_78_inv,sdxl,conditional,-5.294548813256084e-05
thatcher_79_inv,sdxl,conditional,0.0016803726204671
thatcher_80_inv,sdxl,conditional,0.0012030967231839
thatcher_81_inv,sdxl,conditional,0.0003586024232208
thatcher_82_inv,sdxl,conditional,0.0001533268834464
thatcher_83_inv,sdxl,conditional,0.0015910046664066
thatcher_84_inv,sdxl,conditional,0.0004143445380032
thatcher_85_inv,sdxl,conditional,0.0001979419775307
thatcher_86_inv,sdxl,conditional,-0.0001136524928733
thatcher_87_inv,sdxl,conditional,-0.0003243950009346
thatcher_88_inv,sdxl,conditional,0.0001620595157146
thatcher_89_inv,sdxl,conditional,0.0011951686139218
thatcher_90_inv,sdxl,conditional,-0.0001981227565556
thatcher_91_inv,sdxl,conditional,0.0011470109201036
thatcher_92_inv,sdxl,conditional,0.0008131218422204
thatcher_93_inv,sdxl,conditional,0.0014713298110291
thatcher_94_inv,sdxl,conditional,0.0002445639413781
thatcher_95_inv,sdxl,conditional,0.0005259652761742
thatcher_96_inv,sdxl,conditional,0.0008978678565472
thatcher_97_inv,sdxl,conditional,0.002116858754307
thatcher_98_inv,sdxl,conditional,-0.0001536469673737
thatcher_99_inv,sdxl,conditional,0.0013200114574283
thatcher_100_inv,sdxl,conditional,0.0019310555979609
thatcher_101_inv,sdxl,conditional,0.0006112881517037
thatcher_102_inv,sdxl,conditional,0.0006297449069097
thatcher_103_inv,sdxl,conditional,0.0027408254798501
thatcher_104_inv,sdxl,conditional,-7.991353981195992e-05
thatcher_105_inv,sdxl,conditional,0.0023447983153164
thatcher_106_inv,sdxl,conditional,0.000244315448217
thatcher_107_inv,sdxl,conditional,0.0024827405810356
thatcher_108_inv,sdxl,conditional,0.0008186911232769
thatcher_109_inv,sdxl,conditional,-0.0008604208752512
thatcher_110_inv,sdxl,conditional,0.0013343944447115
thatcher_111_inv,sdxl,conditional,0.0010948570631444
thatcher_112_inv,sdxl,conditional,0.0010013479855842
thatcher_113_inv,sdxl,conditional,0.0005106479069218
thatcher_114_inv,sdxl,conditional,0.0003028338728472
thatcher_115_inv,sdxl,conditional,0.0015170944528654
thatcher_116_inv,sdxl,conditional,5.875835660842932e-05
thatcher_117_inv,sdxl,conditional,0.0026755314716137
thatcher_118_inv,sdxl,conditional,0.0003279517544433
thatcher_119_inv,sdxl,conditional,0.0003069474874064
thatcher_120_inv,sdxl,conditional,6.014992482961112e-05
thatcher_121_inv,sdxl,conditional,0.0008391630649566
thatcher_122_inv,sdxl,conditional,0.0009337632125243
thatcher_123_inv,sdxl,conditional,0.0013656121119856
thatcher_124_inv,sdxl,conditional,0.0010631811618805
thatcher_125_inv,sdxl,conditional,0.0002450466481968
thatcher_126_inv,sdxl,conditional,8.574076462536384e-05
thatcher_127_inv,sdxl,conditional,0.0004283500136807
thatcher_128_inv,sdxl,conditional,0.001071509597823
thatcher_129_inv,sdxl,conditional,0.0008042562007904
thatcher_130_inv,sdxl,conditional,0.0004411691823042
thatcher_131_inv,sdxl,conditional,0.0010589986294508
thatcher_132_inv,sdxl,conditional,0.0002795054437592
thatcher_133_inv,sdxl,conditional,0.0003488535434007
thatcher_134_inv,sdxl,conditional,0.0010909527586773
thatcher_135_inv,sdxl,conditional,0.0004648045543581
thatcher_136_inv,sdxl,conditional,0.0010953085403889
thatcher_137_inv,sdxl,conditional,0.0008324392931536
thatcher_138_inv,sdxl,conditional,0.0015768954670056
thatcher_139_inv,sdxl,conditional,0.0006914096185937
thatcher_0_str,qwen_image,empty,0.0009837155044078
thatcher_1_str,qwen_image,empty,0.0018970703333616
thatcher_2_str,qwen_image,empty,0.001434502415359
thatcher_3_str,qwen_image,empty,0.0013568000122904
thatcher_4_str,qwen_image,empty,0.0023851336538791
thatcher_5_str,qwen_image,empty,0.0022983353585004
thatcher_6_str,qwen_image,empty,0.0017646016925573
thatcher_7_str,qwen_image,empty,0.0021743800491094
thatcher_8_str,qwen_image,empty,0.0037048350274562
thatcher_9_str,qwen_image,empty,0.001774681136012
thatcher_10_str,qwen_image,empty,0.0016877198219299
thatcher_11_str,qwen_image,empty,0.0023012483865022
thatcher_12_str,qwen_image,empty,0.0009733816981315
thatcher_13_str,qwen_image,empty,0.0022970113158226
thatcher_14_str,qwen_image,empty,0.0010732150077819
thatcher_15_str,qwen_image,empty,0.0018037317693233
thatcher_16_str,qwen_image,empty,0.0022019551321864
thatcher_17_str,qwen_image,empty,0.0017824421450495
thatcher_18_str,qwen_image,empty,0.0022205875068902
thatcher_19_str,qwen_image,empty,0.0032605312764644
thatcher_20_str,qwen_image,empty,0.0014804119616746
thatcher_21_str,qwen_image,empty,0.0031695266813039
thatcher_22_str,qwen_image,empty,0.0025004766881465
thatcher_23_str,qwen_image,empty,0.0018272019922733
thatcher_24_str,qwen_image,empty,0.0022051662206649
thatcher_25_str,qwen_image,empty,0.0025490265339613
thatcher_26_str,qwen_image,empty,0.0025792998820543
thatcher_27_str,qwen_image,empty,0.0020100682973861
thatcher_28_str,qwen_image,empty,0.0025646642223
thatcher_29_str,qwen_image,empty,0.0018388503789901
thatcher_30_str,qwen_image,empty,0.0014950561523437
thatcher_31_str,qwen_image,empty,0.0030455768853425
thatcher_32_str,qwen_image,empty,0.0019452206790447
thatcher_33_str,qwen_image,empty,0.0030119925364851
thatcher_34_str,qwen_image,empty,0.0021176815032959
thatcher_35_str,qwen_image,empty,0.0029657523334026
thatcher_36_str,qwen_image,empty,0.0031351651996374
thatcher_37_str,qwen_image,empty,0.0030504515767097
thatcher_38_str,qwen_image,empty,0.0032220194488763
thatcher_39_str,qwen_image,empty,0.0018414718657731
thatcher_40_str,qwen_image,empty,0.0023898894339799
thatcher_41_str,qwen_image,empty,0.0018048661202192
thatcher_42_str,qwen_image,empty,0.0026637058332562
thatcher_43_str,qwen_image,empty,0.0026180269569158
thatcher_44_str,qwen_image,empty,0.0025631434470415
thatcher_45_str,qwen_image,empty,0.0024413940310478
thatcher_46_str,qwen_image,empty,0.0017122540622949
thatcher_47_str,qwen_image,empty,0.00214414447546
thatcher_48_str,qwen_image,empty,0.0016260702908039
thatcher_49_str,qwen_image,empty,0.0013962326943874
thatcher_50_str,qwen_image,empty,0.0017367579787969
thatcher_51_str,qwen_image,empty,0.0026476797461509
thatcher_52_str,qwen_image,empty,0.0014972722530365
thatcher_53_str,qwen_image,empty,0.0024351028725504
thatcher_54_str,qwen_image,empty,0.0015290349721908
thatcher_55_str,qwen_image,empty,0.00168934866786
thatcher_56_str,qwen_image,empty,0.0027087813243269
thatcher_57_str,qwen_image,empty,0.0024172458425164
thatcher_58_str,qwen_image,empty,0.0011332880705595
thatcher_59_str,qwen_image,empty,0.0018967332690954
thatcher_60_str,qwen_image,empty,0.0020182643458247
thatcher_61_str,qwen_image,empty,0.001905112043023
thatcher_62_str,qwen_image,empty,0.0026864736899733
thatcher_63_str,qwen_image,empty,0.00152895309031
thatcher_64_str,qwen_image,empty,0.0022678139805793
thatcher_65_str,qwen_image,empty,0.0020447261258959
thatcher_66_str,qwen_image,empty,0.0014738326892256
thatcher_67_str,qwen_image,empty,0.002537690475583
thatcher_68_str,qwen_image,empty,0.0024934371188282
thatcher_69_str,qwen_image,empty,0.0027182535082101
thatcher_70_str,qwen_image,empty,0.003327495008707
thatcher_71_str,qwen_image,empty,0.0020339173823595
thatcher_72_str,qwen_image,empty,0.0019944229722022
thatcher_73_str,qwen_image,empty,0.0024682222306728
thatcher_74_str,qwen_image,empty,0.0017575769498944
thatcher_75_str,qwen_image,empty,0.0022178066521883
thatcher_76_str,qwen_image,empty,0.001954204365611
thatcher_77_str,qwen_image,empty,0.0018418899178505
thatcher_78_str,qwen_image,empty,0.0013240746408701
thatcher_79_str,qwen_image,empty,0.0015840060636401
thatcher_80_str,qwen_image,empty,0.0027335835993289
thatcher_81_str,qwen_image,empty,0.0016854896396398
thatcher_82_str,qwen_image,empty,0.0030492333322763
thatcher_83_str,qwen_image,empty,0.0029613198339939
thatcher_84_str,qwen_image,empty,0.0019354317337274
thatcher_85_str,qwen_image,empty,0.0013691994547843
thatcher_86_str,qwen_image,empty,0.0015133635699748
thatcher_87_str,qwen_image,empty,0.0017379850521683
thatcher_88_str,qwen_image,empty,0.001817809343338
thatcher_89_str,qwen_image,empty,0.0026272929832339
thatcher_90_str,qwen_image,empty,0.0018201549351215
thatcher_91_str,qwen_image,empty,0.0013970075920224
thatcher_92_str,qwen_image,empty,0.0014535759016871
thatcher_93_str,qwen_image,empty,0.0025201931595802
thatcher_94_str,qwen_image,empty,0.0030655276030301
thatcher_95_str,qwen_image,empty,0.0012080724537372
thatcher_96_str,qwen_image,empty,0.002063113451004
thatcher_97_str,qwen_image,empty,0.0019417780637741
thatcher_98_str,qwen_image,empty,0.0016275249049067
thatcher_99_str,qwen_image,empty,0.002597862444818
thatcher_100_str,qwen_image,empty,0.002021979317069
thatcher_101_str,qwen_image,empty,0.0019303385913372
thatcher_102_str,qwen_image,empty,0.0017927612364292
thatcher_103_str,qwen_image,empty,0.0033885847032069
thatcher_104_str,qwen_image,empty,0.0018663055449724
thatcher_105_str,qwen_image,empty,0.002426047772169
thatcher_106_str,qwen_image,empty,0.0014424401894211
thatcher_107_str,qwen_image,empty,0.0020519741252064
thatcher_108_str,qwen_image,empty,0.0014739538356661
thatcher_109_str,qwen_image,empty,0.0029904950410127
thatcher_110_str,qwen_image,empty,0.0015859980881214
thatcher_111_str,qwen_image,empty,0.0019748307019472
thatcher_112_str,qwen_image,empty,0.0022588874027133
thatcher_113_str,qwen_image,empty,0.0027053457871079
thatcher_114_str,qwen_image,empty,0.0019548455625772
thatcher_115_str,qwen_image,empty,0.0019030515104532
thatcher_116_str,qwen_image,empty,0.0018328266590833
thatcher_117_str,qwen_image,empty,0.0030189864709973
thatcher_118_str,qwen_image,empty,0.0016050647944211
thatcher_119_str,qwen_image,empty,0.0015486117824911
thatcher_120_str,qwen_image,empty,0.0029869365692138
thatcher_121_str,qwen_image,empty,0.0021390625461936
thatcher_122_str,qwen_image,empty,0.0016545347124338
thatcher_123_str,qwen_image,empty,0.0036845025420188
thatcher_124_str,qwen_image,empty,0.0017417492717504
thatcher_125_str,qwen_image,empty,0.0024135345593094
thatcher_126_str,qwen_image,empty,0.0018275302648544
thatcher_127_str,qwen_image,empty,0.0015358287096023
thatcher_128_str,qwen_image,empty,0.0017793034017086
thatcher_129_str,qwen_image,empty,0.0020045635104179
thatcher_130_str,qwen_image,empty,0.0015112113580107
thatcher_131_str,qwen_image,empty,0.0028732226788997
thatcher_132_str,qwen_image,empty,0.0010687507688998
thatcher_133_str,qwen_image,empty,0.0014507956057787
thatcher_134_str,qwen_image,empty,0.0014139533042907
thatcher_135_str,qwen_image,empty,0.0016920147836208
thatcher_136_str,qwen_image,empty,0.0019326564669609
thatcher_137_str,qwen_image,empty,0.0010395789518952
thatcher_138_str,qwen_image,empty,0.0017874483391642
thatcher_139_str,qwen_image,empty,0.0017575100064277
thatcher_0_inv,qwen_image,empty,0.0007730331271886
thatcher_1_inv,qwen_image,empty,0.0007351656258106
thatcher_2_inv,qwen_image,empty,0.0009499505162239
thatcher_3_inv,qwen_image,empty,0.0010405275598168
thatcher_4_inv,qwen_image,empty,0.0013587790727615
thatcher_5_inv,qwen_image,empty,0.0014304531365633
thatcher_6_inv,qwen_image,empty,0.0010549557581543
thatcher_7_inv,qwen_image,empty,0.0011698306724429
thatcher_8_inv,qwen_image,empty,0.0019968695938586
thatcher_9_inv,qwen_image,empty,0.0010619509220123
thatcher_10_inv,qwen_image,empty,0.0009380680322647
thatcher_11_inv,qwen_image,empty,0.0014337324351072
thatcher_12_inv,qwen_image,empty,0.0004892404004931
thatcher_13_inv,qwen_image,empty,0.001245721951127
thatcher_14_inv,qwen_image,empty,0.0004854847490787
thatcher_15_inv,qwen_image,empty,0.0010132752731442
thatcher_16_inv,qwen_image,empty,0.0009431688115
thatcher_17_inv,qwen_image,empty,0.0012377736717462
thatcher_18_inv,qwen_image,empty,0.0010496180132031
thatcher_19_inv,qwen_image,empty,0.0017980763316154
thatcher_20_inv,qwen_image,empty,0.0007958681136369
thatcher_21_inv,qwen_image,empty,0.0017150378972291
thatcher_22_inv,qwen_image,empty,0.0013134106993675
thatcher_23_inv,qwen_image,empty,0.0008015026897192
thatcher_24_inv,qwen_image,empty,0.0013274932652711
thatcher_25_inv,qwen_image,empty,0.0012984389811754
thatcher_26_inv,qwen_image,empty,0.0012661080807447
thatcher_27_inv,qwen_image,empty,0.001396641805768
thatcher_28_inv,qwen_image,empty,0.0017123865708708
thatcher_29_inv,qwen_image,empty,0.0010659300535917
thatcher_30_inv,qwen_image,empty,0.0008525369316339
thatcher_31_inv,qwen_image,empty,0.0015241462737321
thatcher_32_inv,qwen_image,empty,0.0010201945155858
thatcher_33_inv,qwen_image,empty,0.0015914683789014
thatcher_34_inv,qwen_image,empty,0.0013995548337698
thatcher_35_inv,qwen_image,empty,0.0019041830673813
thatcher_36_inv,qwen_image,empty,0.001704696342349
thatcher_37_inv,qwen_image,empty,0.0015926356613635
thatcher_38_inv,qwen_image,empty,0.0016719390451908
thatcher_39_inv,qwen_image,empty,0.0010037045180797
thatcher_40_inv,qwen_image,empty,0.001318576708436
thatcher_41_inv,qwen_image,empty,0.0010790080577134
thatcher_42_inv,qwen_image,empty,0.0014389050751924
thatcher_43_inv,qwen_image,empty,0.0017800810933112
thatcher_44_inv,qwen_image,empty,0.0016307285428047
thatcher_45_inv,qwen_image,empty,0.001525535993278
thatcher_46_inv,qwen_image,empty,0.001027565523982
thatcher_47_inv,qwen_image,empty,0.0014680865406989
thatcher_48_inv,qwen_image,empty,0.0007997347414493
thatcher_49_inv,qwen_image,empty,0.0011195300519466
thatcher_50_inv,qwen_image,empty,0.0014638924971222
thatcher_51_inv,qwen_image,empty,0.0014075360447168
thatcher_52_inv,qwen_image,empty,0.0010864802449941
thatcher_53_inv,qwen_image,empty,0.0012679912149906
thatcher_54_inv,qwen_image,empty,0.00089091129601
thatcher_55_inv,qwen_image,empty,0.0012794122099876
thatcher_56_inv,qwen_image,empty,0.001780365742743
thatcher_57_inv,qwen_image,empty,0.0013910591974854
thatcher_58_inv,qwen_image,empty,0.0009936320036649
thatcher_59_inv,qwen_image,empty,0.0010279424488544
thatcher_60_inv,qwen_image,empty,0.0014445557072758
thatcher_61_inv,qwen_image,empty,0.0011925911158323
thatcher_62_inv,qwen_image,empty,0.0017479196190833
thatcher_63_inv,qwen_image,empty,0.000919589176774
thatcher_64_inv,qwen_image,empty,0.0008770462870597
thatcher_65_inv,qwen_image,empty,0.0011830342561006
thatcher_66_inv,qwen_image,empty,0.0011151179671287
thatcher_67_inv,qwen_image,empty,0.0015769816190004
thatcher_68_inv,qwen_image,empty,0.0012081813812255
thatcher_69_inv,qwen_image,empty,0.0022093991190194
thatcher_70_inv,qwen_image,empty,0.0019261541962623
thatcher_71_inv,qwen_image,empty,0.0011019213870167
thatcher_72_inv,qwen_image,empty,0.001136699616909
thatcher_73_inv,qwen_image,empty,0.0019758310914039
thatcher_74_inv,qwen_image,empty,0.0012806611135602
thatcher_75_inv,qwen_image,empty,0.001417900621891
thatcher_76_inv,qwen_image,empty,0.0009834288805723
thatcher_77_inv,qwen_image,empty,0.0007372434809803
thatcher_78_inv,qwen_image,empty,0.000422997623682
thatcher_79_inv,qwen_image,empty,0.0012252931296825
thatcher_80_inv,qwen_image,empty,0.0018435327708721
thatcher_81_inv,qwen_image,empty,0.0011759587377309
thatcher_82_inv,qwen_image,empty,0.0018401232361793
thatcher_83_inv,qwen_image,empty,0.002001473903656
thatcher_84_inv,qwen_image,empty,0.0010467830300331
thatcher_85_inv,qwen_image,empty,0.0009836781024932
thatcher_86_inv,qwen_image,empty,0.000734107196331
thatcher_87_inv,qwen_image,empty,0.0006287813559174
thatcher_88_inv,qwen_image,empty,0.001125727891922
thatcher_89_inv,qwen_image,empty,0.0020590073242783
thatcher_90_inv,qwen_image,empty,0.0012054365128278
thatcher_91_inv,qwen_image,empty,0.0008916352316737
thatcher_92_inv,qwen_image,empty,0.0008787118270993
thatcher_93_inv,qwen_image,empty,0.0015081733465194
thatcher_94_inv,qwen_image,empty,0.0024148685112595
thatcher_95_inv,qwen_image,empty,0.0006492633372545
thatcher_96_inv,qwen_image,empty,0.0009810018911957
thatcher_97_inv,qwen_image,empty,0.001042172089219
thatcher_98_inv,qwen_image,empty,0.0007285996899008
thatcher_99_inv,qwen_image,empty,0.0010888796299695
thatcher_100_inv,qwen_image,empty,0.0015289685130119
thatcher_101_inv,qwen_image,empty,0.001377201527357
thatcher_102_inv,qwen_image,empty,0.0008887339383363
thatcher_103_inv,qwen_image,empty,0.0015311712026596
thatcher_104_inv,qwen_image,empty,0.0007670214772224
thatcher_105_inv,qwen_image,empty,0.0017022254317999
thatcher_106_inv,qwen_image,empty,0.0013189861923456
thatcher_107_inv,qwen_image,empty,0.000989908799529
thatcher_108_inv,qwen_image,empty,0.0008267954736947
thatcher_109_inv,qwen_image,empty,0.0015281312167644
thatcher_110_inv,qwen_image,empty,0.0013457258790731
thatcher_111_inv,qwen_image,empty,0.0012813679128885
thatcher_112_inv,qwen_image,empty,0.0012987315654754
thatcher_113_inv,qwen_image,empty,0.0014926704019307
thatcher_114_inv,qwen_image,empty,0.0010161685943603
thatcher_115_inv,qwen_image,empty,0.0010195641964673
thatcher_116_inv,qwen_image,empty,0.0012229111790657
thatcher_117_inv,qwen_image,empty,0.0021302182599902
thatcher_118_inv,qwen_image,empty,0.0011210094764828
thatcher_119_inv,qwen_image,empty,0.000965733975172
thatcher_120_inv,qwen_image,empty,0.0017869514971971
thatcher_121_inv,qwen_image,empty,0.001189630664885
thatcher_122_inv,qwen_image,empty,0.0009235510230064
thatcher_123_inv,qwen_image,empty,0.0019107507169246
thatcher_124_inv,qwen_image,empty,0.0011780966073274
thatcher_125_inv,qwen_image,empty,0.0014437553659081
thatcher_126_inv,qwen_image,empty,0.0009638687223195
thatcher_127_inv,qwen_image,empty,0.0012684173136949
thatcher_128_inv,qwen_image,empty,0.001089226566255
thatcher_129_inv,qwen_image,empty,0.0008596710115671
thatcher_130_inv,qwen_image,empty,0.0010011231899261
thatcher_131_inv,qwen_image,empty,0.0015625558048486
thatcher_132_inv,qwen_image,empty,0.0007067199796438
thatcher_133_inv,qwen_image,empty,0.0008024153113365
thatcher_134_inv,qwen_image,empty,0.0009396279603242
thatcher_135_inv,qwen_image,empty,0.001512390077114
thatcher_136_inv,qwen_image,empty,0.0011058858782053
thatcher_137_inv,qwen_image,empty,0.0005305967107415
thatcher_138_inv,qwen_image,empty,0.0007125299051403
thatcher_139_inv,qwen_image,empty,0.0013574747741222
thatcher_0_str,qwen_image,conditional,0.000884520560503
thatcher_1_str,qwen_image,conditional,0.001903347223997
thatcher_2_str,qwen_image,conditional,0.0015367798879742
thatcher_3_str,qwen_image,conditional,0.0015638702362775
thatcher_4_str,qwen_image,conditional,0.0023365005850791
thatcher_5_str,qwen_image,conditional,0.0022491510957479
thatcher_6_str,qwen_image,conditional,0.001746072769165
thatcher_7_str,qwen_image,conditional,0.0020883324369788
thatcher_8_str,qwen_image,conditional,0.0036898136138916
thatcher_9_str,qwen_image,conditional,0.0017351701110601
thatcher_10_str,qwen_image,conditional,0.0016958869248628
thatcher_11_str,qwen_image,conditional,0.0023964355885982
thatcher_12_str,qwen_image,conditional,0.0010033709183335
thatcher_13_str,qwen_image,conditional,0.0021690684556961
thatcher_14_str,qwen_image,conditional,0.0010519484430551
thatcher_15_str,qwen_image,conditional,0.0016440095752477
thatcher_16_str,qwen_image,conditional,0.0021802093461155
thatcher_17_str,qwen_image,conditional,0.0018357872217893
thatcher_18_str,qwen_image,conditional,0.0019639563560485
thatcher_19_str,qwen_image,conditional,0.0030643361806869
thatcher_20_str,qwen_image,conditional,0.001559385061264
thatcher_21_str,qwen_image,conditional,0.0029613894224166
thatcher_22_str,qwen_image,conditional,0.0023968002945184
thatcher_23_str,qwen_image,conditional,0.0016925057768821
thatcher_24_str,qwen_image,conditional,0.0020412897318601
thatcher_25_str,qwen_image,conditional,0.0025199034065007
thatcher_26_str,qwen_image,conditional,0.0023790505528449
thatcher_27_str,qwen_image,conditional,0.0019843020290136
thatcher_28_str,qwen_image,conditional,0.0024496125802397
thatcher_29_str,qwen_image,conditional,0.0017270627617836
thatcher_30_str,qwen_image,conditional,0.0015268509835004
thatcher_31_str,qwen_image,conditional,0.0029978287965059
thatcher_32_str,qwen_image,conditional,0.0018699203431606
thatcher_33_str,qwen_image,conditional,0.0029406442865729
thatcher_34_str,qwen_image,conditional,0.0018931729346513
thatcher_35_str,qwen_image,conditional,0.0027790110558271
thatcher_36_str,qwen_image,conditional,0.0030722755938768
thatcher_37_str,qwen_image,conditional,0.0030538058280944
thatcher_38_str,qwen_image,conditional,0.0030943889170884
thatcher_39_str,qwen_image,conditional,0.0017396855354309
thatcher_40_str,qwen_image,conditional,0.0024536380171776
thatcher_41_str,qwen_image,conditional,0.0017930516600608
thatcher_42_str,qwen_image,conditional,0.0024432934448123
thatcher_43_str,qwen_image,conditional,0.0025378786772489
thatcher_44_str,qwen_image,conditional,0.0023999441415071
thatcher_45_str,qwen_image,conditional,0.0023366769775748
thatcher_46_str,qwen_image,conditional,0.0016024024039506
thatcher_47_str,qwen_image,conditional,0.0020920035988092
thatcher_48_str,qwen_image,conditional,0.0015427509695291
thatcher_49_str,qwen_image,conditional,0.0014910495653748
thatcher_50_str,qwen_image,conditional,0.0017906216531992
thatcher_51_str,qwen_image,conditional,0.0025988768041133
thatcher_52_str,qwen_image,conditional,0.0014685525372624
thatcher_53_str,qwen_image,conditional,0.0023288360610604
thatcher_54_str,qwen_image,conditional,0.0016476503014564
thatcher_55_str,qwen_image,conditional,0.0016415095329284
thatcher_56_str,qwen_image,conditional,0.0024159820750355
thatcher_57_str,qwen_image,conditional,0.0023952538147568
thatcher_58_str,qwen_image,conditional,0.0011011855304241
thatcher_59_str,qwen_image,conditional,0.0019700965285301
thatcher_60_str,qwen_image,conditional,0.0019447545334696
thatcher_61_str,qwen_image,conditional,0.001863814741373
thatcher_62_str,qwen_image,conditional,0.0026380466669797
thatcher_63_str,qwen_image,conditional,0.0014802051335573
thatcher_64_str,qwen_image,conditional,0.0022644218802451
thatcher_65_str,qwen_image,conditional,0.0020485706627368
thatcher_66_str,qwen_image,conditional,0.0013579645007848
thatcher_67_str,qwen_image,conditional,0.0025227063894271
thatcher_68_str,qwen_image,conditional,0.0020741936191916
thatcher_69_str,qwen_image,conditional,0.0026170804351568
thatcher_70_str,qwen_image,conditional,0.0031350297480821
thatcher_71_str,qwen_image,conditional,0.0018264270201325
thatcher_72_str,qwen_image,conditional,0.0019998957216739
thatcher_73_str,qwen_image,conditional,0.0023847474902868
thatcher_74_str,qwen_image,conditional,0.0017590859904885
thatcher_75_str,qwen_image,conditional,0.0021670944243669
thatcher_76_str,qwen_image,conditional,0.0020237381011247
thatcher_77_str,qwen_image,conditional,0.0018798492476344
thatcher_78_str,qwen_image,conditional,0.0013481006771326
thatcher_79_str,qwen_image,conditional,0.0014824900776147
thatcher_80_str,qwen_image,conditional,0.0026392182707786
thatcher_81_str,qwen_image,conditional,0.0019279362261295
thatcher_82_str,qwen_image,conditional,0.0030103964358568
thatcher_83_str,qwen_image,conditional,0.0028200981765985
thatcher_84_str,qwen_image,conditional,0.0019699793308973
thatcher_85_str,qwen_image,conditional,0.0012900178879499
thatcher_86_str,qwen_image,conditional,0.0015037973225116
thatcher_87_str,qwen_image,conditional,0.0017091339826583
thatcher_88_str,qwen_image,conditional,0.0017334868013858
thatcher_89_str,qwen_image,conditional,0.0024131410941481
thatcher_90_str,qwen_image,conditional,0.001657034754753
thatcher_91_str,qwen_image,conditional,0.0013285916298627
thatcher_92_str,qwen_image,conditional,0.0013989882171153
thatcher_93_str,qwen_image,conditional,0.0024312847852706
thatcher_94_str,qwen_image,conditional,0.0028641507774591
thatcher_95_str,qwen_image,conditional,0.0011435459554195
thatcher_96_str,qwen_image,conditional,0.0019558217003941
thatcher_97_str,qwen_image,conditional,0.001881039366126
thatcher_98_str,qwen_image,conditional,0.0014579387754201
thatcher_99_str,qwen_image,conditional,0.0026585346832871
thatcher_100_str,qwen_image,conditional,0.0020301223918795
thatcher_101_str,qwen_image,conditional,0.0019308266043663
thatcher_102_str,qwen_image,conditional,0.0016815518215298
thatcher_103_str,qwen_image,conditional,0.0032577664777636
thatcher_104_str,qwen_image,conditional,0.0018911307305097
thatcher_105_str,qwen_image,conditional,0.0023582101613283
thatcher_106_str,qwen_image,conditional,0.0014710886776447
thatcher_107_str,qwen_image,conditional,0.0020804877951741
thatcher_108_str,qwen_image,conditional,0.0014725675806403
thatcher_109_str,qwen_image,conditional,0.0029965322464704
thatcher_110_str,qwen_image,conditional,0.001658487394452
thatcher_111_str,qwen_image,conditional,0.0019323682039976
thatcher_112_str,qwen_image,conditional,0.0021482281759381
thatcher_113_str,qwen_image,conditional,0.0026007718592882
thatcher_114_str,qwen_image,conditional,0.0019673880934715
thatcher_115_str,qwen_image,conditional,0.001922638900578
thatcher_116_str,qwen_image,conditional,0.0018588098883629
thatcher_117_str,qwen_image,conditional,0.002965257577598
thatcher_118_str,qwen_image,conditional,0.0014941850304603
thatcher_119_str,qwen_image,conditional,0.0015617638453841
thatcher_120_str,qwen_image,conditional,0.0028185734897851
thatcher_121_str,qwen_image,conditional,0.0019096916168928
thatcher_122_str,qwen_image,conditional,0.0016874391585588
thatcher_123_str,qwen_image,conditional,0.0035962835699319
thatcher_124_str,qwen_image,conditional,0.0016894751787185
thatcher_125_str,qwen_image,conditional,0.0023616639524698
thatcher_126_str,qwen_image,conditional,0.001796535551548
thatcher_127_str,qwen_image,conditional,0.0014047861099243
thatcher_128_str,qwen_image,conditional,0.0017321182787418
thatcher_129_str,qwen_image,conditional,0.0018458564579486
thatcher_130_str,qwen_image,conditional,0.001311601139605
thatcher_131_str,qwen_image,conditional,0.00288329154253
thatcher_132_str,qwen_image,conditional,0.001018836274743
thatcher_133_str,qwen_image,conditional,0.0014839135855436
thatcher_134_str,qwen_image,conditional,0.0014804797619581
thatcher_135_str,qwen_image,conditional,0.0016896227002143
thatcher_136_str,qwen_image,conditional,0.001869336515665
thatcher_137_str,qwen_image,conditional,0.0011031305417418
thatcher_138_str,qwen_image,conditional,0.0018527961149811
thatcher_139_str,qwen_image,conditional,0.0017367624491453
thatcher_0_inv,qwen_image,conditional,0.0008080045133829
thatcher_1_inv,qwen_image,conditional,0.001114118695259
thatcher_2_inv,qwen_image,conditional,0.0010929507762193
thatcher_3_inv,qwen_image,conditional,0.001150309368968
thatcher_4_inv,qwen_image,conditional,0.0014923767000436
thatcher_5_inv,qwen_image,conditional,0.0012237747013568
thatcher_6_inv,qwen_image,conditional,0.0012172799184918
thatcher_7_inv,qwen_image,conditional,0.0012906914204359
thatcher_8_inv,qwen_image,conditional,0.0020314012467861
thatcher_9_inv,qwen_image,conditional,0.0012939812988042
thatcher_10_inv,qwen_image,conditional,0.0010126106441021
thatcher_11_inv,qwen_image,conditional,0.001551269069314
thatcher_12_inv,qwen_image,conditional,0.0005333337560295
thatcher_13_inv,qwen_image,conditional,0.0013903035223484
thatcher_14_inv,qwen_image,conditional,0.0006513618677854
thatcher_15_inv,qwen_image,conditional,0.0012868516519665
thatcher_16_inv,qwen_image,conditional,0.0011457194015383
thatcher_17_inv,qwen_image,conditional,0.0014374326914548
thatcher_18_inv,qwen_image,conditional,0.0010326500236988
thatcher_19_inv,qwen_image,conditional,0.0019164253026247
thatcher_20_inv,qwen_image,conditional,0.0008482220768928
thatcher_21_inv,qwen_image,conditional,0.0018259776383638
thatcher_22_inv,qwen_image,conditional,0.001423570215702
thatcher_23_inv,qwen_image,conditional,0.0008611178398132
thatcher_24_inv,qwen_image,conditional,0.0016042581200599
thatcher_25_inv,qwen_image,conditional,0.0016269446164369
thatcher_26_inv,qwen_image,conditional,0.0013283769041299
thatcher_27_inv,qwen_image,conditional,0.0013729800283908
thatcher_28_inv,qwen_image,conditional,0.0018655632808804
thatcher_29_inv,qwen_image,conditional,0.0011494790762662
thatcher_30_inv,qwen_image,conditional,0.0009799735993147
thatcher_31_inv,qwen_image,conditional,0.0015883872658014
thatcher_32_inv,qwen_image,conditional,0.0012243465334177
thatcher_33_inv,qwen_image,conditional,0.001910693719983
thatcher_34_inv,qwen_image,conditional,0.0014378558844327
thatcher_35_inv,qwen_image,conditional,0.0021468308568
thatcher_36_inv,qwen_image,conditional,0.0019133666157722
thatcher_37_inv,qwen_image,conditional,0.0016777757555246
thatcher_38_inv,qwen_image,conditional,0.0018518313020467
thatcher_39_inv,qwen_image,conditional,0.0010503684356808
thatcher_40_inv,qwen_image,conditional,0.0015680626034736
thatcher_41_inv,qwen_image,conditional,0.0011357652395963
thatcher_42_inv,qwen_image,conditional,0.0014982191473245
thatcher_43_inv,qwen_image,conditional,0.0017300388216972
thatcher_44_inv,qwen_image,conditional,0.00171863861382
thatcher_45_inv,qwen_image,conditional,0.0015826724097132
thatcher_46_inv,qwen_image,conditional,0.0011605693399906
thatcher_47_inv,qwen_image,conditional,0.0014739438146352
thatcher_48_inv,qwen_image,conditional,0.0009352480620145
thatcher_49_inv,qwen_image,conditional,0.0011696143075823
thatcher_50_inv,qwen_image,conditional,0.0013054421171545
thatcher_51_inv,qwen_image,conditional,0.0015397760272026
thatcher_52_inv,qwen_image,conditional,0.001222004443407
thatcher_53_inv,qwen_image,conditional,0.0012194657325744
thatcher_54_inv,qwen_image,conditional,0.0009205581992864
thatcher_55_inv,qwen_image,conditional,0.0010369638353586
thatcher_56_inv,qwen_image,conditional,0.001735853664577
thatcher_57_inv,qwen_image,conditional,0.0015556967258453
thatcher_58_inv,qwen_image,conditional,0.0010314853489399
thatcher_59_inv,qwen_image,conditional,0.0012267327308654
thatcher_60_inv,qwen_image,conditional,0.0013906687498092
thatcher_61_inv,qwen_image,conditional,0.0013669038563966
thatcher_62_inv,qwen_image,conditional,0.0020275134220719
thatcher_63_inv,qwen_image,conditional,0.0009459975361824
thatcher_64_inv,qwen_image,conditional,0.0010436419397592
thatcher_65_inv,qwen_image,conditional,0.0011876313015818
thatcher_66_inv,qwen_image,conditional,0.0009215101599693
thatcher_67_inv,qwen_image,conditional,0.0019256015866994
thatcher_68_inv,qwen_image,conditional,0.0011846234649419
thatcher_69_inv,qwen_image,conditional,0.0021023503690958
thatcher_70_inv,qwen_image,conditional,0.0019551936537027
thatcher_71_inv,qwen_image,conditional,0.0011889026686549
thatcher_72_inv,qwen_image,conditional,0.0011745961755514
thatcher_73_inv,qwen_image,conditional,0.0019842758029699
thatcher_74_inv,qwen_image,conditional,0.0011050723865628
thatcher_75_inv,qwen_image,conditional,0.0016422900557517
thatcher_76_inv,qwen_image,conditional,0.0008696772903203
thatcher_77_inv,qwen_image,conditional,0.0009290236607193
thatcher_78_inv,qwen_image,conditional,0.0006372744590044
thatcher_79_inv,qwen_image,conditional,0.0013026567548513
thatcher_80_inv,qwen_image,conditional,0.0018928651511669
thatcher_81_inv,qwen_image,conditional,0.0012568022310733
thatcher_82_inv,qwen_image,conditional,0.0018951630219816
thatcher_83_inv,qwen_image,conditional,0.0021170680969953
thatcher_84_inv,qwen_image,conditional,0.0010754819214343
thatcher_85_inv,qwen_image,conditional,0.0009996981173753
thatcher_86_inv,qwen_image,conditional,0.0008550985157489
thatcher_87_inv,qwen_image,conditional,0.0006943391263485
thatcher_88_inv,qwen_image,conditional,0.0010813742130994
thatcher_89_inv,qwen_image,conditional,0.002101302370429
thatcher_90_inv,qwen_image,conditional,0.0011721261590719
thatcher_91_inv,qwen_image,conditional,0.0008512745425104
thatcher_92_inv,qwen_image,conditional,0.0010383684188127
thatcher_93_inv,qwen_image,conditional,0.0014714559912681
thatcher_94_inv,qwen_image,conditional,0.0024626170843839
thatcher_95_inv,qwen_image,conditional,0.0006708750128746
thatcher_96_inv,qwen_image,conditional,0.0010261019319295
thatcher_97_inv,qwen_image,conditional,0.0010269959270954
thatcher_98_inv,qwen_image,conditional,0.0008981575816869
thatcher_99_inv,qwen_image,conditional,0.0013093346357345
thatcher_100_inv,qwen_image,conditional,0.0016034169495105
thatcher_101_inv,qwen_image,conditional,0.0013539433479309
thatcher_102_inv,qwen_image,conditional,0.0009499503672122
thatcher_103_inv,qwen_image,conditional,0.0015840271860361
thatcher_104_inv,qwen_image,conditional,0.0007981625199317
thatcher_105_inv,qwen_image,conditional,0.0017491263896226
thatcher_106_inv,qwen_image,conditional,0.0013906006515026
thatcher_107_inv,qwen_image,conditional,0.0010442699491977
thatcher_108_inv,qwen_image,conditional,0.0008103339374065
thatcher_109_inv,qwen_image,conditional,0.0015123165398836
thatcher_110_inv,qwen_image,conditional,0.0012692333757877
thatcher_111_inv,qwen_image,conditional,0.0013711535185575
thatcher_112_inv,qwen_image,conditional,0.0013118126243352
thatcher_113_inv,qwen_image,conditional,0.0015645791590213
thatcher_114_inv,qwen_image,conditional,0.0010712761431932
thatcher_115_inv,qwen_image,conditional,0.0011580812186002
thatcher_116_inv,qwen_image,conditional,0.0012859667092561
thatcher_117_inv,qwen_image,conditional,0.0023269467055797
thatcher_118_inv,qwen_image,conditional,0.0012671827897429
thatcher_119_inv,qwen_image,conditional,0.0009528850018978
thatcher_120_inv,qwen_image,conditional,0.0019043688476085
thatcher_121_inv,qwen_image,conditional,0.001442514359951
thatcher_122_inv,qwen_image,conditional,0.0009907550364732
thatcher_123_inv,qwen_image,conditional,0.0020113058388233
thatcher_124_inv,qwen_image,conditional,0.0012855704128742
thatcher_125_inv,qwen_image,conditional,0.001540754251182
thatcher_126_inv,qwen_image,conditional,0.0013558822870254
thatcher_127_inv,qwen_image,conditional,0.001228277683258
thatcher_128_inv,qwen_image,conditional,0.0011249706149101
thatcher_129_inv,qwen_image,conditional,0.0009756226092577
thatcher_130_inv,qwen_image,conditional,0.001022696532309
thatcher_131_inv,qwen_image,conditional,0.0014670343697071
thatcher_132_inv,qwen_image,conditional,0.0007731726020574
thatcher_133_inv,qwen_image,conditional,0.0009916461259126
thatcher_134_inv,qwen_image,conditional,0.0009501902014017
thatcher_135_inv,qwen_image,conditional,0.0017352273315191
thatcher_136_inv,qwen_image,conditional,0.0011006025224923
thatcher_137_inv,qwen_image,conditional,0.0006705244258046
thatcher_138_inv,qwen_image,conditional,0.0010715260729193
thatcher_139_inv,qwen_image,conditional,0.0011882583796977
thatcher_0_str,stable_diffusion_3,empty,0.0023020885884761
thatcher_1_str,stable_diffusion_3,empty,0.0026879456639289
thatcher_2_str,stable_diffusion_3,empty,0.0034269213676452
thatcher_3_str,stable_diffusion_3,empty,0.0022527197003364
thatcher_4_str,stable_diffusion_3,empty,0.0027898415923118
thatcher_5_str,stable_diffusion_3,empty,0.0035841931402683
thatcher_6_str,stable_diffusion_3,empty,0.0022260397672653
thatcher_7_str,stable_diffusion_3,empty,0.0041477712243795
thatcher_8_str,stable_diffusion_3,empty,0.0066569031774997
thatcher_9_str,stable_diffusion_3,empty,0.0020124018192291
thatcher_10_str,stable_diffusion_3,empty,0.0025149726867675
thatcher_11_str,stable_diffusion_3,empty,0.0032480165362357
thatcher_12_str,stable_diffusion_3,empty,0.0012722803652286
thatcher_13_str,stable_diffusion_3,empty,0.0028938430547714
thatcher_14_str,stable_diffusion_3,empty,0.0016137833893299
thatcher_15_str,stable_diffusion_3,empty,0.0035313905775547
thatcher_16_str,stable_diffusion_3,empty,0.0033550399541855
thatcher_17_str,stable_diffusion_3,empty,0.0028555339574813
thatcher_18_str,stable_diffusion_3,empty,0.0032996086776256
thatcher_19_str,stable_diffusion_3,empty,0.0050316333770751
thatcher_20_str,stable_diffusion_3,empty,0.0022326657176017
thatcher_21_str,stable_diffusion_3,empty,0.0069061948359012
thatcher_22_str,stable_diffusion_3,empty,0.0042219671607017
thatcher_23_str,stable_diffusion_3,empty,0.002058432996273
thatcher_24_str,stable_diffusion_3,empty,0.0033729887008667
thatcher_25_str,stable_diffusion_3,empty,0.003709665685892
thatcher_26_str,stable_diffusion_3,empty,0.0040161922574042
thatcher_27_str,stable_diffusion_3,empty,0.0020790880918503
thatcher_28_str,stable_diffusion_3,empty,0.0023875986039638
thatcher_29_str,stable_diffusion_3,empty,0.0028676469624042
thatcher_30_str,stable_diffusion_3,empty,0.0020386156439781
thatcher_31_str,stable_diffusion_3,empty,0.0046376697719097
thatcher_32_str,stable_diffusion_3,empty,0.0026929906010628
thatcher_33_str,stable_diffusion_3,empty,0.0045068274438381
thatcher_34_str,stable_diffusion_3,empty,0.0037746042013168
thatcher_35_str,stable_diffusion_3,empty,0.0052084936201572
thatcher_36_str,stable_diffusion_3,empty,0.0043838407099246
thatcher_37_str,stable_diffusion_3,empty,0.005249807536602
thatcher_38_str,stable_diffusion_3,empty,0.0047853298485279
thatcher_39_str,stable_diffusion_3,empty,0.0021301762759685
thatcher_40_str,stable_diffusion_3,empty,0.0039539574086666
thatcher_41_str,stable_diffusion_3,empty,0.0019692713022232
thatcher_42_str,stable_diffusion_3,empty,0.0044225625693797
thatcher_43_str,stable_diffusion_3,empty,0.00334557056427
thatcher_44_str,stable_diffusion_3,empty,0.0037689466774463
thatcher_45_str,stable_diffusion_3,empty,0.0043817932903766
thatcher_46_str,stable_diffusion_3,empty,0.0027843104302883
thatcher_47_str,stable_diffusion_3,empty,0.0026967725157737
thatcher_48_str,stable_diffusion_3,empty,0.0020301796495914
thatcher_49_str,stable_diffusion_3,empty,0.0027669703960419
thatcher_50_str,stable_diffusion_3,empty,0.0030025672912598
thatcher_51_str,stable_diffusion_3,empty,0.0034336514770984
thatcher_52_str,stable_diffusion_3,empty,0.0022223007678985
thatcher_53_str,stable_diffusion_3,empty,0.0035349082201719
thatcher_54_str,stable_diffusion_3,empty,0.0033685600757598
thatcher_55_str,stable_diffusion_3,empty,0.0027883519232272
thatcher_56_str,stable_diffusion_3,empty,0.0037679690122604
thatcher_57_str,stable_diffusion_3,empty,0.0033667035400867
thatcher_58_str,stable_diffusion_3,empty,0.001790854781866
thatcher_59_str,stable_diffusion_3,empty,0.0030092763900756
thatcher_60_str,stable_diffusion_3,empty,0.0028449581563472
thatcher_61_str,stable_diffusion_3,empty,0.0028405933082104
thatcher_62_str,stable_diffusion_3,empty,0.0052248318493366
thatcher_63_str,stable_diffusion_3,empty,0.0026918286085129
thatcher_64_str,stable_diffusion_3,empty,0.0027815894782543
thatcher_65_str,stable_diffusion_3,empty,0.0025103916227817
thatcher_66_str,stable_diffusion_3,empty,0.001366128027439
thatcher_67_str,stable_diffusion_3,empty,0.0047276353836059
thatcher_68_str,stable_diffusion_3,empty,0.0042325682938098
thatcher_69_str,stable_diffusion_3,empty,0.0027227368950843
thatcher_70_str,stable_diffusion_3,empty,0.0043578620254993
thatcher_71_str,stable_diffusion_3,empty,0.0036506401002406
thatcher_72_str,stable_diffusion_3,empty,0.0035290180146694
thatcher_73_str,stable_diffusion_3,empty,0.0024552464485168
thatcher_74_str,stable_diffusion_3,empty,0.0024751545488834
thatcher_75_str,stable_diffusion_3,empty,0.0032839804887771
thatcher_76_str,stable_diffusion_3,empty,0.0033820547163486
thatcher_77_str,stable_diffusion_3,empty,0.0019739510118961
thatcher_78_str,stable_diffusion_3,empty,0.002118257433176
thatcher_79_str,stable_diffusion_3,empty,0.0026037861406802
thatcher_80_str,stable_diffusion_3,empty,0.0041573204100131
thatcher_81_str,stable_diffusion_3,empty,0.0029557570815086
thatcher_82_str,stable_diffusion_3,empty,0.0045836839079856
thatcher_83_str,stable_diffusion_3,empty,0.0050170189142227
thatcher_84_str,stable_diffusion_3,empty,0.0029443345963955
thatcher_85_str,stable_diffusion_3,empty,0.0021217416226864
thatcher_86_str,stable_diffusion_3,empty,0.0024438600242138
thatcher_87_str,stable_diffusion_3,empty,0.0018450355529784
thatcher_88_str,stable_diffusion_3,empty,0.0031544122099876
thatcher_89_str,stable_diffusion_3,empty,0.0049757343530655
thatcher_90_str,stable_diffusion_3,empty,0.0034544810652732
thatcher_91_str,stable_diffusion_3,empty,0.0017681553959846
thatcher_92_str,stable_diffusion_3,empty,0.0023434929549694
thatcher_93_str,stable_diffusion_3,empty,0.0039640663564204
thatcher_94_str,stable_diffusion_3,empty,0.0051023446023464
thatcher_95_str,stable_diffusion_3,empty,0.0018288569152354
thatcher_96_str,stable_diffusion_3,empty,0.0026085345447063
thatcher_97_str,stable_diffusion_3,empty,0.0032589098811149
thatcher_98_str,stable_diffusion_3,empty,0.0027128405123948
thatcher_99_str,stable_diffusion_3,empty,0.0038512147963047
thatcher_100_str,stable_diffusion_3,empty,0.0020857836306095
thatcher_101_str,stable_diffusion_3,empty,0.0026048657298088
thatcher_102_str,stable_diffusion_3,empty,0.0022967246174812
thatcher_103_str,stable_diffusion_3,empty,0.005247874110937
thatcher_104_str,stable_diffusion_3,empty,0.002157214730978
thatcher_105_str,stable_diffusion_3,empty,0.0034083274006843
thatcher_106_str,stable_diffusion_3,empty,0.0016194882988929
thatcher_107_str,stable_diffusion_3,empty,0.0026531171798706
thatcher_108_str,stable_diffusion_3,empty,0.002016460597515
thatcher_109_str,stable_diffusion_3,empty,0.0043797390162944
thatcher_110_str,stable_diffusion_3,empty,0.0020332503318786
thatcher_111_str,stable_diffusion_3,empty,0.0028146970272064
thatcher_112_str,stable_diffusion_3,empty,0.0038457357883453
thatcher_113_str,stable_diffusion_3,empty,0.0039240977913141
thatcher_114_str,stable_diffusion_3,empty,0.0026947978138923
thatcher_115_str,stable_diffusion_3,empty,0.0029342643916606
thatcher_116_str,stable_diffusion_3,empty,0.0036072567105293
thatcher_117_str,stable_diffusion_3,empty,0.004830879792571
thatcher_118_str,stable_diffusion_3,empty,0.0025373031198978
thatcher_119_str,stable_diffusion_3,empty,0.0019473133981228
thatcher_120_str,stable_diffusion_3,empty,0.003837559223175
thatcher_121_str,stable_diffusion_3,empty,0.0027062162756919
thatcher_122_str,stable_diffusion_3,empty,0.0019957536458968
thatcher_123_str,stable_diffusion_3,empty,0.0059618490934372
thatcher_124_str,stable_diffusion_3,empty,0.0020011872053146
thatcher_125_str,stable_diffusion_3,empty,0.003098137229681
thatcher_126_str,stable_diffusion_3,empty,0.0032688227295875
thatcher_127_str,stable_diffusion_3,empty,0.00244961515069
thatcher_128_str,stable_diffusion_3,empty,0.002948994487524
thatcher_129_str,stable_diffusion_3,empty,0.0015935236215591
thatcher_130_str,stable_diffusion_3,empty,0.0019947576522826
thatcher_131_str,stable_diffusion_3,empty,0.0040288242697715
thatcher_132_str,stable_diffusion_3,empty,0.0008184723556041
thatcher_133_str,stable_diffusion_3,empty,0.0023902095854282
thatcher_134_str,stable_diffusion_3,empty,0.002066596597433
thatcher_135_str,stable_diffusion_3,empty,0.0025841441750526
thatcher_136_str,stable_diffusion_3,empty,0.0021772243082523
thatcher_137_str,stable_diffusion_3,empty,0.0020318117737769
thatcher_138_str,stable_diffusion_3,empty,0.0015976589918136
thatcher_139_str,stable_diffusion_3,empty,0.0017498433589935
thatcher_0_inv,stable_diffusion_3,empty,0.0003860488533973
thatcher_1_inv,stable_diffusion_3,empty,0.0007636961340904
thatcher_2_inv,stable_diffusion_3,empty,0.001068220436573
thatcher_3_inv,stable_diffusion_3,empty,0.0009470054507255
thatcher_4_inv,stable_diffusion_3,empty,0.0013161784410476
thatcher_5_inv,stable_diffusion_3,empty,0.0010743613541125
thatcher_6_inv,stable_diffusion_3,empty,0.0008549061417579
thatcher_7_inv,stable_diffusion_3,empty,3.5490244627012224e-05
thatcher_8_inv,stable_diffusion_3,empty,0.0030939066410064
thatcher_9_inv,stable_diffusion_3,empty,0.0009472961723804
thatcher_10_inv,stable_diffusion_3,empty,0.0010180839896201
thatcher_11_inv,stable_diffusion_3,empty,0.0008839932084083
thatcher_12_inv,stable_diffusion_3,empty,0.0007682257890701
thatcher_13_inv,stable_diffusion_3,empty,0.0003730162978172
thatcher_14_inv,stable_diffusion_3,empty,0.0012144012749195
thatcher_15_inv,stable_diffusion_3,empty,0.0020309926569461
thatcher_16_inv,stable_diffusion_3,empty,0.002887862175703
thatcher_17_inv,stable_diffusion_3,empty,0.0009186318516731
thatcher_18_inv,stable_diffusion_3,empty,0.0004870784282684
thatcher_19_inv,stable_diffusion_3,empty,0.0019210535287857
thatcher_20_inv,stable_diffusion_3,empty,0.0014098192751407
thatcher_21_inv,stable_diffusion_3,empty,0.0012293499708175
thatcher_22_inv,stable_diffusion_3,empty,0.0015513713657856
thatcher_23_inv,stable_diffusion_3,empty,0.000803135484457
thatcher_24_inv,stable_diffusion_3,empty,0.0006445546448231
thatcher_25_inv,stable_diffusion_3,empty,0.0021431829035282
thatcher_26_inv,stable_diffusion_3,empty,0.0012557590007782
thatcher_27_inv,stable_diffusion_3,empty,0.0009610456228256
thatcher_28_inv,stable_diffusion_3,empty,0.0008108411729336
thatcher_29_inv,stable_diffusion_3,empty,0.0003524507582187
thatcher_30_inv,stable_diffusion_3,empty,0.0008099246025085
thatcher_31_inv,stable_diffusion_3,empty,0.0017484067380428
thatcher_32_inv,stable_diffusion_3,empty,0.001032970547676
thatcher_33_inv,stable_diffusion_3,empty,0.000580469071865
thatcher_34_inv,stable_diffusion_3,empty,0.0013885153830051
thatcher_35_inv,stable_diffusion_3,empty,0.0010605862736702
thatcher_36_inv,stable_diffusion_3,empty,0.0014260533452034
thatcher_37_inv,stable_diffusion_3,empty,0.0006623981893062
thatcher_38_inv,stable_diffusion_3,empty,0.0020271851122379
thatcher_39_inv,stable_diffusion_3,empty,0.00193074837327
thatcher_40_inv,stable_diffusion_3,empty,0.0024226757884026
thatcher_41_inv,stable_diffusion_3,empty,0.0005324505269527
thatcher_42_inv,stable_diffusion_3,empty,0.0013350312411785
thatcher_43_inv,stable_diffusion_3,empty,0.0005075626075267
thatcher_44_inv,stable_diffusion_3,empty,0.0012604047358035
thatcher_45_inv,stable_diffusion_3,empty,0.0015885296463966
thatcher_46_inv,stable_diffusion_3,empty,0.0009414158761501
thatcher_47_inv,stable_diffusion_3,empty,0.0011733543872833
thatcher_48_inv,stable_diffusion_3,empty,-0.0001251456141471
thatcher_49_inv,stable_diffusion_3,empty,0.0017143386602401
thatcher_50_inv,stable_diffusion_3,empty,0.0015882816910743
thatcher_51_inv,stable_diffusion_3,empty,0.0023003382980823
thatcher_52_inv,stable_diffusion_3,empty,0.0006997069716453
thatcher_53_inv,stable_diffusion_3,empty,0.000782361626625
thatcher_54_inv,stable_diffusion_3,empty,0.0005602227151393
thatcher_55_inv,stable_diffusion_3,empty,0.0003486992418765
thatcher_56_inv,stable_diffusion_3,empty,0.0022881340980529
thatcher_57_inv,stable_diffusion_3,empty,0.0013566730916499
thatcher_58_inv,stable_diffusion_3,empty,0.0009065964818
thatcher_59_inv,stable_diffusion_3,empty,0.0009593711793423
thatcher_60_inv,stable_diffusion_3,empty,0.0005079963803291
thatcher_61_inv,stable_diffusion_3,empty,0.0006158874928951
thatcher_62_inv,stable_diffusion_3,empty,0.0018662829697132
thatcher_63_inv,stable_diffusion_3,empty,0.0010817475616931
thatcher_64_inv,stable_diffusion_3,empty,0.0009951297938823
thatcher_65_inv,stable_diffusion_3,empty,0.0012835298478603
thatcher_66_inv,stable_diffusion_3,empty,0.0002451641857623
thatcher_67_inv,stable_diffusion_3,empty,0.0004334305226802
thatcher_68_inv,stable_diffusion_3,empty,0.0012831228971481
thatcher_69_inv,stable_diffusion_3,empty,0.0023078659176826
thatcher_70_inv,stable_diffusion_3,empty,0.0015647122263908
thatcher_71_inv,stable_diffusion_3,empty,0.0017709739506244
thatcher_72_inv,stable_diffusion_3,empty,0.0016675570607185
thatcher_73_inv,stable_diffusion_3,empty,0.0019886426627636
thatcher_74_inv,stable_diffusion_3,empty,0.0011177112162113
thatcher_75_inv,stable_diffusion_3,empty,0.0009573324024677
thatcher_76_inv,stable_diffusion_3,empty,0.0017588014900684
thatcher_77_inv,stable_diffusion_3,empty,0.0011232638359069
thatcher_78_inv,stable_diffusion_3,empty,0.0009404480457305
thatcher_79_inv,stable_diffusion_3,empty,0.0012165160477161
thatcher_80_inv,stable_diffusion_3,empty,0.0024901957809925
thatcher_81_inv,stable_diffusion_3,empty,0.0006968833506107
thatcher_82_inv,stable_diffusion_3,empty,0.0011046874523162
thatcher_83_inv,stable_diffusion_3,empty,0.0013920563459396
thatcher_84_inv,stable_diffusion_3,empty,0.0009410464763641
thatcher_85_inv,stable_diffusion_3,empty,0.0009201242029667
thatcher_86_inv,stable_diffusion_3,empty,0.0005665881931781
thatcher_87_inv,stable_diffusion_3,empty,2.4548768997156856e-05
thatcher_88_inv,stable_diffusion_3,empty,0.0007449738681316
thatcher_89_inv,stable_diffusion_3,empty,0.0026867945492267
thatcher_90_inv,stable_diffusion_3,empty,0.0009135408699512
thatcher_91_inv,stable_diffusion_3,empty,0.0008987510204315
thatcher_92_inv,stable_diffusion_3,empty,0.0005075259506702
thatcher_93_inv,stable_diffusion_3,empty,0.0012687471508979
thatcher_94_inv,stable_diffusion_3,empty,0.0024552892148494
thatcher_95_inv,stable_diffusion_3,empty,0.000599198937416
thatcher_96_inv,stable_diffusion_3,empty,0.0015232175588608
thatcher_97_inv,stable_diffusion_3,empty,9.94175672531239e-05
thatcher_98_inv,stable_diffusion_3,empty,0.0014461094141006
thatcher_99_inv,stable_diffusion_3,empty,-3.048479557010708e-06
thatcher_100_inv,stable_diffusion_3,empty,0.0012011764943599
thatcher_101_inv,stable_diffusion_3,empty,0.001136956512928
thatcher_102_inv,stable_diffusion_3,empty,0.0009085756540298
thatcher_103_inv,stable_diffusion_3,empty,0.0004188929498195
thatcher_104_inv,stable_diffusion_3,empty,0.000726239234209
thatcher_105_inv,stable_diffusion_3,empty,0.001472066193819
thatcher_106_inv,stable_diffusion_3,empty,0.0009871535003185
thatcher_107_inv,stable_diffusion_3,empty,0.0009168042242527
thatcher_108_inv,stable_diffusion_3,empty,0.0008923609554767
thatcher_109_inv,stable_diffusion_3,empty,0.0016382834315299
thatcher_110_inv,stable_diffusion_3,empty,0.0010036239027976
thatcher_111_inv,stable_diffusion_3,empty,0.0012774278223514
thatcher_112_inv,stable_diffusion_3,empty,0.0019383862614631
thatcher_113_inv,stable_diffusion_3,empty,0.0011262428760528
thatcher_114_inv,stable_diffusion_3,empty,0.0011632134020328
thatcher_115_inv,stable_diffusion_3,empty,0.0009092709422111
thatcher_116_inv,stable_diffusion_3,empty,0.0017462055385112
thatcher_117_inv,stable_diffusion_3,empty,0.002725776284933
thatcher_118_inv,stable_diffusion_3,empty,0.0007000385224819
thatcher_119_inv,stable_diffusion_3,empty,0.0005426999926567
thatcher_120_inv,stable_diffusion_3,empty,0.0015820679068564
thatcher_121_inv,stable_diffusion_3,empty,0.0006603567302226
thatcher_122_inv,stable_diffusion_3,empty,0.0002150452136993
thatcher_123_inv,stable_diffusion_3,empty,0.0016508014500141
thatcher_124_inv,stable_diffusion_3,empty,0.0014445480704307
thatcher_125_inv,stable_diffusion_3,empty,0.0013271521031856
thatcher_126_inv,stable_diffusion_3,empty,-0.0001023279130458
thatcher_127_inv,stable_diffusion_3,empty,0.0015791700780392
thatcher_128_inv,stable_diffusion_3,empty,0.0014114996790886
thatcher_129_inv,stable_diffusion_3,empty,0.0007123066484928
thatcher_130_inv,stable_diffusion_3,empty,0.0005564202368259
thatcher_131_inv,stable_diffusion_3,empty,0.0014985851943492
thatcher_132_inv,stable_diffusion_3,empty,0.0004735819995403
thatcher_133_inv,stable_diffusion_3,empty,0.0007494802772998
thatcher_134_inv,stable_diffusion_3,empty,0.0015257202088833
thatcher_135_inv,stable_diffusion_3,empty,0.0026050850749015
thatcher_136_inv,stable_diffusion_3,empty,0.0009553445875644
thatcher_137_inv,stable_diffusion_3,empty,0.0016134811937809
thatcher_138_inv,stable_diffusion_3,empty,0.0003433306515216
thatcher_139_inv,stable_diffusion_3,empty,0.0005538010597229
thatcher_0_str,stable_diffusion_3,conditional,0.001952882707119
thatcher_1_str,stable_diffusion_3,conditional,0.0025518384575843
thatcher_2_str,stable_diffusion_3,conditional,0.0032798402011394
thatcher_3_str,stable_diffusion_3,conditional,0.002350813448429
thatcher_4_str,stable_diffusion_3,conditional,0.0028657254576682
thatcher_5_str,stable_diffusion_3,conditional,0.003376580774784
thatcher_6_str,stable_diffusion_3,conditional,0.0021677154302596
thatcher_7_str,stable_diffusion_3,conditional,0.0038464788347482
thatcher_8_str,stable_diffusion_3,conditional,0.0067588551342487
thatcher_9_str,stable_diffusion_3,conditional,0.0022065377235412
thatcher_10_str,stable_diffusion_3,conditional,0.0019350552558898
thatcher_11_str,stable_diffusion_3,conditional,0.0033258122205734
thatcher_12_str,stable_diffusion_3,conditional,0.0014565485715866
thatcher_13_str,stable_diffusion_3,conditional,0.0028256253898144
thatcher_14_str,stable_diffusion_3,conditional,0.001332087367773
thatcher_15_str,stable_diffusion_3,conditional,0.0033524434268474
thatcher_16_str,stable_diffusion_3,conditional,0.0032418076694011
thatcher_17_str,stable_diffusion_3,conditional,0.0029807601869106
thatcher_18_str,stable_diffusion_3,conditional,0.002922890484333
thatcher_19_str,stable_diffusion_3,conditional,0.004883566647768
thatcher_20_str,stable_diffusion_3,conditional,0.0019662275910377
thatcher_21_str,stable_diffusion_3,conditional,0.0066522361338138
thatcher_22_str,stable_diffusion_3,conditional,0.0037974271178245
thatcher_23_str,stable_diffusion_3,conditional,0.0017585581541061
thatcher_24_str,stable_diffusion_3,conditional,0.0033774016797542
thatcher_25_str,stable_diffusion_3,conditional,0.0037160459160804
thatcher_26_str,stable_diffusion_3,conditional,0.0038358412683009
thatcher_27_str,stable_diffusion_3,conditional,0.0021849980950355
thatcher_28_str,stable_diffusion_3,conditional,0.0025773739814757
thatcher_29_str,stable_diffusion_3,conditional,0.0026714658737182
thatcher_30_str,stable_diffusion_3,conditional,0.0022840309143066
thatcher_31_str,stable_diffusion_3,conditional,0.0042321021854877
thatcher_32_str,stable_diffusion_3,conditional,0.0022856092453003
thatcher_33_str,stable_diffusion_3,conditional,0.0044542029500007
thatcher_34_str,stable_diffusion_3,conditional,0.0035533152520656
thatcher_35_str,stable_diffusion_3,conditional,0.0050959482789039
thatcher_36_str,stable_diffusion_3,conditional,0.0044100016355514
thatcher_37_str,stable_diffusion_3,conditional,0.0050423112511635
thatcher_38_str,stable_diffusion_3,conditional,0.0043412916362285
thatcher_39_str,stable_diffusion_3,conditional,0.0024689678847789
thatcher_40_str,stable_diffusion_3,conditional,0.0044349338114261
thatcher_41_str,stable_diffusion_3,conditional,0.0023443435132503
thatcher_42_str,stable_diffusion_3,conditional,0.0044758878648281
thatcher_43_str,stable_diffusion_3,conditional,0.003381263166666
thatcher_44_str,stable_diffusion_3,conditional,0.0036436618864535
thatcher_45_str,stable_diffusion_3,conditional,0.004277765750885
thatcher_46_str,stable_diffusion_3,conditional,0.0028985945880413
thatcher_47_str,stable_diffusion_3,conditional,0.0025966984033584
thatcher_48_str,stable_diffusion_3,conditional,0.0019810527563094
thatcher_49_str,stable_diffusion_3,conditional,0.0025026024878024
thatcher_50_str,stable_diffusion_3,conditional,0.0027413845062256
thatcher_51_str,stable_diffusion_3,conditional,0.003242001235485
thatcher_52_str,stable_diffusion_3,conditional,0.0023547548055648
thatcher_53_str,stable_diffusion_3,conditional,0.0033114880323409
thatcher_54_str,stable_diffusion_3,conditional,0.0033352780342101
thatcher_55_str,stable_diffusion_3,conditional,0.0027085204422473
thatcher_56_str,stable_diffusion_3,conditional,0.0037699335813521
thatcher_57_str,stable_diffusion_3,conditional,0.0033984526991843
thatcher_58_str,stable_diffusion_3,conditional,0.0016434028744697
thatcher_59_str,stable_diffusion_3,conditional,0.0030430211126803
thatcher_60_str,stable_diffusion_3,conditional,0.002743621468544
thatcher_61_str,stable_diffusion_3,conditional,0.0028787986934185
thatcher_62_str,stable_diffusion_3,conditional,0.0048198454082011
thatcher_63_str,stable_diffusion_3,conditional,0.0027470025420188
thatcher_64_str,stable_diffusion_3,conditional,0.0032114498317241
thatcher_65_str,stable_diffusion_3,conditional,0.0027944004535674
thatcher_66_str,stable_diffusion_3,conditional,0.0012150479853152
thatcher_67_str,stable_diffusion_3,conditional,0.0047536465525627
thatcher_68_str,stable_diffusion_3,conditional,0.0038070122897624
thatcher_69_str,stable_diffusion_3,conditional,0.0022968411445617
thatcher_70_str,stable_diffusion_3,conditional,0.0042028798162936
thatcher_71_str,stable_diffusion_3,conditional,0.0035361555218696
thatcher_72_str,stable_diffusion_3,conditional,0.0032300040125846
thatcher_73_str,stable_diffusion_3,conditional,0.0025754679739475
thatcher_74_str,stable_diffusion_3,conditional,0.0024374881386757
thatcher_75_str,stable_diffusion_3,conditional,0.0035480393469333
thatcher_76_str,stable_diffusion_3,conditional,0.0035651448369026
thatcher_77_str,stable_diffusion_3,conditional,0.0021824513375759
thatcher_78_str,stable_diffusion_3,conditional,0.002294709533453
thatcher_79_str,stable_diffusion_3,conditional,0.0029564619064331
thatcher_80_str,stable_diffusion_3,conditional,0.0040904887020588
thatcher_81_str,stable_diffusion_3,conditional,0.0027863211929797
thatcher_82_str,stable_diffusion_3,conditional,0.0043504752218723
thatcher_83_str,stable_diffusion_3,conditional,0.0052582712471485
thatcher_84_str,stable_diffusion_3,conditional,0.0028180229663848
thatcher_85_str,stable_diffusion_3,conditional,0.0019760645925998
thatcher_86_str,stable_diffusion_3,conditional,0.002337966710329
thatcher_87_str,stable_diffusion_3,conditional,0.0020255102217197
thatcher_88_str,stable_diffusion_3,conditional,0.0030667488276958
thatcher_89_str,stable_diffusion_3,conditional,0.0046669454872608
thatcher_90_str,stable_diffusion_3,conditional,0.0030850408971309
thatcher_91_str,stable_diffusion_3,conditional,0.0018586741387843
thatcher_92_str,stable_diffusion_3,conditional,0.0023279964923859
thatcher_93_str,stable_diffusion_3,conditional,0.0039926202595234
thatcher_94_str,stable_diffusion_3,conditional,0.0047206306457519
thatcher_95_str,stable_diffusion_3,conditional,0.001948238313198
thatcher_96_str,stable_diffusion_3,conditional,0.002879589498043
thatcher_97_str,stable_diffusion_3,conditional,0.0032909770309925
thatcher_98_str,stable_diffusion_3,conditional,0.0025217328965663
thatcher_99_str,stable_diffusion_3,conditional,0.00345164462924
thatcher_100_str,stable_diffusion_3,conditional,0.0022336189448833
thatcher_101_str,stable_diffusion_3,conditional,0.0025127078592777
thatcher_102_str,stable_diffusion_3,conditional,0.0022536920011043
thatcher_103_str,stable_diffusion_3,conditional,0.0051958365738392
thatcher_104_str,stable_diffusion_3,conditional,0.0020064164698123
thatcher_105_str,stable_diffusion_3,conditional,0.0031243799626827
thatcher_106_str,stable_diffusion_3,conditional,0.0019699907302856
thatcher_107_str,stable_diffusion_3,conditional,0.0031584145128726
thatcher_108_str,stable_diffusion_3,conditional,0.0019998644292354
thatcher_109_str,stable_diffusion_3,conditional,0.0043386916816234
thatcher_110_str,stable_diffusion_3,conditional,0.001799231171608
thatcher_111_str,stable_diffusion_3,conditional,0.0029764278233051
thatcher_112_str,stable_diffusion_3,conditional,0.0038579024374484
thatcher_113_str,stable_diffusion_3,conditional,0.0045093014836311
thatcher_114_str,stable_diffusion_3,conditional,0.0025795510411262
thatcher_115_str,stable_diffusion_3,conditional,0.0032773125171661
thatcher_116_str,stable_diffusion_3,conditional,0.0032207402586936
thatcher_117_str,stable_diffusion_3,conditional,0.0044218826293945
thatcher_118_str,stable_diffusion_3,conditional,0.0024494352936744
thatcher_119_str,stable_diffusion_3,conditional,0.0020762945711612
thatcher_120_str,stable_diffusion_3,conditional,0.0037183178961276
thatcher_121_str,stable_diffusion_3,conditional,0.0024448984861373
thatcher_122_str,stable_diffusion_3,conditional,0.002485577315092
thatcher_123_str,stable_diffusion_3,conditional,0.0061357422173022
thatcher_124_str,stable_diffusion_3,conditional,0.002399994879961
thatcher_125_str,stable_diffusion_3,conditional,0.0028130313754081
thatcher_126_str,stable_diffusion_3,conditional,0.0025261580944061
thatcher_127_str,stable_diffusion_3,conditional,0.0021075324714183
thatcher_128_str,stable_diffusion_3,conditional,0.0028694589436054
thatcher_129_str,stable_diffusion_3,conditional,0.0018444490432739
thatcher_130_str,stable_diffusion_3,conditional,0.0017868252843618
thatcher_131_str,stable_diffusion_3,conditional,0.0036126199364662
thatcher_132_str,stable_diffusion_3,conditional,0.0011487577855586
thatcher_133_str,stable_diffusion_3,conditional,0.0023435322940349
thatcher_134_str,stable_diffusion_3,conditional,0.0024450543522834
thatcher_135_str,stable_diffusion_3,conditional,0.0029758366942405
thatcher_136_str,stable_diffusion_3,conditional,0.0019887135922909
thatcher_137_str,stable_diffusion_3,conditional,0.0019534826278686
thatcher_138_str,stable_diffusion_3,conditional,0.0016339515149593
thatcher_139_str,stable_diffusion_3,conditional,0.0017592096328735
thatcher_0_inv,stable_diffusion_3,conditional,0.0007320319116115
thatcher_1_inv,stable_diffusion_3,conditional,0.0008329954743385
thatcher_2_inv,stable_diffusion_3,conditional,0.0012743820250034
thatcher_3_inv,stable_diffusion_3,conditional,0.001658651381731
thatcher_4_inv,stable_diffusion_3,conditional,0.0011103308200836
thatcher_5_inv,stable_diffusion_3,conditional,0.0014387273788452
thatcher_6_inv,stable_diffusion_3,conditional,0.0009627184271812
thatcher_7_inv,stable_diffusion_3,conditional,-5.977302789672567e-06
thatcher_8_inv,stable_diffusion_3,conditional,0.0031889556348323
thatcher_9_inv,stable_diffusion_3,conditional,0.0009630854427814
thatcher_10_inv,stable_diffusion_3,conditional,0.0014978896081447
thatcher_11_inv,stable_diffusion_3,conditional,0.0009059950709343
thatcher_12_inv,stable_diffusion_3,conditional,0.0007030469179153
thatcher_13_inv,stable_diffusion_3,conditional,0.0003044407069683
thatcher_14_inv,stable_diffusion_3,conditional,0.001169850975275
thatcher_15_inv,stable_diffusion_3,conditional,0.0016997893154621
thatcher_16_inv,stable_diffusion_3,conditional,0.0026049025356769
thatcher_17_inv,stable_diffusion_3,conditional,0.0013240666687488
thatcher_18_inv,stable_diffusion_3,conditional,0.0005245362222194
thatcher_19_inv,stable_diffusion_3,conditional,0.0021162709593772
thatcher_20_inv,stable_diffusion_3,conditional,0.0013231815397739
thatcher_21_inv,stable_diffusion_3,conditional,0.0018259352445602
thatcher_22_inv,stable_diffusion_3,conditional,0.0016719891130924
thatcher_23_inv,stable_diffusion_3,conditional,0.0005132727324962
thatcher_24_inv,stable_diffusion_3,conditional,0.0007438617944717
thatcher_25_inv,stable_diffusion_3,conditional,0.0018702948093414
thatcher_26_inv,stable_diffusion_3,conditional,0.0014892099797725
thatcher_27_inv,stable_diffusion_3,conditional,0.0010359895229339
thatcher_28_inv,stable_diffusion_3,conditional,0.0009451395273208
thatcher_29_inv,stable_diffusion_3,conditional,0.0004430972039699
thatcher_30_inv,stable_diffusion_3,conditional,0.0010131725668907
thatcher_31_inv,stable_diffusion_3,conditional,0.0018466351926326
thatcher_32_inv,stable_diffusion_3,conditional,0.0012040764093398
thatcher_33_inv,stable_diffusion_3,conditional,0.0008528734743595
thatcher_34_inv,stable_diffusion_3,conditional,0.0011726276576519
thatcher_35_inv,stable_diffusion_3,conditional,0.0014130821824073
thatcher_36_inv,stable_diffusion_3,conditional,0.0013900125026702
thatcher_37_inv,stable_diffusion_3,conditional,0.0015118037164211
thatcher_38_inv,stable_diffusion_3,conditional,0.0020535553991795
thatcher_39_inv,stable_diffusion_3,conditional,0.0012676766514778
thatcher_40_inv,stable_diffusion_3,conditional,0.0019060043990611
thatcher_41_inv,stable_diffusion_3,conditional,0.0006149992346763
thatcher_42_inv,stable_diffusion_3,conditional,0.0016826342046261
thatcher_43_inv,stable_diffusion_3,conditional,0.0013303339481354
thatcher_44_inv,stable_diffusion_3,conditional,0.0014564579725265
thatcher_45_inv,stable_diffusion_3,conditional,0.001806576102972
thatcher_46_inv,stable_diffusion_3,conditional,0.0012255305051803
thatcher_47_inv,stable_diffusion_3,conditional,0.0013139232993125
thatcher_48_inv,stable_diffusion_3,conditional,3.082364797590831e-05
thatcher_49_inv,stable_diffusion_3,conditional,0.0015006206929683
thatcher_50_inv,stable_diffusion_3,conditional,0.0015597949922084
thatcher_51_inv,stable_diffusion_3,conditional,0.0024494160711765
thatcher_52_inv,stable_diffusion_3,conditional,0.000738767683506
thatcher_53_inv,stable_diffusion_3,conditional,0.0006950388848782
thatcher_54_inv,stable_diffusion_3,conditional,0.000696270763874
thatcher_55_inv,stable_diffusion_3,conditional,0.0003891886770724
thatcher_56_inv,stable_diffusion_3,conditional,0.0019120243191718
thatcher_57_inv,stable_diffusion_3,conditional,0.001215763837099
thatcher_58_inv,stable_diffusion_3,conditional,0.0008262953162193
thatcher_59_inv,stable_diffusion_3,conditional,0.0007409524917602
thatcher_60_inv,stable_diffusion_3,conditional,0.0007986655831337
thatcher_61_inv,stable_diffusion_3,conditional,0.0008636155724525
thatcher_62_inv,stable_diffusion_3,conditional,0.0020744432508945
thatcher_63_inv,stable_diffusion_3,conditional,0.001066850721836
thatcher_64_inv,stable_diffusion_3,conditional,0.0008214293420314
thatcher_65_inv,stable_diffusion_3,conditional,0.0014769372344016
thatcher_66_inv,stable_diffusion_3,conditional,0.0008113567531108
thatcher_67_inv,stable_diffusion_3,conditional,0.0010064259171486
thatcher_68_inv,stable_diffusion_3,conditional,0.0016271187365055
thatcher_69_inv,stable_diffusion_3,conditional,0.0022478739917278
thatcher_70_inv,stable_diffusion_3,conditional,0.0017127831280231
thatcher_71_inv,stable_diffusion_3,conditional,0.0015535385906696
thatcher_72_inv,stable_diffusion_3,conditional,0.0013888838887214
thatcher_73_inv,stable_diffusion_3,conditional,0.0022216789424419
thatcher_74_inv,stable_diffusion_3,conditional,0.0004317080974578
thatcher_75_inv,stable_diffusion_3,conditional,0.001210371851921
thatcher_76_inv,stable_diffusion_3,conditional,0.0017588163912296
thatcher_77_inv,stable_diffusion_3,conditional,0.001257090717554
thatcher_78_inv,stable_diffusion_3,conditional,0.0010075244307518
thatcher_79_inv,stable_diffusion_3,conditional,0.0012944218516349
thatcher_80_inv,stable_diffusion_3,conditional,0.0024570786952972
thatcher_81_inv,stable_diffusion_3,conditional,0.0009836606681347
thatcher_82_inv,stable_diffusion_3,conditional,0.0007578076422214
thatcher_83_inv,stable_diffusion_3,conditional,0.0013004909455776
thatcher_84_inv,stable_diffusion_3,conditional,0.0014467385411262
thatcher_85_inv,stable_diffusion_3,conditional,0.0010168576240539
thatcher_86_inv,stable_diffusion_3,conditional,0.000823495388031
thatcher_87_inv,stable_diffusion_3,conditional,0.0001692414283752
thatcher_88_inv,stable_diffusion_3,conditional,0.0010572731494903
thatcher_89_inv,stable_diffusion_3,conditional,0.0030831278860569
thatcher_90_inv,stable_diffusion_3,conditional,0.0013685536384582
thatcher_91_inv,stable_diffusion_3,conditional,0.000741137266159
thatcher_92_inv,stable_diffusion_3,conditional,0.0007352066040039
thatcher_93_inv,stable_diffusion_3,conditional,0.0013675850629806
thatcher_94_inv,stable_diffusion_3,conditional,0.0026561111211776
thatcher_95_inv,stable_diffusion_3,conditional,0.0005671472847462
thatcher_96_inv,stable_diffusion_3,conditional,0.002195528447628
thatcher_97_inv,stable_diffusion_3,conditional,0.0004857908189296
thatcher_98_inv,stable_diffusion_3,conditional,0.001628651022911
thatcher_99_inv,stable_diffusion_3,conditional,0.0001413308084011
thatcher_100_inv,stable_diffusion_3,conditional,0.0007696467638015
thatcher_101_inv,stable_diffusion_3,conditional,0.0016542993485927
thatcher_102_inv,stable_diffusion_3,conditional,0.0011216640472411
thatcher_103_inv,stable_diffusion_3,conditional,0.0010196337103843
thatcher_104_inv,stable_diffusion_3,conditional,0.0009951332211494
thatcher_105_inv,stable_diffusion_3,conditional,0.0015304972231388
thatcher_106_inv,stable_diffusion_3,conditional,0.0008508691191673
thatcher_107_inv,stable_diffusion_3,conditional,0.0012669931352138
thatcher_108_inv,stable_diffusion_3,conditional,0.0008417557179927
thatcher_109_inv,stable_diffusion_3,conditional,0.0017705723643302
thatcher_110_inv,stable_diffusion_3,conditional,0.0010909366607665
thatcher_111_inv,stable_diffusion_3,conditional,0.0012000626325607
thatcher_112_inv,stable_diffusion_3,conditional,0.0020046161115169
thatcher_113_inv,stable_diffusion_3,conditional,0.0013644334673881
thatcher_114_inv,stable_diffusion_3,conditional,0.0010279473662376
thatcher_115_inv,stable_diffusion_3,conditional,0.0009571957588195
thatcher_116_inv,stable_diffusion_3,conditional,0.001874516904354
thatcher_117_inv,stable_diffusion_3,conditional,0.0024857941269874
thatcher_118_inv,stable_diffusion_3,conditional,0.0009990441799164
thatcher_119_inv,stable_diffusion_3,conditional,0.0005174016952514
thatcher_120_inv,stable_diffusion_3,conditional,0.0021564134955405
thatcher_121_inv,stable_diffusion_3,conditional,0.0008998894691467
thatcher_122_inv,stable_diffusion_3,conditional,0.0003415936231613
thatcher_123_inv,stable_diffusion_3,conditional,0.0019635578989982
thatcher_124_inv,stable_diffusion_3,conditional,0.0017107853293418
thatcher_125_inv,stable_diffusion_3,conditional,0.0015405413508415
thatcher_126_inv,stable_diffusion_3,conditional,0.000281783491373
thatcher_127_inv,stable_diffusion_3,conditional,0.0015562710165977
thatcher_128_inv,stable_diffusion_3,conditional,0.0008548054099082
thatcher_129_inv,stable_diffusion_3,conditional,0.0010989753901958
thatcher_130_inv,stable_diffusion_3,conditional,0.000800110399723
thatcher_131_inv,stable_diffusion_3,conditional,0.0015925152599811
thatcher_132_inv,stable_diffusion_3,conditional,0.0005780556797981
thatcher_133_inv,stable_diffusion_3,conditional,0.000602379143238
thatcher_134_inv,stable_diffusion_3,conditional,0.0014133043587207
thatcher_135_inv,stable_diffusion_3,conditional,0.0025897508859634
thatcher_136_inv,stable_diffusion_3,conditional,0.0006553967297077
thatcher_137_inv,stable_diffusion_3,conditional,0.0014890392124652
thatcher_138_inv,stable_diffusion_3,conditional,1.6933381557449056e-05
thatcher_139_inv,stable_diffusion_3,conditional,0.0009355646371841
thatcher_0_str,flux1_dev,empty,0.002665025293827
thatcher_1_str,flux1_dev,empty,0.0017985695600509
thatcher_2_str,flux1_dev,empty,0.0026349005103111
thatcher_3_str,flux1_dev,empty,0.0027775794267654
thatcher_4_str,flux1_dev,empty,0.0040943065285682
thatcher_5_str,flux1_dev,empty,0.0055732110142707
thatcher_6_str,flux1_dev,empty,0.0043259510397911
thatcher_7_str,flux1_dev,empty,0.0049878211319446
thatcher_8_str,flux1_dev,empty,0.006364879310131
thatcher_9_str,flux1_dev,empty,0.003345478773117
thatcher_10_str,flux1_dev,empty,0.0031032294034957
thatcher_11_str,flux1_dev,empty,0.0037791261076927
thatcher_12_str,flux1_dev,empty,0.0023186939954757
thatcher_13_str,flux1_dev,empty,0.0037408688664436
thatcher_14_str,flux1_dev,empty,0.0030630385875701
thatcher_15_str,flux1_dev,empty,0.0038860145211219
thatcher_16_str,flux1_dev,empty,0.0029969888925552
thatcher_17_str,flux1_dev,empty,0.0036623388528823
thatcher_18_str,flux1_dev,empty,0.0042971867322921
thatcher_19_str,flux1_dev,empty,0.0058961498737335
thatcher_20_str,flux1_dev,empty,0.0018158414959907
thatcher_21_str,flux1_dev,empty,0.0068204823136329
thatcher_22_str,flux1_dev,empty,0.0046798932552338
thatcher_23_str,flux1_dev,empty,0.0030964827537536
thatcher_24_str,flux1_dev,empty,0.0045258313417435
thatcher_25_str,flux1_dev,empty,0.0044752234220504
thatcher_26_str,flux1_dev,empty,0.0045125347375869
thatcher_27_str,flux1_dev,empty,0.0031922167539596
thatcher_28_str,flux1_dev,empty,0.004023086130619
thatcher_29_str,flux1_dev,empty,0.0027254447340965
thatcher_30_str,flux1_dev,empty,0.0015375438332557
thatcher_31_str,flux1_dev,empty,0.0056245875358582
thatcher_32_str,flux1_dev,empty,0.0020986354351043
thatcher_33_str,flux1_dev,empty,0.0077773967385291
thatcher_34_str,flux1_dev,empty,0.0035771095752716
thatcher_35_str,flux1_dev,empty,0.0054182270169258
thatcher_36_str,flux1_dev,empty,0.0051598563790321
thatcher_37_str,flux1_dev,empty,0.0059118610620498
thatcher_38_str,flux1_dev,empty,0.0056851148605345
thatcher_39_str,flux1_dev,empty,0.0020551908016204
thatcher_40_str,flux1_dev,empty,0.0048012560606003
thatcher_41_str,flux1_dev,empty,0.0037112030386924
thatcher_42_str,flux1_dev,empty,0.004533402621746
thatcher_43_str,flux1_dev,empty,0.004686606824398
thatcher_44_str,flux1_dev,empty,0.0040088680386543
thatcher_45_str,flux1_dev,empty,0.0048571592569351
thatcher_46_str,flux1_dev,empty,0.002392431795597
thatcher_47_str,flux1_dev,empty,0.0025390452146529
thatcher_48_str,flux1_dev,empty,0.0017767137289046
thatcher_49_str,flux1_dev,empty,0.0029986360669135
thatcher_50_str,flux1_dev,empty,0.0023726415634155
thatcher_51_str,flux1_dev,empty,0.0033303001523017
thatcher_52_str,flux1_dev,empty,0.0035380762815475
thatcher_53_str,flux1_dev,empty,0.0048486974835396
thatcher_54_str,flux1_dev,empty,0.0015440171957015
thatcher_55_str,flux1_dev,empty,0.0030002269148826
thatcher_56_str,flux1_dev,empty,0.0059802037477493
thatcher_57_str,flux1_dev,empty,0.0042177346348762
thatcher_58_str,flux1_dev,empty,0.0022539663314819
thatcher_59_str,flux1_dev,empty,0.0039856189489364
thatcher_60_str,flux1_dev,empty,0.0028938832879066
thatcher_61_str,flux1_dev,empty,0.003950754404068
thatcher_62_str,flux1_dev,empty,0.0042167946696281
thatcher_63_str,flux1_dev,empty,0.0037052804231643
thatcher_64_str,flux1_dev,empty,0.0045866528153419
thatcher_65_str,flux1_dev,empty,0.0031756934523582
thatcher_66_str,flux1_dev,empty,0.0037300235033035
thatcher_67_str,flux1_dev,empty,0.006985165476799
thatcher_68_str,flux1_dev,empty,0.0046611872315406
thatcher_69_str,flux1_dev,empty,0.0048255085945129
thatcher_70_str,flux1_dev,empty,0.0059067010879516
thatcher_71_str,flux1_dev,empty,0.0045613753795624
thatcher_72_str,flux1_dev,empty,0.0037073573470115
thatcher_73_str,flux1_dev,empty,0.0036363685131072
thatcher_74_str,flux1_dev,empty,0.0029972243309021
thatcher_75_str,flux1_dev,empty,0.0040472313761711
thatcher_76_str,flux1_dev,empty,0.0035719659924507
thatcher_77_str,flux1_dev,empty,0.0040252050757407
thatcher_78_str,flux1_dev,empty,0.0023181635141372
thatcher_79_str,flux1_dev,empty,0.0018291896581649
thatcher_80_str,flux1_dev,empty,0.0055132633447647
thatcher_81_str,flux1_dev,empty,0.0034012067317962
thatcher_82_str,flux1_dev,empty,0.0061228281259536
thatcher_83_str,flux1_dev,empty,0.0049014750123024
thatcher_84_str,flux1_dev,empty,0.0023940303921699
thatcher_85_str,flux1_dev,empty,0.0015884003043173
thatcher_86_str,flux1_dev,empty,0.0027587616443633
thatcher_87_str,flux1_dev,empty,0.0017041197419166
thatcher_88_str,flux1_dev,empty,0.0047096675634384
thatcher_89_str,flux1_dev,empty,0.0046126928925514
thatcher_90_str,flux1_dev,empty,0.0037188044190407
thatcher_91_str,flux1_dev,empty,0.0029282343387603
thatcher_92_str,flux1_dev,empty,0.0021051162481307
thatcher_93_str,flux1_dev,empty,0.0049498319625854
thatcher_94_str,flux1_dev,empty,0.0062784963846206
thatcher_95_str,flux1_dev,empty,0.0005291879177093
thatcher_96_str,flux1_dev,empty,0.0040274089574813
thatcher_97_str,flux1_dev,empty,0.0042141053080558
thatcher_98_str,flux1_dev,empty,0.0038744905591011
thatcher_99_str,flux1_dev,empty,0.0053669911623001
thatcher_100_str,flux1_dev,empty,0.0038770595192909
thatcher_101_str,flux1_dev,empty,0.003010461628437
thatcher_102_str,flux1_dev,empty,0.0027110639214515
thatcher_103_str,flux1_dev,empty,0.0063272553682327
thatcher_104_str,flux1_dev,empty,0.0024414241313934
thatcher_105_str,flux1_dev,empty,0.0041525542736053
thatcher_106_str,flux1_dev,empty,0.0024668738245963
thatcher_107_str,flux1_dev,empty,0.0030574941635131
thatcher_108_str,flux1_dev,empty,0.0027989920973777
thatcher_109_str,flux1_dev,empty,0.0056689849495887
thatcher_110_str,flux1_dev,empty,0.002270472049713
thatcher_111_str,flux1_dev,empty,0.003635723888874
thatcher_112_str,flux1_dev,empty,0.0044078803062438
thatcher_113_str,flux1_dev,empty,0.0060129453241825
thatcher_114_str,flux1_dev,empty,0.0040908381342887
thatcher_115_str,flux1_dev,empty,0.0021938726305961
thatcher_116_str,flux1_dev,empty,0.0024611350893974
thatcher_117_str,flux1_dev,empty,0.0053755585849284
thatcher_118_str,flux1_dev,empty,0.0038592159748077
thatcher_119_str,flux1_dev,empty,0.002559770643711
thatcher_120_str,flux1_dev,empty,0.0040992325544357
thatcher_121_str,flux1_dev,empty,0.0037349849939345
thatcher_122_str,flux1_dev,empty,0.0026947098970413
thatcher_123_str,flux1_dev,empty,0.0075868263840675
thatcher_124_str,flux1_dev,empty,0.0020568159222602
thatcher_125_str,flux1_dev,empty,0.0030659449100494
thatcher_126_str,flux1_dev,empty,0.0029403576254844
thatcher_127_str,flux1_dev,empty,0.0024181181192398
thatcher_128_str,flux1_dev,empty,0.0032921135425567
thatcher_129_str,flux1_dev,empty,0.0030214518308639
thatcher_130_str,flux1_dev,empty,0.0019153437018394
thatcher_131_str,flux1_dev,empty,0.004890920817852
thatcher_132_str,flux1_dev,empty,0.0012823006510734
thatcher_133_str,flux1_dev,empty,0.0024381363391876
thatcher_134_str,flux1_dev,empty,0.0027262434363365
thatcher_135_str,flux1_dev,empty,0.0035299208760262
thatcher_136_str,flux1_dev,empty,0.0025704255700111
thatcher_137_str,flux1_dev,empty,0.0007417759299277
thatcher_138_str,flux1_dev,empty,0.0027126511931419
thatcher_139_str,flux1_dev,empty,0.0021339645981788
thatcher_0_inv,flux1_dev,empty,0.0028875648975372
thatcher_1_inv,flux1_dev,empty,0.0009756758809089
thatcher_2_inv,flux1_dev,empty,-2.288103103631478e-05
thatcher_3_inv,flux1_dev,empty,0.001608649790287
thatcher_4_inv,flux1_dev,empty,0.0006943327188491
thatcher_5_inv,flux1_dev,empty,0.0007777491211891
thatcher_6_inv,flux1_dev,empty,0.0018658486008644
thatcher_7_inv,flux1_dev,empty,0.0012447972595691
thatcher_8_inv,flux1_dev,empty,0.0030237928032875
thatcher_9_inv,flux1_dev,empty,0.0016718199849128
thatcher_10_inv,flux1_dev,empty,0.0018946692347526
thatcher_11_inv,flux1_dev,empty,0.0006505995988845
thatcher_12_inv,flux1_dev,empty,0.0003716310858726
thatcher_13_inv,flux1_dev,empty,0.0024357306957245
thatcher_14_inv,flux1_dev,empty,0.0005105894804
thatcher_15_inv,flux1_dev,empty,0.0010983324050903
thatcher_16_inv,flux1_dev,empty,0.0006005311012268
thatcher_17_inv,flux1_dev,empty,0.0016060277819632
thatcher_18_inv,flux1_dev,empty,0.0018236827850341
thatcher_19_inv,flux1_dev,empty,0.0015706342458725
thatcher_20_inv,flux1_dev,empty,9.02536511421248e-05
thatcher_21_inv,flux1_dev,empty,0.0015898513793946
thatcher_22_inv,flux1_dev,empty,0.002198574244976
thatcher_23_inv,flux1_dev,empty,0.0010748878121376
thatcher_24_inv,flux1_dev,empty,0.001557296514511
thatcher_25_inv,flux1_dev,empty,0.0011201235651969
thatcher_26_inv,flux1_dev,empty,0.0013895332813262
thatcher_27_inv,flux1_dev,empty,0.0013875985145568
thatcher_28_inv,flux1_dev,empty,0.0013504484295845
thatcher_29_inv,flux1_dev,empty,0.0018266126513481
thatcher_30_inv,flux1_dev,empty,0.0010108885169028
thatcher_31_inv,flux1_dev,empty,0.001578080356121
thatcher_32_inv,flux1_dev,empty,6.089001893994084e-05
thatcher_33_inv,flux1_dev,empty,0.0027770718932151
thatcher_34_inv,flux1_dev,empty,0.0012461999058722
thatcher_35_inv,flux1_dev,empty,0.0028956001996993
thatcher_36_inv,flux1_dev,empty,0.0010430869460106
thatcher_37_inv,flux1_dev,empty,0.0015630963444709
thatcher_38_inv,flux1_dev,empty,0.0028593930602073
thatcher_39_inv,flux1_dev,empty,0.0012428548932075
thatcher_40_inv,flux1_dev,empty,0.0016598859429359
thatcher_41_inv,flux1_dev,empty,0.0014293721318244
thatcher_42_inv,flux1_dev,empty,0.0002345430850982
thatcher_43_inv,flux1_dev,empty,0.0026260042190551
thatcher_44_inv,flux1_dev,empty,0.0016686397790908
thatcher_45_inv,flux1_dev,empty,0.0028169503808021
thatcher_46_inv,flux1_dev,empty,0.0010543602705002
thatcher_47_inv,flux1_dev,empty,0.0016082400083542
thatcher_48_inv,flux1_dev,empty,-0.0002707695960998
thatcher_49_inv,flux1_dev,empty,0.0015347409248352
thatcher_50_inv,flux1_dev,empty,0.002410799562931
thatcher_51_inv,flux1_dev,empty,0.0010764697194099
thatcher_52_inv,flux1_dev,empty,0.0005986630916595
thatcher_53_inv,flux1_dev,empty,0.0010724283754825
thatcher_54_inv,flux1_dev,empty,0.0006727886199952
thatcher_55_inv,flux1_dev,empty,0.0006529769301414
thatcher_56_inv,flux1_dev,empty,0.0022832494974135
thatcher_57_inv,flux1_dev,empty,0.0026456233859062
thatcher_58_inv,flux1_dev,empty,0.0004121926426887
thatcher_59_inv,flux1_dev,empty,0.002010596692562
thatcher_60_inv,flux1_dev,empty,0.0024173584580421
thatcher_61_inv,flux1_dev,empty,0.0019439965486526
thatcher_62_inv,flux1_dev,empty,0.0011189666390419
thatcher_63_inv,flux1_dev,empty,0.0012829679250717
thatcher_64_inv,flux1_dev,empty,0.0016146311163902
thatcher_65_inv,flux1_dev,empty,0.0016894280910492
thatcher_66_inv,flux1_dev,empty,0.0027821645140647
thatcher_67_inv,flux1_dev,empty,0.0020524784922599
thatcher_68_inv,flux1_dev,empty,0.0009770202636719
thatcher_69_inv,flux1_dev,empty,0.0035513898730278
thatcher_70_inv,flux1_dev,empty,0.0025196981430053
thatcher_71_inv,flux1_dev,empty,0.0018762493133545
thatcher_72_inv,flux1_dev,empty,0.0018807497620582
thatcher_73_inv,flux1_dev,empty,0.0014293780922889
thatcher_74_inv,flux1_dev,empty,0.0010115697979926
thatcher_75_inv,flux1_dev,empty,0.001617297232151
thatcher_76_inv,flux1_dev,empty,0.0013206008076668
thatcher_77_inv,flux1_dev,empty,0.0018457150459289
thatcher_78_inv,flux1_dev,empty,0.0006153026223183
thatcher_79_inv,flux1_dev,empty,0.0005094853043556
thatcher_80_inv,flux1_dev,empty,0.0010036355257034
thatcher_81_inv,flux1_dev,empty,0.0013985937833785
thatcher_82_inv,flux1_dev,empty,0.0021851661801338
thatcher_83_inv,flux1_dev,empty,0.0024185076355934
thatcher_84_inv,flux1_dev,empty,0.0008834755420684
thatcher_85_inv,flux1_dev,empty,0.0012421151995658
thatcher_86_inv,flux1_dev,empty,0.0027723491191864
thatcher_87_inv,flux1_dev,empty,-8.368909358980048e-05
thatcher_88_inv,flux1_dev,empty,0.0015922608971595
thatcher_89_inv,flux1_dev,empty,0.0020377820730209
thatcher_90_inv,flux1_dev,empty,0.0023058113455772
thatcher_91_inv,flux1_dev,empty,0.0013913011550902
thatcher_92_inv,flux1_dev,empty,0.0005995014309883
thatcher_93_inv,flux1_dev,empty,0.0022041615843773
thatcher_94_inv,flux1_dev,empty,0.002401941716671
thatcher_95_inv,flux1_dev,empty,0.0001298728585243
thatcher_96_inv,flux1_dev,empty,0.0007465961575507
thatcher_97_inv,flux1_dev,empty,0.0012479194998741
thatcher_98_inv,flux1_dev,empty,0.000760426223278
thatcher_99_inv,flux1_dev,empty,0.0007531547546386
thatcher_100_inv,flux1_dev,empty,0.0023066395521164
thatcher_101_inv,flux1_dev,empty,0.0013359031081199
thatcher_102_inv,flux1_dev,empty,0.0012499243021011
thatcher_103_inv,flux1_dev,empty,0.001722365617752
thatcher_104_inv,flux1_dev,empty,0.0017952382564545
thatcher_105_inv,flux1_dev,empty,0.0019512823224067
thatcher_106_inv,flux1_dev,empty,0.0013640913367271
thatcher_107_inv,flux1_dev,empty,0.0016240566968918
thatcher_108_inv,flux1_dev,empty,0.001654908657074
thatcher_109_inv,flux1_dev,empty,0.0012601068615912
thatcher_110_inv,flux1_dev,empty,0.0008409363031387
thatcher_111_inv,flux1_dev,empty,0.0027507731318474
thatcher_112_inv,flux1_dev,empty,0.0009234216809272
thatcher_113_inv,flux1_dev,empty,0.0032151652872562
thatcher_114_inv,flux1_dev,empty,0.0018107733130455
thatcher_115_inv,flux1_dev,empty,0.0006447982788085
thatcher_116_inv,flux1_dev,empty,0.0010374650359153
thatcher_117_inv,flux1_dev,empty,0.0010696330666542
thatcher_118_inv,flux1_dev,empty,0.0011760148406028
thatcher_119_inv,flux1_dev,empty,0.0009998330473899
thatcher_120_inv,flux1_dev,empty,0.0018319585919379
thatcher_121_inv,flux1_dev,empty,0.0015336680412292
thatcher_122_inv,flux1_dev,empty,0.0010283237695693
thatcher_123_inv,flux1_dev,empty,0.0018428325653075
thatcher_124_inv,flux1_dev,empty,0.002413830757141
thatcher_125_inv,flux1_dev,empty,0.0010793957114219
thatcher_126_inv,flux1_dev,empty,0.0007989901304245
thatcher_127_inv,flux1_dev,empty,0.0007222965359687
thatcher_128_inv,flux1_dev,empty,0.0013242933154106
thatcher_129_inv,flux1_dev,empty,0.0018685689568519
thatcher_130_inv,flux1_dev,empty,0.0021558946371078
thatcher_131_inv,flux1_dev,empty,0.0012057954072952
thatcher_132_inv,flux1_dev,empty,0.0015597808361054
thatcher_133_inv,flux1_dev,empty,0.0017023184895514
thatcher_134_inv,flux1_dev,empty,0.0009404373168945
thatcher_135_inv,flux1_dev,empty,0.0020324045419692
thatcher_136_inv,flux1_dev,empty,0.0014099872112274
thatcher_137_inv,flux1_dev,empty,0.0008660349249839
thatcher_138_inv,flux1_dev,empty,4.95851039883366e-06
thatcher_139_inv,flux1_dev,empty,0.00057620793581
thatcher_0_str,flux1_dev,conditional,0.0025311172008514
thatcher_1_str,flux1_dev,conditional,0.001807845532894
thatcher_2_str,flux1_dev,conditional,0.0024826738238334
thatcher_3_str,flux1_dev,conditional,0.0026125743985175
thatcher_4_str,flux1_dev,conditional,0.0042123591899871
thatcher_5_str,flux1_dev,conditional,0.0057680389285087
thatcher_6_str,flux1_dev,conditional,0.0042809641361236
thatcher_7_str,flux1_dev,conditional,0.0052078358829021
thatcher_8_str,flux1_dev,conditional,0.0063328734040261
thatcher_9_str,flux1_dev,conditional,0.0033690947294235
thatcher_10_str,flux1_dev,conditional,0.0029826465249061
thatcher_11_str,flux1_dev,conditional,0.0039681842923163
thatcher_12_str,flux1_dev,conditional,0.0023541268706321
thatcher_13_str,flux1_dev,conditional,0.0036471870541573
thatcher_14_str,flux1_dev,conditional,0.0030418169498443
thatcher_15_str,flux1_dev,conditional,0.0038882020115852
thatcher_16_str,flux1_dev,conditional,0.0028321260213852
thatcher_17_str,flux1_dev,conditional,0.0037609943747519
thatcher_18_str,flux1_dev,conditional,0.0043572875857353
thatcher_19_str,flux1_dev,conditional,0.005787341594696
thatcher_20_str,flux1_dev,conditional,0.0016698464751243
thatcher_21_str,flux1_dev,conditional,0.0067514872550964
thatcher_22_str,flux1_dev,conditional,0.004599976837635
thatcher_23_str,flux1_dev,conditional,0.003121223449707
thatcher_24_str,flux1_dev,conditional,0.0046687340736389
thatcher_25_str,flux1_dev,conditional,0.0044107767939567
thatcher_26_str,flux1_dev,conditional,0.0042683166265487
thatcher_27_str,flux1_dev,conditional,0.0034303784370421
thatcher_28_str,flux1_dev,conditional,0.0039342361688613
thatcher_29_str,flux1_dev,conditional,0.0029464587569236
thatcher_30_str,flux1_dev,conditional,0.0017365908622741
thatcher_31_str,flux1_dev,conditional,0.0055822628736496
thatcher_32_str,flux1_dev,conditional,0.0021085414290428
thatcher_33_str,flux1_dev,conditional,0.0076728817820548
thatcher_34_str,flux1_dev,conditional,0.003595965206623
thatcher_35_str,flux1_dev,conditional,0.0052469934523105
thatcher_36_str,flux1_dev,conditional,0.005039726793766
thatcher_37_str,flux1_dev,conditional,0.005557005405426
thatcher_38_str,flux1_dev,conditional,0.005674648284912
thatcher_39_str,flux1_dev,conditional,0.001781632900238
thatcher_40_str,flux1_dev,conditional,0.0049768081307411
thatcher_41_str,flux1_dev,conditional,0.0037839245796204
thatcher_42_str,flux1_dev,conditional,0.0044121792912483
thatcher_43_str,flux1_dev,conditional,0.0045119899511337
thatcher_44_str,flux1_dev,conditional,0.0038453087210655
thatcher_45_str,flux1_dev,conditional,0.004793255329132
thatcher_46_str,flux1_dev,conditional,0.0024050745368003
thatcher_47_str,flux1_dev,conditional,0.0025479084253311
thatcher_48_str,flux1_dev,conditional,0.0018583294749259
thatcher_49_str,flux1_dev,conditional,0.0030342173576354
thatcher_50_str,flux1_dev,conditional,0.0024255290627479
thatcher_51_str,flux1_dev,conditional,0.003270596563816
thatcher_52_str,flux1_dev,conditional,0.0036741608381271
thatcher_53_str,flux1_dev,conditional,0.0048896627128124
thatcher_54_str,flux1_dev,conditional,0.0016215831041336
thatcher_55_str,flux1_dev,conditional,0.0029539415240287
thatcher_56_str,flux1_dev,conditional,0.0061596417427062
thatcher_57_str,flux1_dev,conditional,0.0040951025485992
thatcher_58_str,flux1_dev,conditional,0.0023414978384971
thatcher_59_str,flux1_dev,conditional,0.0040969496965408
thatcher_60_str,flux1_dev,conditional,0.0028675360977649
thatcher_61_str,flux1_dev,conditional,0.0040198403596878
thatcher_62_str,flux1_dev,conditional,0.0040999364852905
thatcher_63_str,flux1_dev,conditional,0.0037518286705017
thatcher_64_str,flux1_dev,conditional,0.0046211844682693
thatcher_65_str,flux1_dev,conditional,0.0033230900764465
thatcher_66_str,flux1_dev,conditional,0.003933978676796
thatcher_67_str,flux1_dev,conditional,0.006770102083683
thatcher_68_str,flux1_dev,conditional,0.004521013200283
thatcher_69_str,flux1_dev,conditional,0.004730013012886
thatcher_70_str,flux1_dev,conditional,0.0060389614105224
thatcher_71_str,flux1_dev,conditional,0.0045543184876442
thatcher_72_str,flux1_dev,conditional,0.003639785349369
thatcher_73_str,flux1_dev,conditional,0.0035882034897804
thatcher_74_str,flux1_dev,conditional,0.0029870247840881
thatcher_75_str,flux1_dev,conditional,0.0038432848453521
thatcher_76_str,flux1_dev,conditional,0.0035793256759643
thatcher_77_str,flux1_dev,conditional,0.0039987140893936
thatcher_78_str,flux1_dev,conditional,0.0023667240142821
thatcher_79_str,flux1_dev,conditional,0.0018412667512893
thatcher_80_str,flux1_dev,conditional,0.0054303449392318
thatcher_81_str,flux1_dev,conditional,0.0035395380854607
thatcher_82_str,flux1_dev,conditional,0.0060423380136489
thatcher_83_str,flux1_dev,conditional,0.0048065117001533
thatcher_84_str,flux1_dev,conditional,0.0024290296435356
thatcher_85_str,flux1_dev,conditional,0.0016353037953377
thatcher_86_str,flux1_dev,conditional,0.00276873588562
thatcher_87_str,flux1_dev,conditional,0.0017633509635925
thatcher_88_str,flux1_dev,conditional,0.0046740224957466
thatcher_89_str,flux1_dev,conditional,0.0046179434657097
thatcher_90_str,flux1_dev,conditional,0.0035799863934516
thatcher_91_str,flux1_dev,conditional,0.0028645968437194
thatcher_92_str,flux1_dev,conditional,0.0021591156721115
thatcher_93_str,flux1_dev,conditional,0.0049006536602974
thatcher_94_str,flux1_dev,conditional,0.0061694100499153
thatcher_95_str,flux1_dev,conditional,0.0005723491311073
thatcher_96_str,flux1_dev,conditional,0.0039947681128978
thatcher_97_str,flux1_dev,conditional,0.0042650038003921
thatcher_98_str,flux1_dev,conditional,0.003676606118679
thatcher_99_str,flux1_dev,conditional,0.0051894709467887
thatcher_100_str,flux1_dev,conditional,0.0039617550373077
thatcher_101_str,flux1_dev,conditional,0.0030308434367179
thatcher_102_str,flux1_dev,conditional,0.0028258055448532
thatcher_103_str,flux1_dev,conditional,0.0063778981566429
thatcher_104_str,flux1_dev,conditional,0.0024405527114867
thatcher_105_str,flux1_dev,conditional,0.004124689400196
thatcher_106_str,flux1_dev,conditional,0.0023008775711059
thatcher_107_str,flux1_dev,conditional,0.0030195540189743
thatcher_108_str,flux1_dev,conditional,0.0028864285349845
thatcher_109_str,flux1_dev,conditional,0.0052877438068389
thatcher_110_str,flux1_dev,conditional,0.0022510004043578
thatcher_111_str,flux1_dev,conditional,0.0035445067286491
thatcher_112_str,flux1_dev,conditional,0.0041588741540908
thatcher_113_str,flux1_dev,conditional,0.0060090461373329
thatcher_114_str,flux1_dev,conditional,0.0040455970168113
thatcher_115_str,flux1_dev,conditional,0.0022985124588012
thatcher_116_str,flux1_dev,conditional,0.0024304443597794
thatcher_117_str,flux1_dev,conditional,0.0053564362227916
thatcher_118_str,flux1_dev,conditional,0.003813404738903
thatcher_119_str,flux1_dev,conditional,0.0025137072801589
thatcher_120_str,flux1_dev,conditional,0.0040070116519927
thatcher_121_str,flux1_dev,conditional,0.0038746881484985
thatcher_122_str,flux1_dev,conditional,0.0026830512285232
thatcher_123_str,flux1_dev,conditional,0.0073110181093216
thatcher_124_str,flux1_dev,conditional,0.002035169005394
thatcher_125_str,flux1_dev,conditional,0.0032166701555251
thatcher_126_str,flux1_dev,conditional,0.0028699937462807
thatcher_127_str,flux1_dev,conditional,0.0023744782805442
thatcher_128_str,flux1_dev,conditional,0.0034776911139488
thatcher_129_str,flux1_dev,conditional,0.0029888442158699
thatcher_130_str,flux1_dev,conditional,0.0019943621754646
thatcher_131_str,flux1_dev,conditional,0.0050371757149696
thatcher_132_str,flux1_dev,conditional,0.001218495965004
thatcher_133_str,flux1_dev,conditional,0.0024636006355285
thatcher_134_str,flux1_dev,conditional,0.0027750009298324
thatcher_135_str,flux1_dev,conditional,0.0032671713829041
thatcher_136_str,flux1_dev,conditional,0.0026681452989578
thatcher_137_str,flux1_dev,conditional,0.0007298892736434
thatcher_138_str,flux1_dev,conditional,0.0027478718757629
thatcher_139_str,flux1_dev,conditional,0.0020814079046249
thatcher_0_inv,flux1_dev,conditional,0.0027193540334701
thatcher_1_inv,flux1_dev,conditional,0.0013094574213028
thatcher_2_inv,flux1_dev,conditional,-0.0003537836670875
thatcher_3_inv,flux1_dev,conditional,0.0017273098230361
thatcher_4_inv,flux1_dev,conditional,0.0008830597996711
thatcher_5_inv,flux1_dev,conditional,0.0010159772634505
thatcher_6_inv,flux1_dev,conditional,0.0018402791023254
thatcher_7_inv,flux1_dev,conditional,0.0013952723145484
thatcher_8_inv,flux1_dev,conditional,0.0029930818080902
thatcher_9_inv,flux1_dev,conditional,0.0016866907477378
thatcher_10_inv,flux1_dev,conditional,0.002040686905384
thatcher_11_inv,flux1_dev,conditional,0.0006444826722145
thatcher_12_inv,flux1_dev,conditional,0.0005155995488166
thatcher_13_inv,flux1_dev,conditional,0.0023646000027656
thatcher_14_inv,flux1_dev,conditional,0.000709556043148
thatcher_15_inv,flux1_dev,conditional,0.0011334830522536
thatcher_16_inv,flux1_dev,conditional,0.000459733903408
thatcher_17_inv,flux1_dev,conditional,0.0016050305962562
thatcher_18_inv,flux1_dev,conditional,0.0020093429088592
thatcher_19_inv,flux1_dev,conditional,0.0016389709711075
thatcher_20_inv,flux1_dev,conditional,0.000299019217491
thatcher_21_inv,flux1_dev,conditional,0.0016958650946616
thatcher_22_inv,flux1_dev,conditional,0.002081810235977
thatcher_23_inv,flux1_dev,conditional,0.0010291415452957
thatcher_24_inv,flux1_dev,conditional,0.0018684062361717
thatcher_25_inv,flux1_dev,conditional,0.0010492625832557
thatcher_26_inv,flux1_dev,conditional,0.0014962530136108
thatcher_27_inv,flux1_dev,conditional,0.0015505644679069
thatcher_28_inv,flux1_dev,conditional,0.0013308480381965
thatcher_29_inv,flux1_dev,conditional,0.0019188347458839
thatcher_30_inv,flux1_dev,conditional,0.0007142353057861
thatcher_31_inv,flux1_dev,conditional,0.0015361282229423
thatcher_32_inv,flux1_dev,conditional,0.0003080609440803
thatcher_33_inv,flux1_dev,conditional,0.002882125377655
thatcher_34_inv,flux1_dev,conditional,0.0011331287026405
thatcher_35_inv,flux1_dev,conditional,0.0028645008802414
thatcher_36_inv,flux1_dev,conditional,0.0007457560300827
thatcher_37_inv,flux1_dev,conditional,0.0009608700871467
thatcher_38_inv,flux1_dev,conditional,0.00296332269907
thatcher_39_inv,flux1_dev,conditional,0.0012614864110946
thatcher_40_inv,flux1_dev,conditional,0.0019326508045196
thatcher_41_inv,flux1_dev,conditional,0.001595705449581
thatcher_42_inv,flux1_dev,conditional,0.000215753018856
thatcher_43_inv,flux1_dev,conditional,0.0026059514284134
thatcher_44_inv,flux1_dev,conditional,0.0014805907011032
thatcher_45_inv,flux1_dev,conditional,0.0023127979040146
thatcher_46_inv,flux1_dev,conditional,0.0009149557352066
thatcher_47_inv,flux1_dev,conditional,0.001577767431736
thatcher_48_inv,flux1_dev,conditional,-5.89185953140392e-05
thatcher_49_inv,flux1_dev,conditional,0.001699261367321
thatcher_50_inv,flux1_dev,conditional,0.002450777888298
thatcher_51_inv,flux1_dev,conditional,0.0010536634922027
thatcher_52_inv,flux1_dev,conditional,0.0008570677042007
thatcher_53_inv,flux1_dev,conditional,0.0015117794275283
thatcher_54_inv,flux1_dev,conditional,0.0009212097525597
thatcher_55_inv,flux1_dev,conditional,0.0008461621403694
thatcher_56_inv,flux1_dev,conditional,0.0022400650382041
thatcher_57_inv,flux1_dev,conditional,0.0028550380468368
thatcher_58_inv,flux1_dev,conditional,0.0004106843471526
thatcher_59_inv,flux1_dev,conditional,0.0022681722044944
thatcher_60_inv,flux1_dev,conditional,0.0019986444711684
thatcher_61_inv,flux1_dev,conditional,0.0018533396720886
thatcher_62_inv,flux1_dev,conditional,0.0010953113436698
thatcher_63_inv,flux1_dev,conditional,0.0015391185879707
thatcher_64_inv,flux1_dev,conditional,0.0017720878124237
thatcher_65_inv,flux1_dev,conditional,0.001897844672203
thatcher_66_inv,flux1_dev,conditional,0.0029944238066672
thatcher_67_inv,flux1_dev,conditional,0.0025786757469177
thatcher_68_inv,flux1_dev,conditional,0.0008619314432144
thatcher_69_inv,flux1_dev,conditional,0.0037745320796966
thatcher_70_inv,flux1_dev,conditional,0.0027595227956771
thatcher_71_inv,flux1_dev,conditional,0.0020923292636871
thatcher_72_inv,flux1_dev,conditional,0.0019290140271187
thatcher_73_inv,flux1_dev,conditional,0.0015255790948867
thatcher_74_inv,flux1_dev,conditional,0.0010007292032241
thatcher_75_inv,flux1_dev,conditional,0.001383461356163
thatcher_76_inv,flux1_dev,conditional,0.001251979470253
thatcher_77_inv,flux1_dev,conditional,0.0020597848296165
thatcher_78_inv,flux1_dev,conditional,0.0007174053788184
thatcher_79_inv,flux1_dev,conditional,0.0007422018051147
thatcher_80_inv,flux1_dev,conditional,0.0010951489210128
thatcher_81_inv,flux1_dev,conditional,0.0012222722172736
thatcher_82_inv,flux1_dev,conditional,0.0028530186414719
thatcher_83_inv,flux1_dev,conditional,0.0024821028113364
thatcher_84_inv,flux1_dev,conditional,0.0007943820953369
thatcher_85_inv,flux1_dev,conditional,0.001413891017437
thatcher_86_inv,flux1_dev,conditional,0.0027942511439322
thatcher_87_inv,flux1_dev,conditional,-4.5909285545375766e-05
thatcher_88_inv,flux1_dev,conditional,0.0015854448080062
thatcher_89_inv,flux1_dev,conditional,0.0019155582785606
thatcher_90_inv,flux1_dev,conditional,0.0021303445100784
thatcher_91_inv,flux1_dev,conditional,0.0012296596169471
thatcher_92_inv,flux1_dev,conditional,0.0007002416253089
thatcher_93_inv,flux1_dev,conditional,0.0022401991486549
thatcher_94_inv,flux1_dev,conditional,0.0023786571621894
thatcher_95_inv,flux1_dev,conditional,0.0002724036574363
thatcher_96_inv,flux1_dev,conditional,0.0006631818413734
thatcher_97_inv,flux1_dev,conditional,0.0013956001400947
thatcher_98_inv,flux1_dev,conditional,0.0007211399078369
thatcher_99_inv,flux1_dev,conditional,0.0008591538667678
thatcher_100_inv,flux1_dev,conditional,0.00231344550848
thatcher_101_inv,flux1_dev,conditional,0.0012662631273269
thatcher_102_inv,flux1_dev,conditional,0.0012426456809043
thatcher_103_inv,flux1_dev,conditional,0.0018534281849861
thatcher_104_inv,flux1_dev,conditional,0.0017683288455009
thatcher_105_inv,flux1_dev,conditional,0.0018344628810882
thatcher_106_inv,flux1_dev,conditional,0.0013532835245132
thatcher_107_inv,flux1_dev,conditional,0.0016690587997436
thatcher_108_inv,flux1_dev,conditional,0.0014461767673492
thatcher_109_inv,flux1_dev,conditional,0.001091584265232
thatcher_110_inv,flux1_dev,conditional,0.0011030063033103
thatcher_111_inv,flux1_dev,conditional,0.0028013011813163
thatcher_112_inv,flux1_dev,conditional,0.0008258453011512
thatcher_113_inv,flux1_dev,conditional,0.0034778653085231
thatcher_114_inv,flux1_dev,conditional,0.0018519958853722
thatcher_115_inv,flux1_dev,conditional,0.0007636171579361
thatcher_116_inv,flux1_dev,conditional,0.0011222741007804
thatcher_117_inv,flux1_dev,conditional,0.0012228244543076
thatcher_118_inv,flux1_dev,conditional,0.0011927342414855
thatcher_119_inv,flux1_dev,conditional,0.00124904692173
thatcher_120_inv,flux1_dev,conditional,0.0020152771472931
thatcher_121_inv,flux1_dev,conditional,0.0018277165293693
thatcher_122_inv,flux1_dev,conditional,0.0010245949029922
thatcher_123_inv,flux1_dev,conditional,0.0020408010482788
thatcher_124_inv,flux1_dev,conditional,0.0023084869980812
thatcher_125_inv,flux1_dev,conditional,0.001158974468708
thatcher_126_inv,flux1_dev,conditional,0.000972551703453
thatcher_127_inv,flux1_dev,conditional,0.0007821825146674
thatcher_128_inv,flux1_dev,conditional,0.0014460679888725
thatcher_129_inv,flux1_dev,conditional,0.0018316051363945
thatcher_130_inv,flux1_dev,conditional,0.0022549146413802
thatcher_131_inv,flux1_dev,conditional,0.0003566920757293
thatcher_132_inv,flux1_dev,conditional,0.001716373860836
thatcher_133_inv,flux1_dev,conditional,0.0019268336892128
thatcher_134_inv,flux1_dev,conditional,0.000955373942852
thatcher_135_inv,flux1_dev,conditional,0.0017180413007735
thatcher_136_inv,flux1_dev,conditional,0.0014533418416977
thatcher_137_inv,flux1_dev,conditional,0.0009440377354621
thatcher_138_inv,flux1_dev,conditional,-9.148985147477973e-05
thatcher_139_inv,flux1_dev,conditional,0.0007148864865302
thatcher_0_str,cogvideox_2b,empty,-0.0015825666487216
thatcher_1_str,cogvideox_2b,empty,0.0010792864859104
thatcher_2_str,cogvideox_2b,empty,0.0004411755502223
thatcher_3_str,cogvideox_2b,empty,0.0004643762111663
thatcher_4_str,cogvideox_2b,empty,0.0009826976060867
thatcher_5_str,cogvideox_2b,empty,0.0017228169739245
thatcher_6_str,cogvideox_2b,empty,0.0008120246231556
thatcher_7_str,cogvideox_2b,empty,0.000731666907668
thatcher_8_str,cogvideox_2b,empty,0.0017879274487495
thatcher_9_str,cogvideox_2b,empty,0.0006796668469905
thatcher_10_str,cogvideox_2b,empty,0.0011598014831542
thatcher_11_str,cogvideox_2b,empty,-0.0013401065766811
thatcher_12_str,cogvideox_2b,empty,0.0005448739230632
thatcher_13_str,cogvideox_2b,empty,0.0010215131938457
thatcher_14_str,cogvideox_2b,empty,0.0004415461421012
thatcher_15_str,cogvideox_2b,empty,0.0010035979002714
thatcher_16_str,cogvideox_2b,empty,0.0008271789550781
thatcher_17_str,cogvideox_2b,empty,0.0009150917828082
thatcher_18_str,cogvideox_2b,empty,0.0011587163805961
thatcher_19_str,cogvideox_2b,empty,0.0016040982306003
thatcher_20_str,cogvideox_2b,empty,0.0004505802690982
thatcher_21_str,cogvideox_2b,empty,0.0018245463073253
thatcher_22_str,cogvideox_2b,empty,0.0016926927864551
thatcher_23_str,cogvideox_2b,empty,0.0002884601056575
thatcher_24_str,cogvideox_2b,empty,0.0010255746543407
thatcher_25_str,cogvideox_2b,empty,0.0013265669345855
thatcher_26_str,cogvideox_2b,empty,0.001242396980524
thatcher_27_str,cogvideox_2b,empty,0.0010532563924789
thatcher_28_str,cogvideox_2b,empty,0.001069413870573
thatcher_29_str,cogvideox_2b,empty,0.0006364879012107
thatcher_30_str,cogvideox_2b,empty,0.0005474184453487
thatcher_31_str,cogvideox_2b,empty,0.0017718984186649
thatcher_32_str,cogvideox_2b,empty,0.0006425242125988
thatcher_33_str,cogvideox_2b,empty,0.00135348059237
thatcher_34_str,cogvideox_2b,empty,0.001232254654169
thatcher_35_str,cogvideox_2b,empty,0.0015864606201648
thatcher_36_str,cogvideox_2b,empty,0.0017946980893611
thatcher_37_str,cogvideox_2b,empty,-0.0003900705277919
thatcher_38_str,cogvideox_2b,empty,0.0016290818154811
thatcher_39_str,cogvideox_2b,empty,0.0008681869506835
thatcher_40_str,cogvideox_2b,empty,0.0009804828464984
thatcher_41_str,cogvideox_2b,empty,0.0007267546653747
thatcher_42_str,cogvideox_2b,empty,0.0015634183585643
thatcher_43_str,cogvideox_2b,empty,0.0011103436350822
thatcher_44_str,cogvideox_2b,empty,0.0015213711559772
thatcher_45_str,cogvideox_2b,empty,0.0013137066364288
thatcher_46_str,cogvideox_2b,empty,0.0009689499437808
thatcher_47_str,cogvideox_2b,empty,0.0009895686805247
thatcher_48_str,cogvideox_2b,empty,0.000764218866825
thatcher_49_str,cogvideox_2b,empty,0.0005736461281776
thatcher_50_str,cogvideox_2b,empty,0.0013013246655463
thatcher_51_str,cogvideox_2b,empty,0.0008671094477176
thatcher_52_str,cogvideox_2b,empty,0.0007247593998908
thatcher_53_str,cogvideox_2b,empty,0.0008799395710229
thatcher_54_str,cogvideox_2b,empty,0.0007341541349888
thatcher_55_str,cogvideox_2b,empty,0.0010599820315838
thatcher_56_str,cogvideox_2b,empty,0.0016204451024532
thatcher_57_str,cogvideox_2b,empty,0.0045698546618223
thatcher_58_str,cogvideox_2b,empty,0.0005767288804054
thatcher_59_str,cogvideox_2b,empty,0.0011334571242332
thatcher_60_str,cogvideox_2b,empty,0.0008923540264368
thatcher_61_str,cogvideox_2b,empty,0.000509625673294
thatcher_62_str,cogvideox_2b,empty,0.0015564043819904
thatcher_63_str,cogvideox_2b,empty,0.0007084368169307
thatcher_64_str,cogvideox_2b,empty,0.0010112585127353
thatcher_65_str,cogvideox_2b,empty,0.0007438807189464
thatcher_66_str,cogvideox_2b,empty,0.0005016487836837
thatcher_67_str,cogvideox_2b,empty,0.0015796166658401
thatcher_68_str,cogvideox_2b,empty,0.0014597336947917
thatcher_69_str,cogvideox_2b,empty,0.0010527008771896
thatcher_70_str,cogvideox_2b,empty,0.0015963430702686
thatcher_71_str,cogvideox_2b,empty,0.001472213640809
thatcher_72_str,cogvideox_2b,empty,0.0011581535637378
thatcher_73_str,cogvideox_2b,empty,0.001248930543661
thatcher_74_str,cogvideox_2b,empty,0.0006631368398666
thatcher_75_str,cogvideox_2b,empty,0.001619075089693
thatcher_76_str,cogvideox_2b,empty,0.0009323152899742
thatcher_77_str,cogvideox_2b,empty,0.0004622976481914
thatcher_78_str,cogvideox_2b,empty,0.0006428833305835
thatcher_79_str,cogvideox_2b,empty,0.0007026289403438
thatcher_80_str,cogvideox_2b,empty,0.0017893247306346
thatcher_81_str,cogvideox_2b,empty,0.0010312716662883
thatcher_82_str,cogvideox_2b,empty,0.0016522289812564
thatcher_83_str,cogvideox_2b,empty,0.0016562055051326
thatcher_84_str,cogvideox_2b,empty,0.0009721305966377
thatcher_85_str,cogvideox_2b,empty,0.0005365759134292
thatcher_86_str,cogvideox_2b,empty,0.0009405083954334
thatcher_87_str,cogvideox_2b,empty,0.0004903139919042
thatcher_88_str,cogvideox_2b,empty,0.0007327592372894
thatcher_89_str,cogvideox_2b,empty,0.0016231052577495
thatcher_90_str,cogvideox_2b,empty,0.0008150117099285
thatcher_91_str,cogvideox_2b,empty,8.866280317308683e-05
thatcher_92_str,cogvideox_2b,empty,0.0007006405293941
thatcher_93_str,cogvideox_2b,empty,0.0012150521576404
thatcher_94_str,cogvideox_2b,empty,0.0029939129948616
thatcher_95_str,cogvideox_2b,empty,0.0009840981662273
thatcher_96_str,cogvideox_2b,empty,0.0008755208551883
thatcher_97_str,cogvideox_2b,empty,0.0008641721308231
thatcher_98_str,cogvideox_2b,empty,-0.0021701179444789
thatcher_99_str,cogvideox_2b,empty,0.001264291703701
thatcher_100_str,cogvideox_2b,empty,0.0009519487619399
thatcher_101_str,cogvideox_2b,empty,0.0009644240140914
thatcher_102_str,cogvideox_2b,empty,0.0026490704715251
thatcher_103_str,cogvideox_2b,empty,0.0011509703099727
thatcher_104_str,cogvideox_2b,empty,0.0009474439918994
thatcher_105_str,cogvideox_2b,empty,0.0011933228373527
thatcher_106_str,cogvideox_2b,empty,0.0008223587274551
thatcher_107_str,cogvideox_2b,empty,0.0011456099152564
thatcher_108_str,cogvideox_2b,empty,0.0007312306761741
thatcher_109_str,cogvideox_2b,empty,0.0013521786034107
thatcher_110_str,cogvideox_2b,empty,0.0009790781140327
thatcher_111_str,cogvideox_2b,empty,0.0008720490336417
thatcher_112_str,cogvideox_2b,empty,0.0014708290994167
thatcher_113_str,cogvideox_2b,empty,0.0014963778853416
thatcher_114_str,cogvideox_2b,empty,0.0005395239591598
thatcher_115_str,cogvideox_2b,empty,0.0011426751315593
thatcher_116_str,cogvideox_2b,empty,0.0008013166487217
thatcher_117_str,cogvideox_2b,empty,0.0017752276360988
thatcher_118_str,cogvideox_2b,empty,0.0011691433191299
thatcher_119_str,cogvideox_2b,empty,0.0007369883358478
thatcher_120_str,cogvideox_2b,empty,0.0013699172437191
thatcher_121_str,cogvideox_2b,empty,0.0008504956960678
thatcher_122_str,cogvideox_2b,empty,0.0007385233044624
thatcher_123_str,cogvideox_2b,empty,0.0023670394718646
thatcher_124_str,cogvideox_2b,empty,0.0008589626848697
thatcher_125_str,cogvideox_2b,empty,0.0009797532856464
thatcher_126_str,cogvideox_2b,empty,0.0005380043387412
thatcher_127_str,cogvideox_2b,empty,0.0004866631329059
thatcher_128_str,cogvideox_2b,empty,0.000529481768608
thatcher_129_str,cogvideox_2b,empty,0.0005804176628589
thatcher_130_str,cogvideox_2b,empty,0.0005570640414953
thatcher_131_str,cogvideox_2b,empty,0.005014823526144
thatcher_132_str,cogvideox_2b,empty,0.0004652029275894
thatcher_133_str,cogvideox_2b,empty,0.0013744890689849
thatcher_134_str,cogvideox_2b,empty,0.0003101052343845
thatcher_135_str,cogvideox_2b,empty,0.0010784256458282
thatcher_136_str,cogvideox_2b,empty,0.0006700657308101
thatcher_137_str,cogvideox_2b,empty,1.95270776748302e-05
thatcher_138_str,cogvideox_2b,empty,-0.000898840278387
thatcher_139_str,cogvideox_2b,empty,-0.0003866085410118
thatcher_0_inv,cogvideox_2b,empty,-2.952814102175072e-06
thatcher_1_inv,cogvideox_2b,empty,-0.0029296946525573
thatcher_2_inv,cogvideox_2b,empty,0.0004249717295169
thatcher_3_inv,cogvideox_2b,empty,0.0006241825222968
thatcher_4_inv,cogvideox_2b,empty,0.0018290564417839
thatcher_5_inv,cogvideox_2b,empty,0.0017966641485691
thatcher_6_inv,cogvideox_2b,empty,0.0003925746679306
thatcher_7_inv,cogvideox_2b,empty,0.0005545638501644
thatcher_8_inv,cogvideox_2b,empty,0.0005689190328121
thatcher_9_inv,cogvideox_2b,empty,0.0005433885753154
thatcher_10_inv,cogvideox_2b,empty,0.0001055951416492
thatcher_11_inv,cogvideox_2b,empty,0.000478019118309
thatcher_12_inv,cogvideox_2b,empty,0.0004547397792338
thatcher_13_inv,cogvideox_2b,empty,0.0005412657558918
thatcher_14_inv,cogvideox_2b,empty,3.807380795481374e-05
thatcher_15_inv,cogvideox_2b,empty,0.0005299039930105
thatcher_16_inv,cogvideox_2b,empty,0.0005460192263126
thatcher_17_inv,cogvideox_2b,empty,0.000586125254631
thatcher_18_inv,cogvideox_2b,empty,0.0005205325782298
thatcher_19_inv,cogvideox_2b,empty,0.0002569766342639
thatcher_20_inv,cogvideox_2b,empty,0.0007669168710708
thatcher_21_inv,cogvideox_2b,empty,0.0004223218560218
thatcher_22_inv,cogvideox_2b,empty,0.0010040020942687
thatcher_23_inv,cogvideox_2b,empty,0.000159550756216
thatcher_24_inv,cogvideox_2b,empty,0.0004440774023533
thatcher_25_inv,cogvideox_2b,empty,0.0004860769212245
thatcher_26_inv,cogvideox_2b,empty,0.0005221447348594
thatcher_27_inv,cogvideox_2b,empty,0.0001905933022498
thatcher_28_inv,cogvideox_2b,empty,0.0007056541740894
thatcher_29_inv,cogvideox_2b,empty,0.000223238915205
thatcher_30_inv,cogvideox_2b,empty,0.000894800722599
thatcher_31_inv,cogvideox_2b,empty,0.0004889713227748
thatcher_32_inv,cogvideox_2b,empty,0.0003898352384567
thatcher_33_inv,cogvideox_2b,empty,0.0002996283769607
thatcher_34_inv,cogvideox_2b,empty,0.000504442602396
thatcher_35_inv,cogvideox_2b,empty,0.0009653593599796
thatcher_36_inv,cogvideox_2b,empty,0.0007923637330532
thatcher_37_inv,cogvideox_2b,empty,0.0010019819438457
thatcher_38_inv,cogvideox_2b,empty,0.0004912157356739
thatcher_39_inv,cogvideox_2b,empty,0.0004048427939415
thatcher_40_inv,cogvideox_2b,empty,0.0010406962037086
thatcher_41_inv,cogvideox_2b,empty,0.0002145397663116
thatcher_42_inv,cogvideox_2b,empty,0.0004723453521728
thatcher_43_inv,cogvideox_2b,empty,0.000596463382244
thatcher_44_inv,cogvideox_2b,empty,0.0014183412492275
thatcher_45_inv,cogvideox_2b,empty,0.0007019111514091
thatcher_46_inv,cogvideox_2b,empty,0.0002522127330303
thatcher_47_inv,cogvideox_2b,empty,0.0007788661122321
thatcher_48_inv,cogvideox_2b,empty,0.0003086446225643
thatcher_49_inv,cogvideox_2b,empty,0.0001460509002208
thatcher_50_inv,cogvideox_2b,empty,0.0007957118749618
thatcher_51_inv,cogvideox_2b,empty,0.0005188879370689
thatcher_52_inv,cogvideox_2b,empty,0.0006347701698541
thatcher_53_inv,cogvideox_2b,empty,0.0003225529938936
thatcher_54_inv,cogvideox_2b,empty,7.112458348271233e-05
thatcher_55_inv,cogvideox_2b,empty,0.0002004152536392
thatcher_56_inv,cogvideox_2b,empty,0.000626745223999
thatcher_57_inv,cogvideox_2b,empty,0.0006352464854717
thatcher_58_inv,cogvideox_2b,empty,0.0004061715304851
thatcher_59_inv,cogvideox_2b,empty,0.0027403919398784
thatcher_60_inv,cogvideox_2b,empty,0.0008253662288189
thatcher_61_inv,cogvideox_2b,empty,-0.0015579864382743
thatcher_62_inv,cogvideox_2b,empty,0.000759964287281
thatcher_63_inv,cogvideox_2b,empty,0.0004331614077091
thatcher_64_inv,cogvideox_2b,empty,-4.198700189556037e-06
thatcher_65_inv,cogvideox_2b,empty,0.0002163859456777
thatcher_66_inv,cogvideox_2b,empty,-0.0006384755671024
thatcher_67_inv,cogvideox_2b,empty,-0.0018120469152927
thatcher_68_inv,cogvideox_2b,empty,0.0039424397051334
thatcher_69_inv,cogvideox_2b,empty,0.0002170544862747
thatcher_70_inv,cogvideox_2b,empty,0.0008476093411445
thatcher_71_inv,cogvideox_2b,empty,0.0004633064568042
thatcher_72_inv,cogvideox_2b,empty,0.0006066104769706
thatcher_73_inv,cogvideox_2b,empty,0.0010838413238525
thatcher_74_inv,cogvideox_2b,empty,0.0001841631531715
thatcher_75_inv,cogvideox_2b,empty,0.0006277652084827
thatcher_76_inv,cogvideox_2b,empty,0.00045374751091
thatcher_77_inv,cogvideox_2b,empty,0.0003206259012221
thatcher_78_inv,cogvideox_2b,empty,-0.000204346626997
thatcher_79_inv,cogvideox_2b,empty,0.0001599833369255
thatcher_80_inv,cogvideox_2b,empty,0.0009854951500892
thatcher_81_inv,cogvideox_2b,empty,0.0007163409888744
thatcher_82_inv,cogvideox_2b,empty,0.0007969026267528
thatcher_83_inv,cogvideox_2b,empty,0.0005141653120517
thatcher_84_inv,cogvideox_2b,empty,0.0001238326728343
thatcher_85_inv,cogvideox_2b,empty,0.0006819836795329
thatcher_86_inv,cogvideox_2b,empty,0.0002612802386283
thatcher_87_inv,cogvideox_2b,empty,3.102898597717729e-05
thatcher_88_inv,cogvideox_2b,empty,-6.382614374161877e-05
thatcher_89_inv,cogvideox_2b,empty,0.0010758887231349
thatcher_90_inv,cogvideox_2b,empty,6.797075271605668e-05
thatcher_91_inv,cogvideox_2b,empty,0.0004430270195007
thatcher_92_inv,cogvideox_2b,empty,0.0003267580270767
thatcher_93_inv,cogvideox_2b,empty,0.0002999739348888
thatcher_94_inv,cogvideox_2b,empty,0.0006761759519577
thatcher_95_inv,cogvideox_2b,empty,8.021146059050688e-06
thatcher_96_inv,cogvideox_2b,empty,0.0001470452547073
thatcher_97_inv,cogvideox_2b,empty,0.0003835929930209
thatcher_98_inv,cogvideox_2b,empty,0.0004148140549659
thatcher_99_inv,cogvideox_2b,empty,0.0004884901642799
thatcher_100_inv,cogvideox_2b,empty,0.000247680991888
thatcher_101_inv,cogvideox_2b,empty,0.0010674737393855
thatcher_102_inv,cogvideox_2b,empty,0.0001049540936946
thatcher_103_inv,cogvideox_2b,empty,0.00016246676445
thatcher_104_inv,cogvideox_2b,empty,0.0007065321505069
thatcher_105_inv,cogvideox_2b,empty,0.0002607059478759
thatcher_106_inv,cogvideox_2b,empty,0.0008386054635047
thatcher_107_inv,cogvideox_2b,empty,0.0008990111947059
thatcher_108_inv,cogvideox_2b,empty,0.0007802554965019
thatcher_109_inv,cogvideox_2b,empty,0.0004786019027233
thatcher_110_inv,cogvideox_2b,empty,0.000351348221302
thatcher_111_inv,cogvideox_2b,empty,0.00081413179636
thatcher_112_inv,cogvideox_2b,empty,0.0007525746524333
thatcher_113_inv,cogvideox_2b,empty,0.0003747700154781
thatcher_114_inv,cogvideox_2b,empty,0.0004103651642799
thatcher_115_inv,cogvideox_2b,empty,0.0005002397298812
thatcher_116_inv,cogvideox_2b,empty,0.0005309738218784
thatcher_117_inv,cogvideox_2b,empty,0.0009265899658203
thatcher_118_inv,cogvideox_2b,empty,0.0004413768649101
thatcher_119_inv,cogvideox_2b,empty,-3.088444471360807e-05
thatcher_120_inv,cogvideox_2b,empty,0.0010676275193691
thatcher_121_inv,cogvideox_2b,empty,0.0006536439061164
thatcher_122_inv,cogvideox_2b,empty,0.0005838990211486
thatcher_123_inv,cogvideox_2b,empty,0.0005500215291976
thatcher_124_inv,cogvideox_2b,empty,0.0001683516800403
thatcher_125_inv,cogvideox_2b,empty,0.0003796392679214
thatcher_126_inv,cogvideox_2b,empty,0.0006603291630745
thatcher_127_inv,cogvideox_2b,empty,0.000165881961584
thatcher_128_inv,cogvideox_2b,empty,0.0001051104068756
thatcher_129_inv,cogvideox_2b,empty,0.0004275047779082
thatcher_130_inv,cogvideox_2b,empty,0.0002361012995242
thatcher_131_inv,cogvideox_2b,empty,0.0011890971660614
thatcher_132_inv,cogvideox_2b,empty,-4.410088062287154e-05
thatcher_133_inv,cogvideox_2b,empty,0.0004555805027484
thatcher_134_inv,cogvideox_2b,empty,0.0001167958974838
thatcher_135_inv,cogvideox_2b,empty,0.0008669403195381
thatcher_136_inv,cogvideox_2b,empty,0.0002756623923778
thatcher_137_inv,cogvideox_2b,empty,0.0012462218105793
thatcher_138_inv,cogvideox_2b,empty,0.0005338884890079
thatcher_139_inv,cogvideox_2b,empty,0.0006643322110176
thatcher_0_str,cogvideox_2b,conditional,-0.0016196240484714
thatcher_1_str,cogvideox_2b,conditional,0.0011180183291435
thatcher_2_str,cogvideox_2b,conditional,0.0003816770017146
thatcher_3_str,cogvideox_2b,conditional,0.0005014985799789
thatcher_4_str,cogvideox_2b,conditional,0.00094726100564
thatcher_5_str,cogvideox_2b,conditional,0.0017516034841537
thatcher_6_str,cogvideox_2b,conditional,0.0008450789749622
thatcher_7_str,cogvideox_2b,conditional,0.0007166723906993
thatcher_8_str,cogvideox_2b,conditional,0.0017620384693145
thatcher_9_str,cogvideox_2b,conditional,0.0006721480190753
thatcher_10_str,cogvideox_2b,conditional,0.0011552417278289
thatcher_11_str,cogvideox_2b,conditional,-0.0015090391039848
thatcher_12_str,cogvideox_2b,conditional,0.0005344800651073
thatcher_13_str,cogvideox_2b,conditional,0.0010038761794567
thatcher_14_str,cogvideox_2b,conditional,0.0004420042037963
thatcher_15_str,cogvideox_2b,conditional,0.000983135998249
thatcher_16_str,cogvideox_2b,conditional,0.0007665508985519
thatcher_17_str,cogvideox_2b,conditional,0.0008870078623295
thatcher_18_str,cogvideox_2b,conditional,0.0011928910017013
thatcher_19_str,cogvideox_2b,conditional,0.0016560032963753
thatcher_20_str,cogvideox_2b,conditional,0.0004444548487663
thatcher_21_str,cogvideox_2b,conditional,0.0017534404993057
thatcher_22_str,cogvideox_2b,conditional,0.0017122343182564
thatcher_23_str,cogvideox_2b,conditional,0.0002943135797977
thatcher_24_str,cogvideox_2b,conditional,0.0010717456042766
thatcher_25_str,cogvideox_2b,conditional,0.0012687270343303
thatcher_26_str,cogvideox_2b,conditional,0.0012594240903854
thatcher_27_str,cogvideox_2b,conditional,0.0010444964468478
thatcher_28_str,cogvideox_2b,conditional,0.0010206547379494
thatcher_29_str,cogvideox_2b,conditional,0.0006580163538456
thatcher_30_str,cogvideox_2b,conditional,0.0005851234495639
thatcher_31_str,cogvideox_2b,conditional,0.001725902557373
thatcher_32_str,cogvideox_2b,conditional,0.0006413353979587
thatcher_33_str,cogvideox_2b,conditional,0.0013449747860431
thatcher_34_str,cogvideox_2b,conditional,0.0011988958716392
thatcher_35_str,cogvideox_2b,conditional,0.0015667906403541
thatcher_36_str,cogvideox_2b,conditional,0.00174444809556
thatcher_37_str,cogvideox_2b,conditional,-0.0004025135934352
thatcher_38_str,cogvideox_2b,conditional,0.0016624347865581
thatcher_39_str,cogvideox_2b,conditional,0.0008726049214601
thatcher_40_str,cogvideox_2b,conditional,0.0010526087880134
thatcher_41_str,cogvideox_2b,conditional,0.0007363049685954
thatcher_42_str,cogvideox_2b,conditional,0.0015408997237682
thatcher_43_str,cogvideox_2b,conditional,0.0009812724590301
thatcher_44_str,cogvideox_2b,conditional,0.001437817364931
thatcher_45_str,cogvideox_2b,conditional,0.0012575230002403
thatcher_46_str,cogvideox_2b,conditional,0.0009553967416286
thatcher_47_str,cogvideox_2b,conditional,0.0008832965791225
thatcher_48_str,cogvideox_2b,conditional,0.0007979208230972
thatcher_49_str,cogvideox_2b,conditional,0.0005735178291797
thatcher_50_str,cogvideox_2b,conditional,0.0012432041764259
thatcher_51_str,cogvideox_2b,conditional,0.0008382230997085
thatcher_52_str,cogvideox_2b,conditional,0.0007523296773433
thatcher_53_str,cogvideox_2b,conditional,0.0009199517965316
thatcher_54_str,cogvideox_2b,conditional,0.0006999018788337
thatcher_55_str,cogvideox_2b,conditional,0.0010416465997696
thatcher_56_str,cogvideox_2b,conditional,0.0016262276470661
thatcher_57_str,cogvideox_2b,conditional,0.0046382338553667
thatcher_58_str,cogvideox_2b,conditional,0.0005811181664466
thatcher_59_str,cogvideox_2b,conditional,0.0011421246826648
thatcher_60_str,cogvideox_2b,conditional,0.0008862079679966
thatcher_61_str,cogvideox_2b,conditional,0.0005471628904342
thatcher_62_str,cogvideox_2b,conditional,0.0015419453382491
thatcher_63_str,cogvideox_2b,conditional,0.000733230561018
thatcher_64_str,cogvideox_2b,conditional,0.0010166548192501
thatcher_65_str,cogvideox_2b,conditional,0.0007825891673564
thatcher_66_str,cogvideox_2b,conditional,0.0004213669896125
thatcher_67_str,cogvideox_2b,conditional,0.0015890377014875
thatcher_68_str,cogvideox_2b,conditional,0.0014083324372768
thatcher_69_str,cogvideox_2b,conditional,0.0010179062187671
thatcher_70_str,cogvideox_2b,conditional,0.0016041475534438
thatcher_71_str,cogvideox_2b,conditional,0.0014930968731641
thatcher_72_str,cogvideox_2b,conditional,0.0011491273343563
thatcher_73_str,cogvideox_2b,conditional,0.0012363855540752
thatcher_74_str,cogvideox_2b,conditional,0.0006888034939765
thatcher_75_str,cogvideox_2b,conditional,0.0015717087686062
thatcher_76_str,cogvideox_2b,conditional,0.0009218245744704
thatcher_77_str,cogvideox_2b,conditional,0.0004461041092872
thatcher_78_str,cogvideox_2b,conditional,0.0006453597545623
thatcher_79_str,cogvideox_2b,conditional,0.0006778372824191
thatcher_80_str,cogvideox_2b,conditional,0.0018008983135223
thatcher_81_str,cogvideox_2b,conditional,0.0009862118959427
thatcher_82_str,cogvideox_2b,conditional,0.0016303946077823
thatcher_83_str,cogvideox_2b,conditional,0.0016455070674419
thatcher_84_str,cogvideox_2b,conditional,0.0009438169002533
thatcher_85_str,cogvideox_2b,conditional,0.0005468374490738
thatcher_86_str,cogvideox_2b,conditional,0.0009633918106556
thatcher_87_str,cogvideox_2b,conditional,0.0005216389894485
thatcher_88_str,cogvideox_2b,conditional,0.0007163369655609
thatcher_89_str,cogvideox_2b,conditional,0.0016382969915866
thatcher_90_str,cogvideox_2b,conditional,0.0008154290914535
thatcher_91_str,cogvideox_2b,conditional,7.510200142858692e-05
thatcher_92_str,cogvideox_2b,conditional,0.0007054567337036
thatcher_93_str,cogvideox_2b,conditional,0.0012067361176013
thatcher_94_str,cogvideox_2b,conditional,0.0029610747098922
thatcher_95_str,cogvideox_2b,conditional,0.0009710937738418
thatcher_96_str,cogvideox_2b,conditional,0.000842815041542
thatcher_97_str,cogvideox_2b,conditional,0.0009016068279743
thatcher_98_str,cogvideox_2b,conditional,-0.0021839421987533
thatcher_99_str,cogvideox_2b,conditional,0.0012482805550098
thatcher_100_str,cogvideox_2b,conditional,0.0009790185093879
thatcher_101_str,cogvideox_2b,conditional,0.0009699146449565
thatcher_102_str,cogvideox_2b,conditional,0.002687045931816
thatcher_103_str,cogvideox_2b,conditional,0.0010112673044204
thatcher_104_str,cogvideox_2b,conditional,0.0009321334958076
thatcher_105_str,cogvideox_2b,conditional,0.001175537854433
thatcher_106_str,cogvideox_2b,conditional,0.0008487749099731
thatcher_107_str,cogvideox_2b,conditional,0.0011399130523204
thatcher_108_str,cogvideox_2b,conditional,0.0007624617218971
thatcher_109_str,cogvideox_2b,conditional,0.0011934354901313
thatcher_110_str,cogvideox_2b,conditional,0.0010006143152713
thatcher_111_str,cogvideox_2b,conditional,0.0008841030299663
thatcher_112_str,cogvideox_2b,conditional,0.0013890844583511
thatcher_113_str,cogvideox_2b,conditional,0.0013913915306329
thatcher_114_str,cogvideox_2b,conditional,0.0005324666202068
thatcher_115_str,cogvideox_2b,conditional,0.0010769575834274
thatcher_116_str,cogvideox_2b,conditional,0.0007991962134838
thatcher_117_str,cogvideox_2b,conditional,0.0017443028092384
thatcher_118_str,cogvideox_2b,conditional,0.001125823110342
thatcher_119_str,cogvideox_2b,conditional,0.0007210627198219
thatcher_120_str,cogvideox_2b,conditional,0.0013440768420696
thatcher_121_str,cogvideox_2b,conditional,0.0008719174563884
thatcher_122_str,cogvideox_2b,conditional,0.0007491359114646
thatcher_123_str,cogvideox_2b,conditional,0.0022537593543529
thatcher_124_str,cogvideox_2b,conditional,0.0007880568504333
thatcher_125_str,cogvideox_2b,conditional,0.000958022326231
thatcher_126_str,cogvideox_2b,conditional,0.0005764155089854
thatcher_127_str,cogvideox_2b,conditional,0.0004849570989609
thatcher_128_str,cogvideox_2b,conditional,0.00063231036067
thatcher_129_str,cogvideox_2b,conditional,0.0005524238944053
thatcher_130_str,cogvideox_2b,conditional,0.0005672101676463
thatcher_131_str,cogvideox_2b,conditional,0.0050877672433853
thatcher_132_str,cogvideox_2b,conditional,0.0004673513770103
thatcher_133_str,cogvideox_2b,conditional,0.0013731218874454
thatcher_134_str,cogvideox_2b,conditional,0.0003309401869774
thatcher_135_str,cogvideox_2b,conditional,0.0010469798743724
thatcher_136_str,cogvideox_2b,conditional,0.0007184931635856
thatcher_137_str,cogvideox_2b,conditional,5.431026220320545e-05
thatcher_138_str,cogvideox_2b,conditional,-0.0008447194099426
thatcher_139_str,cogvideox_2b,conditional,-0.0004322880506515
thatcher_0_inv,cogvideox_2b,conditional,-2.118825912475475e-05
thatcher_1_inv,cogvideox_2b,conditional,-0.0029315420985221
thatcher_2_inv,cogvideox_2b,conditional,0.0004213973879814
thatcher_3_inv,cogvideox_2b,conditional,0.0007063300907612
thatcher_4_inv,cogvideox_2b,conditional,0.0018029454350471
thatcher_5_inv,cogvideox_2b,conditional,0.0018082727491855
thatcher_6_inv,cogvideox_2b,conditional,0.0003796172142029
thatcher_7_inv,cogvideox_2b,conditional,0.0005833259969949
thatcher_8_inv,cogvideox_2b,conditional,0.0005153845250606
thatcher_9_inv,cogvideox_2b,conditional,0.0006227177381515
thatcher_10_inv,cogvideox_2b,conditional,9.258314967158789e-05
thatcher_11_inv,cogvideox_2b,conditional,0.0005262032151222
thatcher_12_inv,cogvideox_2b,conditional,0.0004698638617992
thatcher_13_inv,cogvideox_2b,conditional,0.0006110148131847
thatcher_14_inv,cogvideox_2b,conditional,3.039836883547697e-05
thatcher_15_inv,cogvideox_2b,conditional,0.0004950269311666
thatcher_16_inv,cogvideox_2b,conditional,0.0005084891617297
thatcher_17_inv,cogvideox_2b,conditional,0.0005032400786876
thatcher_18_inv,cogvideox_2b,conditional,0.0005303245782852
thatcher_19_inv,cogvideox_2b,conditional,0.0003352503478527
thatcher_20_inv,cogvideox_2b,conditional,0.0007308720052242
thatcher_21_inv,cogvideox_2b,conditional,0.0004436770081519
thatcher_22_inv,cogvideox_2b,conditional,0.0010214573144913
thatcher_23_inv,cogvideox_2b,conditional,0.0001269014179706
thatcher_24_inv,cogvideox_2b,conditional,0.0004037284851074
thatcher_25_inv,cogvideox_2b,conditional,0.0004859545826911
thatcher_26_inv,cogvideox_2b,conditional,0.0006120093166828
thatcher_27_inv,cogvideox_2b,conditional,0.0002155998349189
thatcher_28_inv,cogvideox_2b,conditional,0.0007154505699872
thatcher_29_inv,cogvideox_2b,conditional,0.0002610363066196
thatcher_30_inv,cogvideox_2b,conditional,0.0009000231325626
thatcher_31_inv,cogvideox_2b,conditional,0.000533999800682
thatcher_32_inv,cogvideox_2b,conditional,0.0004182814061641
thatcher_33_inv,cogvideox_2b,conditional,0.0003930139541625
thatcher_34_inv,cogvideox_2b,conditional,0.0005021178722381
thatcher_35_inv,cogvideox_2b,conditional,0.0009497524797916
thatcher_36_inv,cogvideox_2b,conditional,0.0008116157352924
thatcher_37_inv,cogvideox_2b,conditional,0.0010607048869133
thatcher_38_inv,cogvideox_2b,conditional,0.0005034658312797
thatcher_39_inv,cogvideox_2b,conditional,0.000360889583826
thatcher_40_inv,cogvideox_2b,conditional,0.0010743163526058
thatcher_41_inv,cogvideox_2b,conditional,0.0002263131737709
thatcher_42_inv,cogvideox_2b,conditional,0.0004543475806712
thatcher_43_inv,cogvideox_2b,conditional,0.0006298394501209
thatcher_44_inv,cogvideox_2b,conditional,0.0014076535403728
thatcher_45_inv,cogvideox_2b,conditional,0.0007046484947204
thatcher_46_inv,cogvideox_2b,conditional,0.0003325030207634
thatcher_47_inv,cogvideox_2b,conditional,0.0006981313228607
thatcher_48_inv,cogvideox_2b,conditional,0.0002854250371455
thatcher_49_inv,cogvideox_2b,conditional,0.0001323200762271
thatcher_50_inv,cogvideox_2b,conditional,0.0008506196737289
thatcher_51_inv,cogvideox_2b,conditional,0.0005377945303916
thatcher_52_inv,cogvideox_2b,conditional,0.0006173156946897
thatcher_53_inv,cogvideox_2b,conditional,0.00035549223423
thatcher_54_inv,cogvideox_2b,conditional,0.0001297901570797
thatcher_55_inv,cogvideox_2b,conditional,0.0001774539053439
thatcher_56_inv,cogvideox_2b,conditional,0.00069185256958
thatcher_57_inv,cogvideox_2b,conditional,0.0006462877988815
thatcher_58_inv,cogvideox_2b,conditional,0.000420022457838
thatcher_59_inv,cogvideox_2b,conditional,0.0027835415303707
thatcher_60_inv,cogvideox_2b,conditional,0.000829421877861
thatcher_61_inv,cogvideox_2b,conditional,-0.0015064640343189
thatcher_62_inv,cogvideox_2b,conditional,0.0007365675270557
thatcher_63_inv,cogvideox_2b,conditional,0.0004607073962688
thatcher_64_inv,cogvideox_2b,conditional,5.728080868719343e-05
thatcher_65_inv,cogvideox_2b,conditional,0.0002037659287452
thatcher_66_inv,cogvideox_2b,conditional,-0.0005834586918353
thatcher_67_inv,cogvideox_2b,conditional,-0.0017561320960521
thatcher_68_inv,cogvideox_2b,conditional,0.003955099582672
thatcher_69_inv,cogvideox_2b,conditional,0.0001602546870708
thatcher_70_inv,cogvideox_2b,conditional,0.000913079380989
thatcher_71_inv,cogvideox_2b,conditional,0.0005350345373153
thatcher_72_inv,cogvideox_2b,conditional,0.0006495106220245
thatcher_73_inv,cogvideox_2b,conditional,0.000987095683813
thatcher_74_inv,cogvideox_2b,conditional,0.0001607146859169
thatcher_75_inv,cogvideox_2b,conditional,0.0005829015374183
thatcher_76_inv,cogvideox_2b,conditional,0.0004741044342517
thatcher_77_inv,cogvideox_2b,conditional,0.0003164257109165
thatcher_78_inv,cogvideox_2b,conditional,-0.0002326808869839
thatcher_79_inv,cogvideox_2b,conditional,0.0001799088716507
thatcher_80_inv,cogvideox_2b,conditional,0.0010029596090316
thatcher_81_inv,cogvideox_2b,conditional,0.0007262596487998
thatcher_82_inv,cogvideox_2b,conditional,0.000750034302473
thatcher_83_inv,cogvideox_2b,conditional,0.0005387051403522
thatcher_84_inv,cogvideox_2b,conditional,0.0001310202479362
thatcher_85_inv,cogvideox_2b,conditional,0.0007123225927352
thatcher_86_inv,cogvideox_2b,conditional,0.0002854706346988
thatcher_87_inv,cogvideox_2b,conditional,5.048245191571765e-05
thatcher_88_inv,cogvideox_2b,conditional,-3.082230687140308e-05
thatcher_89_inv,cogvideox_2b,conditional,0.0011204749345779
thatcher_90_inv,cogvideox_2b,conditional,8.916467428204955e-05
thatcher_91_inv,cogvideox_2b,conditional,0.0004305534064769
thatcher_92_inv,cogvideox_2b,conditional,0.000281598418951
thatcher_93_inv,cogvideox_2b,conditional,0.0003545829653739
thatcher_94_inv,cogvideox_2b,conditional,0.0006916370987892
thatcher_95_inv,cogvideox_2b,conditional,4.074454307556597e-05
thatcher_96_inv,cogvideox_2b,conditional,0.0002106562256813
thatcher_97_inv,cogvideox_2b,conditional,0.0003418451547622
thatcher_98_inv,cogvideox_2b,conditional,0.0004714921116829
thatcher_99_inv,cogvideox_2b,conditional,0.0004810409247875
thatcher_100_inv,cogvideox_2b,conditional,0.0002640089392661
thatcher_101_inv,cogvideox_2b,conditional,0.0011050002276897
thatcher_102_inv,cogvideox_2b,conditional,0.0001309682428836
thatcher_103_inv,cogvideox_2b,conditional,0.0002040868997573
thatcher_104_inv,cogvideox_2b,conditional,0.0007064655423164
thatcher_105_inv,cogvideox_2b,conditional,0.0002941323816776
thatcher_106_inv,cogvideox_2b,conditional,0.0008385100215673
thatcher_107_inv,cogvideox_2b,conditional,0.0009277398884296
thatcher_108_inv,cogvideox_2b,conditional,0.0007568284869193
thatcher_109_inv,cogvideox_2b,conditional,0.0004437701404094
thatcher_110_inv,cogvideox_2b,conditional,0.0003893275558948
thatcher_111_inv,cogvideox_2b,conditional,0.0008095589280128
thatcher_112_inv,cogvideox_2b,conditional,0.0007381202280521
thatcher_113_inv,cogvideox_2b,conditional,0.0004278569668531
thatcher_114_inv,cogvideox_2b,conditional,0.0003868205845355
thatcher_115_inv,cogvideox_2b,conditional,0.0004917673766612
thatcher_116_inv,cogvideox_2b,conditional,0.000552539974451
thatcher_117_inv,cogvideox_2b,conditional,0.000930680334568
thatcher_118_inv,cogvideox_2b,conditional,0.0004294057190417
thatcher_119_inv,cogvideox_2b,conditional,1.4085322618512253e-05
thatcher_120_inv,cogvideox_2b,conditional,0.0011060954630374
thatcher_121_inv,cogvideox_2b,conditional,0.0006704103946685
thatcher_122_inv,cogvideox_2b,conditional,0.0006514829397201
thatcher_123_inv,cogvideox_2b,conditional,0.0005247794091701
thatcher_124_inv,cogvideox_2b,conditional,0.0001716208457946
thatcher_125_inv,cogvideox_2b,conditional,0.0004345872998237
thatcher_126_inv,cogvideox_2b,conditional,0.0006289999186992
thatcher_127_inv,cogvideox_2b,conditional,0.0001743054389953
thatcher_128_inv,cogvideox_2b,conditional,0.0001645267009734
thatcher_129_inv,cogvideox_2b,conditional,0.0004102453589439
thatcher_130_inv,cogvideox_2b,conditional,0.0002198436856269
thatcher_131_inv,cogvideox_2b,conditional,0.0011320799589157
thatcher_132_inv,cogvideox_2b,conditional,-6.083086133004678e-05
thatcher_133_inv,cogvideox_2b,conditional,0.0004230618476867
thatcher_134_inv,cogvideox_2b,conditional,0.0001051244139671
thatcher_135_inv,cogvideox_2b,conditional,0.0008317252993583
thatcher_136_inv,cogvideox_2b,conditional,0.000319583415985
thatcher_137_inv,cogvideox_2b,conditional,0.0012455248832702
thatcher_138_inv,cogvideox_2b,conditional,0.0005648736655712
thatcher_139_inv,cogvideox_2b,conditional,0.0006315436959266
thatcher_0_str,ltx_2b,empty,0.0034712636470793
thatcher_1_str,ltx_2b,empty,0.0031038922071455
thatcher_2_str,ltx_2b,empty,0.0024546509981154
thatcher_3_str,ltx_2b,empty,0.0022126552462577
thatcher_4_str,ltx_2b,empty,0.0035636472702026
thatcher_5_str,ltx_2b,empty,0.003409557044506
thatcher_6_str,ltx_2b,empty,0.0033460986614227
thatcher_7_str,ltx_2b,empty,0.0047480344772339
thatcher_8_str,ltx_2b,empty,0.0065860581398009
thatcher_9_str,ltx_2b,empty,0.0038281333446503
thatcher_10_str,ltx_2b,empty,0.0032412564754486
thatcher_11_str,ltx_2b,empty,0.0035947215557099
thatcher_12_str,ltx_2b,empty,0.0009022009372711
thatcher_13_str,ltx_2b,empty,0.0032329022884368
thatcher_14_str,ltx_2b,empty,0.0016128450632095
thatcher_15_str,ltx_2b,empty,0.0037606701254845
thatcher_16_str,ltx_2b,empty,0.0039330267906189
thatcher_17_str,ltx_2b,empty,0.0032869690656662
thatcher_18_str,ltx_2b,empty,0.0042618441581726
thatcher_19_str,ltx_2b,empty,0.0071436256170271
thatcher_20_str,ltx_2b,empty,0.0023098415136335
thatcher_21_str,ltx_2b,empty,0.0072498619556427
thatcher_22_str,ltx_2b,empty,0.0063778722286224
thatcher_23_str,ltx_2b,empty,0.0021881282329558
thatcher_24_str,ltx_2b,empty,0.0019363307952882
thatcher_25_str,ltx_2b,empty,0.0053514528274536
thatcher_26_str,ltx_2b,empty,0.0055107951164244
thatcher_27_str,ltx_2b,empty,0.0040476173162459
thatcher_28_str,ltx_2b,empty,0.0049978491663931
thatcher_29_str,ltx_2b,empty,0.0039420825242996
thatcher_30_str,ltx_2b,empty,0.0050911551713942
thatcher_31_str,ltx_2b,empty,0.0072759997844696
thatcher_32_str,ltx_2b,empty,0.0029255270957948
thatcher_33_str,ltx_2b,empty,0.0059073242545127
thatcher_34_str,ltx_2b,empty,0.0062989187240601
thatcher_35_str,ltx_2b,empty,0.0052763521671294
thatcher_36_str,ltx_2b,empty,0.0067505919933318
thatcher_37_str,ltx_2b,empty,0.0037114495038986
thatcher_38_str,ltx_2b,empty,0.0054869025945663
thatcher_39_str,ltx_2b,empty,0.0027067551016807
thatcher_40_str,ltx_2b,empty,0.004075214266777
thatcher_41_str,ltx_2b,empty,0.0027843475341797
thatcher_42_str,ltx_2b,empty,0.005521770119667
thatcher_43_str,ltx_2b,empty,0.0030143117904662
thatcher_44_str,ltx_2b,empty,0.004168011546135
thatcher_45_str,ltx_2b,empty,0.0049843430519103
thatcher_46_str,ltx_2b,empty,0.0013326895236969
thatcher_47_str,ltx_2b,empty,0.0036302840709686
thatcher_48_str,ltx_2b,empty,0.0028805100917815
thatcher_49_str,ltx_2b,empty,0.0023324733972549
thatcher_50_str,ltx_2b,empty,0.0040032085776328
thatcher_51_str,ltx_2b,empty,0.0061563146114348
thatcher_52_str,ltx_2b,empty,0.002105444073677
thatcher_53_str,ltx_2b,empty,0.0053504166007042
thatcher_54_str,ltx_2b,empty,0.0032819616794587
thatcher_55_str,ltx_2b,empty,0.0030496507883071
thatcher_56_str,ltx_2b,empty,0.0048497116565704
thatcher_57_str,ltx_2b,empty,0.0053782981634138
thatcher_58_str,ltx_2b,empty,0.0025802087783813
thatcher_59_str,ltx_2b,empty,0.0048104780912399
thatcher_60_str,ltx_2b,empty,0.0036043959856033
thatcher_61_str,ltx_2b,empty,0.0024736583232879
thatcher_62_str,ltx_2b,empty,0.0050483357906341
thatcher_63_str,ltx_2b,empty,0.0015385383367538
thatcher_64_str,ltx_2b,empty,0.004194682240486
thatcher_65_str,ltx_2b,empty,0.0040796262025833
thatcher_66_str,ltx_2b,empty,0.0024789181351661
thatcher_67_str,ltx_2b,empty,0.0055810153484343
thatcher_68_str,ltx_2b,empty,0.0049954426288604
thatcher_69_str,ltx_2b,empty,0.0022232061624528
thatcher_70_str,ltx_2b,empty,0.0055778211355209
thatcher_71_str,ltx_2b,empty,0.005178472995758
thatcher_72_str,ltx_2b,empty,0.0034530639648437
thatcher_73_str,ltx_2b,empty,0.0045185369253158
thatcher_74_str,ltx_2b,empty,0.0021650713682174
thatcher_75_str,ltx_2b,empty,0.0044378894567489
thatcher_76_str,ltx_2b,empty,0.0041326069831848
thatcher_77_str,ltx_2b,empty,0.0024148684740066
thatcher_78_str,ltx_2b,empty,0.0020996785163879
thatcher_79_str,ltx_2b,empty,0.0026409143209457
thatcher_80_str,ltx_2b,empty,0.0042932233214378
thatcher_81_str,ltx_2b,empty,0.0048715782165528
thatcher_82_str,ltx_2b,empty,0.004973545074463
thatcher_83_str,ltx_2b,empty,0.0074527877569199
thatcher_84_str,ltx_2b,empty,0.0030289983749389
thatcher_85_str,ltx_2b,empty,0.0015353161096574
thatcher_86_str,ltx_2b,empty,0.0037679404020309
thatcher_87_str,ltx_2b,empty,0.0024742943048476
thatcher_88_str,ltx_2b,empty,0.0039287823438645
thatcher_89_str,ltx_2b,empty,0.0070226496458054
thatcher_90_str,ltx_2b,empty,0.0032003551721572
thatcher_91_str,ltx_2b,empty,0.0017702841758728
thatcher_92_str,ltx_2b,empty,0.0034964764118194
thatcher_93_str,ltx_2b,empty,0.0053432190418243
thatcher_94_str,ltx_2b,empty,0.0062342512607575
thatcher_95_str,ltx_2b,empty,0.0017432129383088
thatcher_96_str,ltx_2b,empty,0.0042807430028915
thatcher_97_str,ltx_2b,empty,0.0034643375873566
thatcher_98_str,ltx_2b,empty,0.0032148289680481
thatcher_99_str,ltx_2b,empty,0.0043957859277724
thatcher_100_str,ltx_2b,empty,0.0039729219675063
thatcher_101_str,ltx_2b,empty,0.0027172446250916
thatcher_102_str,ltx_2b,empty,0.0025323602557182
thatcher_103_str,ltx_2b,empty,0.0083001142740251
thatcher_104_str,ltx_2b,empty,0.0031279122829437
thatcher_105_str,ltx_2b,empty,0.0048634243011474
thatcher_106_str,ltx_2b,empty,0.0026401385664939
thatcher_107_str,ltx_2b,empty,0.004579951763153
thatcher_108_str,ltx_2b,empty,0.0031673806905746
thatcher_109_str,ltx_2b,empty,0.00245281457901
thatcher_110_str,ltx_2b,empty,0.0037303388118744
thatcher_111_str,ltx_2b,empty,0.003420957326889
thatcher_112_str,ltx_2b,empty,0.0038476127386093
thatcher_113_str,ltx_2b,empty,0.0062037834525107
thatcher_114_str,ltx_2b,empty,0.002791753411293
thatcher_115_str,ltx_2b,empty,0.0029957973957061
thatcher_116_str,ltx_2b,empty,0.0030249381065368
thatcher_117_str,ltx_2b,empty,0.0061756125092506
thatcher_118_str,ltx_2b,empty,0.0032979536056518
thatcher_119_str,ltx_2b,empty,0.0029067802429199
thatcher_120_str,ltx_2b,empty,0.0054227405786515
thatcher_121_str,ltx_2b,empty,0.004202139377594
thatcher_122_str,ltx_2b,empty,0.0031454116106033
thatcher_123_str,ltx_2b,empty,0.0076367020606994
thatcher_124_str,ltx_2b,empty,0.0033130514621735
thatcher_125_str,ltx_2b,empty,0.00395228266716
thatcher_126_str,ltx_2b,empty,0.0018227404356003
thatcher_127_str,ltx_2b,empty,0.0022510170936585
thatcher_128_str,ltx_2b,empty,0.0039231005311012
thatcher_129_str,ltx_2b,empty,0.0031098783016205
thatcher_130_str,ltx_2b,empty,0.0014447578787803
thatcher_131_str,ltx_2b,empty,0.0059582650661467
thatcher_132_str,ltx_2b,empty,0.002835469841957
thatcher_133_str,ltx_2b,empty,0.0037382578849792
thatcher_134_str,ltx_2b,empty,0.0027467370033264
thatcher_135_str,ltx_2b,empty,0.0036282682418822
thatcher_136_str,ltx_2b,empty,0.0028618991374969
thatcher_137_str,ltx_2b,empty,0.0022038137912749
thatcher_138_str,ltx_2b,empty,0.0052931958436966
thatcher_139_str,ltx_2b,empty,0.002421137690544
thatcher_0_inv,ltx_2b,empty,0.0015305358171464
thatcher_1_inv,ltx_2b,empty,0.000215960741043
thatcher_2_inv,ltx_2b,empty,0.0008672744035721
thatcher_3_inv,ltx_2b,empty,0.0013059920072555
thatcher_4_inv,ltx_2b,empty,0.0017542755603789
thatcher_5_inv,ltx_2b,empty,0.0015103432536124
thatcher_6_inv,ltx_2b,empty,0.0020750746130943
thatcher_7_inv,ltx_2b,empty,0.0001348131895064
thatcher_8_inv,ltx_2b,empty,0.0023484116792679
thatcher_9_inv,ltx_2b,empty,0.0012066173553467
thatcher_10_inv,ltx_2b,empty,0.0008990931510924
thatcher_11_inv,ltx_2b,empty,0.0003654980659483
thatcher_12_inv,ltx_2b,empty,-9.372651576988744e-05
thatcher_13_inv,ltx_2b,empty,0.0025362128019334
thatcher_14_inv,ltx_2b,empty,0.0005592119693756
thatcher_15_inv,ltx_2b,empty,0.0014411923289299
thatcher_16_inv,ltx_2b,empty,0.001068109869957
thatcher_17_inv,ltx_2b,empty,0.0004962474107742
thatcher_18_inv,ltx_2b,empty,0.0017764848470687
thatcher_19_inv,ltx_2b,empty,0.0008595222234726
thatcher_20_inv,ltx_2b,empty,0.0004085081815719
thatcher_21_inv,ltx_2b,empty,0.0022807490825653
thatcher_22_inv,ltx_2b,empty,0.0015383255481719
thatcher_23_inv,ltx_2b,empty,0.0005537730455399
thatcher_24_inv,ltx_2b,empty,-0.0004453992843627
thatcher_25_inv,ltx_2b,empty,0.00184679210186
thatcher_26_inv,ltx_2b,empty,0.001886391043663
thatcher_27_inv,ltx_2b,empty,0.001550629734993
thatcher_28_inv,ltx_2b,empty,0.0032141613960265
thatcher_29_inv,ltx_2b,empty,4.855692386629418e-05
thatcher_30_inv,ltx_2b,empty,0.0038105159997939
thatcher_31_inv,ltx_2b,empty,0.0019606548547744
thatcher_32_inv,ltx_2b,empty,0.0012360548973082
thatcher_33_inv,ltx_2b,empty,0.0014239597320556
thatcher_34_inv,ltx_2b,empty,0.0017004138231277
thatcher_35_inv,ltx_2b,empty,0.0039194059371948
thatcher_36_inv,ltx_2b,empty,0.0037573355436325
thatcher_37_inv,ltx_2b,empty,0.0027548599243163
thatcher_38_inv,ltx_2b,empty,0.0016549617052077
thatcher_39_inv,ltx_2b,empty,0.0007575219869613
thatcher_40_inv,ltx_2b,empty,0.0015430402755737
thatcher_41_inv,ltx_2b,empty,0.0010026627779007
thatcher_42_inv,ltx_2b,empty,0.0011361175775528
thatcher_43_inv,ltx_2b,empty,0.0008596742153169
thatcher_44_inv,ltx_2b,empty,0.0020946538448334
thatcher_45_inv,ltx_2b,empty,0.0018341678380967
thatcher_46_inv,ltx_2b,empty,-0.0008950692415239
thatcher_47_inv,ltx_2b,empty,0.0028505825996397
thatcher_48_inv,ltx_2b,empty,0.0014209663867949
thatcher_49_inv,ltx_2b,empty,0.0011907809972763
thatcher_50_inv,ltx_2b,empty,0.0023571968078613
thatcher_51_inv,ltx_2b,empty,0.0031290078163147
thatcher_52_inv,ltx_2b,empty,0.0004591965675354
thatcher_53_inv,ltx_2b,empty,0.0012432307004928
thatcher_54_inv,ltx_2b,empty,0.0008513104915618
thatcher_55_inv,ltx_2b,empty,0.0004363691806791
thatcher_56_inv,ltx_2b,empty,0.0023095452785492
thatcher_57_inv,ltx_2b,empty,0.0037365546822548
thatcher_58_inv,ltx_2b,empty,0.0007687300443648
thatcher_59_inv,ltx_2b,empty,0.0017470091581345
thatcher_60_inv,ltx_2b,empty,0.000742104947567
thatcher_61_inv,ltx_2b,empty,0.0009782314300537
thatcher_62_inv,ltx_2b,empty,0.001992095708847
thatcher_63_inv,ltx_2b,empty,0.0004256319999693
thatcher_64_inv,ltx_2b,empty,-0.0006233257055283
thatcher_65_inv,ltx_2b,empty,0.0009384807944297
thatcher_66_inv,ltx_2b,empty,0.0006984090805053
thatcher_67_inv,ltx_2b,empty,0.0009900975227355
thatcher_68_inv,ltx_2b,empty,0.002083016037941
thatcher_69_inv,ltx_2b,empty,0.0021598458290099
thatcher_70_inv,ltx_2b,empty,0.0029046034812926
thatcher_71_inv,ltx_2b,empty,0.0010495004057884
thatcher_72_inv,ltx_2b,empty,0.0015375280380248
thatcher_73_inv,ltx_2b,empty,0.0017923247814177
thatcher_74_inv,ltx_2b,empty,-3.855764865878797e-05
thatcher_75_inv,ltx_2b,empty,0.0022380650043486
thatcher_76_inv,ltx_2b,empty,0.0010763180255889
thatcher_77_inv,ltx_2b,empty,-0.0003035771846771
thatcher_78_inv,ltx_2b,empty,0.0006745481491088
thatcher_79_inv,ltx_2b,empty,-0.000182921886444
thatcher_80_inv,ltx_2b,empty,0.0016213780641556
thatcher_81_inv,ltx_2b,empty,0.002056160569191
thatcher_82_inv,ltx_2b,empty,0.0017340570688247
thatcher_83_inv,ltx_2b,empty,0.0029636085033416
thatcher_84_inv,ltx_2b,empty,0.0003612959384918
thatcher_85_inv,ltx_2b,empty,0.0005426448583603
thatcher_86_inv,ltx_2b,empty,0.0016835135221482
thatcher_87_inv,ltx_2b,empty,-0.0006108915805816
thatcher_88_inv,ltx_2b,empty,0.0015354353189468
thatcher_89_inv,ltx_2b,empty,0.0030765795707702
thatcher_90_inv,ltx_2b,empty,0.0007450628280639
thatcher_91_inv,ltx_2b,empty,0.0004420050978661
thatcher_92_inv,ltx_2b,empty,0.0005398494005204
thatcher_93_inv,ltx_2b,empty,0.0001474267244337
thatcher_94_inv,ltx_2b,empty,0.0039980128407478
thatcher_95_inv,ltx_2b,empty,0.0003843957185744
thatcher_96_inv,ltx_2b,empty,0.001488280892372
thatcher_97_inv,ltx_2b,empty,0.0006943410634994
thatcher_98_inv,ltx_2b,empty,-0.0002057856321334
thatcher_99_inv,ltx_2b,empty,0.0011633014678954
thatcher_100_inv,ltx_2b,empty,0.0017937710881233
thatcher_101_inv,ltx_2b,empty,0.0002375257015227
thatcher_102_inv,ltx_2b,empty,0.0008468240499496
thatcher_103_inv,ltx_2b,empty,0.0014036285877228
thatcher_104_inv,ltx_2b,empty,0.0001309812068939
thatcher_105_inv,ltx_2b,empty,0.0006182843446732
thatcher_106_inv,ltx_2b,empty,0.0015856847167015
thatcher_107_inv,ltx_2b,empty,0.0026969563961029
thatcher_108_inv,ltx_2b,empty,-0.0003002929687501
thatcher_109_inv,ltx_2b,empty,0.0010438346862792
thatcher_110_inv,ltx_2b,empty,0.0015046262741088
thatcher_111_inv,ltx_2b,empty,0.0009521323442458
thatcher_112_inv,ltx_2b,empty,0.0014578062295914
thatcher_113_inv,ltx_2b,empty,0.0009875842928885
thatcher_114_inv,ltx_2b,empty,0.0007504171133041
thatcher_115_inv,ltx_2b,empty,0.000980679988861
thatcher_116_inv,ltx_2b,empty,0.0014867264032363
thatcher_117_inv,ltx_2b,empty,0.0022131171822548
thatcher_118_inv,ltx_2b,empty,0.0013822340965271
thatcher_119_inv,ltx_2b,empty,9.358912706380897e-05
thatcher_120_inv,ltx_2b,empty,0.0021347475051879
thatcher_121_inv,ltx_2b,empty,0.0023114165663719
thatcher_122_inv,ltx_2b,empty,0.0009453499317168
thatcher_123_inv,ltx_2b,empty,0.0015919810533523
thatcher_124_inv,ltx_2b,empty,0.0011636483669281
thatcher_125_inv,ltx_2b,empty,0.0014279270172118
thatcher_126_inv,ltx_2b,empty,-0.0003684711456298
thatcher_127_inv,ltx_2b,empty,-0.0001766902208327
thatcher_128_inv,ltx_2b,empty,0.0006862115859985
thatcher_129_inv,ltx_2b,empty,0.0012753576040268
thatcher_130_inv,ltx_2b,empty,0.0002292317152023
thatcher_131_inv,ltx_2b,empty,0.0036605793237685
thatcher_132_inv,ltx_2b,empty,-8.64583253860629e-05
thatcher_133_inv,ltx_2b,empty,0.0018017351627349
thatcher_134_inv,ltx_2b,empty,0.0002556139230728
thatcher_135_inv,ltx_2b,empty,0.0020937937498093
thatcher_136_inv,ltx_2b,empty,-3.997504711150679e-05
thatcher_137_inv,ltx_2b,empty,0.0023392939567565
thatcher_138_inv,ltx_2b,empty,0.002353719472885
thatcher_139_inv,ltx_2b,empty,0.0011145329475401
thatcher_0_str,ltx_2b,conditional,0.0035847806930541
thatcher_1_str,ltx_2b,conditional,0.0030721753835678
thatcher_2_str,ltx_2b,conditional,0.002044089436531
thatcher_3_str,ltx_2b,conditional,0.0021811735630035
thatcher_4_str,ltx_2b,conditional,0.0034640038013457
thatcher_5_str,ltx_2b,conditional,0.0035783389210701
thatcher_6_str,ltx_2b,conditional,0.0033066534996032
thatcher_7_str,ltx_2b,conditional,0.004283708333969
thatcher_8_str,ltx_2b,conditional,0.0063199013471603
thatcher_9_str,ltx_2b,conditional,0.0037466788291931
thatcher_10_str,ltx_2b,conditional,0.0033109247684478
thatcher_11_str,ltx_2b,conditional,0.0036244618892667
thatcher_12_str,ltx_2b,conditional,0.0007538312673567
thatcher_13_str,ltx_2b,conditional,0.0028930854797364
thatcher_14_str,ltx_2b,conditional,0.0016051739454269
thatcher_15_str,ltx_2b,conditional,0.0034981796145439
thatcher_16_str,ltx_2b,conditional,0.0036985611915588
thatcher_17_str,ltx_2b,conditional,0.0032360875606536
thatcher_18_str,ltx_2b,conditional,0.0044566398859025
thatcher_19_str,ltx_2b,conditional,0.0065819239616394
thatcher_20_str,ltx_2b,conditional,0.0022136801481246
thatcher_21_str,ltx_2b,conditional,0.0072905385494231
thatcher_22_str,ltx_2b,conditional,0.006406027674675
thatcher_23_str,ltx_2b,conditional,0.0020967298746108
thatcher_24_str,ltx_2b,conditional,0.0016689169406891
thatcher_25_str,ltx_2b,conditional,0.0048439139127731
thatcher_26_str,ltx_2b,conditional,0.0052057814598083
thatcher_27_str,ltx_2b,conditional,0.004156156182289
thatcher_28_str,ltx_2b,conditional,0.0051986810564995
thatcher_29_str,ltx_2b,conditional,0.003978099822998
thatcher_30_str,ltx_2b,conditional,0.0050672870874404
thatcher_31_str,ltx_2b,conditional,0.0071415549516678
thatcher_32_str,ltx_2b,conditional,0.0024607324600219
thatcher_33_str,ltx_2b,conditional,0.005860826075077
thatcher_34_str,ltx_2b,conditional,0.0061091661453247
thatcher_35_str,ltx_2b,conditional,0.0051647418737411
thatcher_36_str,ltx_2b,conditional,0.0066686505079269
thatcher_37_str,ltx_2b,conditional,0.0037781929969788
thatcher_38_str,ltx_2b,conditional,0.0055447959899903
thatcher_39_str,ltx_2b,conditional,0.0025473681092262
thatcher_40_str,ltx_2b,conditional,0.004527171254158
thatcher_41_str,ltx_2b,conditional,0.0028965115547179
thatcher_42_str,ltx_2b,conditional,0.0054185307025909
thatcher_43_str,ltx_2b,conditional,0.0032674896717071
thatcher_44_str,ltx_2b,conditional,0.0041391938924789
thatcher_45_str,ltx_2b,conditional,0.0048708689212798
thatcher_46_str,ltx_2b,conditional,0.0012274837493895
thatcher_47_str,ltx_2b,conditional,0.0035098809003828
thatcher_48_str,ltx_2b,conditional,0.0025294560194015
thatcher_49_str,ltx_2b,conditional,0.0020265692472457
thatcher_50_str,ltx_2b,conditional,0.0036981263756751
thatcher_51_str,ltx_2b,conditional,0.0058868736028671
thatcher_52_str,ltx_2b,conditional,0.0023031774163246
thatcher_53_str,ltx_2b,conditional,0.0053729709982871
thatcher_54_str,ltx_2b,conditional,0.0032283252477645
thatcher_55_str,ltx_2b,conditional,0.0030575308203696
thatcher_56_str,ltx_2b,conditional,0.0045437052845954
thatcher_57_str,ltx_2b,conditional,0.0050752514600753
thatcher_58_str,ltx_2b,conditional,0.0025321215391159
thatcher_59_str,ltx_2b,conditional,0.0052292883396147
thatcher_60_str,ltx_2b,conditional,0.0034944576025008
thatcher_61_str,ltx_2b,conditional,0.0024691063165664
thatcher_62_str,ltx_2b,conditional,0.0048664021492004
thatcher_63_str,ltx_2b,conditional,0.0015551841259003
thatcher_64_str,ltx_2b,conditional,0.0040092784166335
thatcher_65_str,ltx_2b,conditional,0.0042820307612419
thatcher_66_str,ltx_2b,conditional,0.0021723949909209
thatcher_67_str,ltx_2b,conditional,0.0052663972973823
thatcher_68_str,ltx_2b,conditional,0.005261120200157
thatcher_69_str,ltx_2b,conditional,0.0021113908290862
thatcher_70_str,ltx_2b,conditional,0.0054727435111999
thatcher_71_str,ltx_2b,conditional,0.0052687942981719
thatcher_72_str,ltx_2b,conditional,0.0035762310028075
thatcher_73_str,ltx_2b,conditional,0.0043975979089737
thatcher_74_str,ltx_2b,conditional,0.0019861018657684
thatcher_75_str,ltx_2b,conditional,0.0044017940759659
thatcher_76_str,ltx_2b,conditional,0.0040100383758545
thatcher_77_str,ltx_2b,conditional,0.0021650201082228
thatcher_78_str,ltx_2b,conditional,0.0020636123418806
thatcher_79_str,ltx_2b,conditional,0.002752371430397
thatcher_80_str,ltx_2b,conditional,0.0035960239171982
thatcher_81_str,ltx_2b,conditional,0.0042642378807067
thatcher_82_str,ltx_2b,conditional,0.005024608373642
thatcher_83_str,ltx_2b,conditional,0.0069677686691284
thatcher_84_str,ltx_2b,conditional,0.0031901556253434
thatcher_85_str,ltx_2b,conditional,0.0010672682523726
thatcher_86_str,ltx_2b,conditional,0.0039169526100159
thatcher_87_str,ltx_2b,conditional,0.0025354325771331
thatcher_88_str,ltx_2b,conditional,0.0039541280269622
thatcher_89_str,ltx_2b,conditional,0.0069399201869963
thatcher_90_str,ltx_2b,conditional,0.0029798907041548
thatcher_91_str,ltx_2b,conditional,0.001813339293003
thatcher_92_str,ltx_2b,conditional,0.0035660421848296
thatcher_93_str,ltx_2b,conditional,0.005335505604744
thatcher_94_str,ltx_2b,conditional,0.0060392695665359
thatcher_95_str,ltx_2b,conditional,0.0017182928323746
thatcher_96_str,ltx_2b,conditional,0.0041034561395645
thatcher_97_str,ltx_2b,conditional,0.003437362909317
thatcher_98_str,ltx_2b,conditional,0.0029229769110679
thatcher_99_str,ltx_2b,conditional,0.0046424746513367
thatcher_100_str,ltx_2b,conditional,0.0041725823283195
thatcher_101_str,ltx_2b,conditional,0.0026782584190369
thatcher_102_str,ltx_2b,conditional,0.0029881870746613
thatcher_103_str,ltx_2b,conditional,0.0081342869997024
thatcher_104_str,ltx_2b,conditional,0.0028425365686416
thatcher_105_str,ltx_2b,conditional,0.0047887176275252
thatcher_106_str,ltx_2b,conditional,0.0027658665180206
thatcher_107_str,ltx_2b,conditional,0.0043851912021637
thatcher_108_str,ltx_2b,conditional,0.003287072777748
thatcher_109_str,ltx_2b,conditional,0.002862318754196
thatcher_110_str,ltx_2b,conditional,0.0039918547868729
thatcher_111_str,ltx_2b,conditional,0.0030682361125945
thatcher_112_str,ltx_2b,conditional,0.0033468294143676
thatcher_113_str,ltx_2b,conditional,0.005858143866062
thatcher_114_str,ltx_2b,conditional,0.0028136432170868
thatcher_115_str,ltx_2b,conditional,0.0027781790494919
thatcher_116_str,ltx_2b,conditional,0.0029283922910691
thatcher_117_str,ltx_2b,conditional,0.0060430231690406
thatcher_118_str,ltx_2b,conditional,0.0031824040412903
thatcher_119_str,ltx_2b,conditional,0.0026630648970604
thatcher_120_str,ltx_2b,conditional,0.005289209485054
thatcher_121_str,ltx_2b,conditional,0.0050373315811157
thatcher_122_str,ltx_2b,conditional,0.0032201373577118
thatcher_123_str,ltx_2b,conditional,0.0074642652273178
thatcher_124_str,ltx_2b,conditional,0.0035805904865265
thatcher_125_str,ltx_2b,conditional,0.0035687071084977
thatcher_126_str,ltx_2b,conditional,0.001643230319023
thatcher_127_str,ltx_2b,conditional,0.0021583700180053
thatcher_128_str,ltx_2b,conditional,0.0039924743771552
thatcher_129_str,ltx_2b,conditional,0.0028904896974563
thatcher_130_str,ltx_2b,conditional,0.0016828545928
thatcher_131_str,ltx_2b,conditional,0.0053999614715576
thatcher_132_str,ltx_2b,conditional,0.0025586837530136
thatcher_133_str,ltx_2b,conditional,0.0038386195898056
thatcher_134_str,ltx_2b,conditional,0.0029049456119537
thatcher_135_str,ltx_2b,conditional,0.0034871894121171
thatcher_136_str,ltx_2b,conditional,0.0027108895778654
thatcher_137_str,ltx_2b,conditional,0.0022549992799759
thatcher_138_str,ltx_2b,conditional,0.0056445801258087
thatcher_139_str,ltx_2b,conditional,0.0024788010120392
thatcher_0_inv,ltx_2b,conditional,0.0015501546859741
thatcher_1_inv,ltx_2b,conditional,0.0004157376289365
thatcher_2_inv,ltx_2b,conditional,0.0006651127338409
thatcher_3_inv,ltx_2b,conditional,0.0012392985820769
thatcher_4_inv,ltx_2b,conditional,0.0017907720804213
thatcher_5_inv,ltx_2b,conditional,0.0015418025851249
thatcher_6_inv,ltx_2b,conditional,0.0021079000830651
thatcher_7_inv,ltx_2b,conditional,-0.0001553851366044
thatcher_8_inv,ltx_2b,conditional,0.0024531728029251
thatcher_9_inv,ltx_2b,conditional,0.0011131149530411
thatcher_10_inv,ltx_2b,conditional,0.0011224192380905
thatcher_11_inv,ltx_2b,conditional,0.0004991549253464
thatcher_12_inv,ltx_2b,conditional,5.223870277409892e-05
thatcher_13_inv,ltx_2b,conditional,0.0024656909704208
thatcher_14_inv,ltx_2b,conditional,0.0005238544940948
thatcher_15_inv,ltx_2b,conditional,0.0014014154672623
thatcher_16_inv,ltx_2b,conditional,0.0011845856904983
thatcher_17_inv,ltx_2b,conditional,0.0005484044551848
thatcher_18_inv,ltx_2b,conditional,0.0017419385910034
thatcher_19_inv,ltx_2b,conditional,0.0009138453006743
thatcher_20_inv,ltx_2b,conditional,0.0003723818063735
thatcher_21_inv,ltx_2b,conditional,0.0024287354946136
thatcher_22_inv,ltx_2b,conditional,0.001164258122444
thatcher_23_inv,ltx_2b,conditional,0.0006262004375456
thatcher_24_inv,ltx_2b,conditional,-0.0003026747703552
thatcher_25_inv,ltx_2b,conditional,0.0019115924835206
thatcher_26_inv,ltx_2b,conditional,0.0021636605262757
thatcher_27_inv,ltx_2b,conditional,0.0016644895076751
thatcher_28_inv,ltx_2b,conditional,0.0031049433350563
thatcher_29_inv,ltx_2b,conditional,4.3744444847060304e-05
thatcher_30_inv,ltx_2b,conditional,0.0041245996952057
thatcher_31_inv,ltx_2b,conditional,0.0023036843538284
thatcher_32_inv,ltx_2b,conditional,0.0010836207866667
thatcher_33_inv,ltx_2b,conditional,0.0015343365073203
thatcher_34_inv,ltx_2b,conditional,0.001663504242897
thatcher_35_inv,ltx_2b,conditional,0.0039272058010101
thatcher_36_inv,ltx_2b,conditional,0.0037102717161178
thatcher_37_inv,ltx_2b,conditional,0.0028843909502029
thatcher_38_inv,ltx_2b,conditional,0.0012063723802566
thatcher_39_inv,ltx_2b,conditional,0.0007690703868866
thatcher_40_inv,ltx_2b,conditional,0.0016992163658142
thatcher_41_inv,ltx_2b,conditional,0.0010249710083007
thatcher_42_inv,ltx_2b,conditional,0.0009311592578887
thatcher_43_inv,ltx_2b,conditional,0.0006914430856704
thatcher_44_inv,ltx_2b,conditional,0.0021152383089065
thatcher_45_inv,ltx_2b,conditional,0.0015408170223236
thatcher_46_inv,ltx_2b,conditional,-0.0010463857650756
thatcher_47_inv,ltx_2b,conditional,0.0026699006557465
thatcher_48_inv,ltx_2b,conditional,0.0015693980455399
thatcher_49_inv,ltx_2b,conditional,0.0012248027324677
thatcher_50_inv,ltx_2b,conditional,0.0024528014659881
thatcher_51_inv,ltx_2b,conditional,0.0028358912467957
thatcher_52_inv,ltx_2b,conditional,0.0003869351744651
thatcher_53_inv,ltx_2b,conditional,0.0011927145719529
thatcher_54_inv,ltx_2b,conditional,0.0004736256599425
thatcher_55_inv,ltx_2b,conditional,0.000474545955658
thatcher_56_inv,ltx_2b,conditional,0.0023289567232132
thatcher_57_inv,ltx_2b,conditional,0.0039463794231415
thatcher_58_inv,ltx_2b,conditional,0.0008914136886596
thatcher_59_inv,ltx_2b,conditional,0.0020833641290665
thatcher_60_inv,ltx_2b,conditional,0.0006951174139976
thatcher_61_inv,ltx_2b,conditional,0.0010071301460265
thatcher_62_inv,ltx_2b,conditional,0.0022159725427627
thatcher_63_inv,ltx_2b,conditional,0.0003793078660964
thatcher_64_inv,ltx_2b,conditional,-0.0002204579114913
thatcher_65_inv,ltx_2b,conditional,0.0010409834980964
thatcher_66_inv,ltx_2b,conditional,0.0007148459553718
thatcher_67_inv,ltx_2b,conditional,0.0011156690120696
thatcher_68_inv,ltx_2b,conditional,0.002009333372116
thatcher_69_inv,ltx_2b,conditional,0.0023061686754224
thatcher_70_inv,ltx_2b,conditional,0.0028604459762573
thatcher_71_inv,ltx_2b,conditional,0.001431718468666
thatcher_72_inv,ltx_2b,conditional,0.0015866762399672
thatcher_73_inv,ltx_2b,conditional,0.0016132622957229
thatcher_74_inv,ltx_2b,conditional,-5.411386489867498e-05
thatcher_75_inv,ltx_2b,conditional,0.0017750370502471
thatcher_76_inv,ltx_2b,conditional,0.0009958750009537
thatcher_77_inv,ltx_2b,conditional,-2.1553635597248988e-05
thatcher_78_inv,ltx_2b,conditional,0.0009210926294326
thatcher_79_inv,ltx_2b,conditional,-0.0001079511642456
thatcher_80_inv,ltx_2b,conditional,0.0018946421146391
thatcher_81_inv,ltx_2b,conditional,0.0019929468631744
thatcher_82_inv,ltx_2b,conditional,0.0016902500391006
thatcher_83_inv,ltx_2b,conditional,0.0028829181194305
thatcher_84_inv,ltx_2b,conditional,0.0005629980564118
thatcher_85_inv,ltx_2b,conditional,0.0002806311845779
thatcher_86_inv,ltx_2b,conditional,0.0015618038177489
thatcher_87_inv,ltx_2b,conditional,-0.0006472650170326
thatcher_88_inv,ltx_2b,conditional,0.0013601994514464
thatcher_89_inv,ltx_2b,conditional,0.0028073328733443
thatcher_90_inv,ltx_2b,conditional,0.000994267463684
thatcher_91_inv,ltx_2b,conditional,0.0003407761454581
thatcher_92_inv,ltx_2b,conditional,0.0005053532123566
thatcher_93_inv,ltx_2b,conditional,0.0003469330072404
thatcher_94_inv,ltx_2b,conditional,0.0038997536897659
thatcher_95_inv,ltx_2b,conditional,0.000340963602066
thatcher_96_inv,ltx_2b,conditional,0.0011970460414886
thatcher_97_inv,ltx_2b,conditional,0.00066448867321
thatcher_98_inv,ltx_2b,conditional,0.0001529386639595
thatcher_99_inv,ltx_2b,conditional,0.001434690952301
thatcher_100_inv,ltx_2b,conditional,0.0017868143320083
thatcher_101_inv,ltx_2b,conditional,9.531021118169836e-05
thatcher_102_inv,ltx_2b,conditional,0.001035674214363
thatcher_103_inv,ltx_2b,conditional,0.0013849925994873
thatcher_104_inv,ltx_2b,conditional,0.0001593345403669
thatcher_105_inv,ltx_2b,conditional,0.0009252673387528
thatcher_106_inv,ltx_2b,conditional,0.0015058344602584
thatcher_107_inv,ltx_2b,conditional,0.0030210256576537
thatcher_108_inv,ltx_2b,conditional,-0.0002436786890029
thatcher_109_inv,ltx_2b,conditional,0.0008871281147003
thatcher_110_inv,ltx_2b,conditional,0.0016256523132323
thatcher_111_inv,ltx_2b,conditional,0.0008087766170501
thatcher_112_inv,ltx_2b,conditional,0.00134599506855
thatcher_113_inv,ltx_2b,conditional,0.0010466471314429
thatcher_114_inv,ltx_2b,conditional,0.0005114954710007
thatcher_115_inv,ltx_2b,conditional,0.0010349601507186
thatcher_116_inv,ltx_2b,conditional,0.0011405634880065
thatcher_117_inv,ltx_2b,conditional,0.0023476371169089
thatcher_118_inv,ltx_2b,conditional,0.0014309161901474
thatcher_119_inv,ltx_2b,conditional,0.0003667011857033
thatcher_120_inv,ltx_2b,conditional,0.002077980041504
thatcher_121_inv,ltx_2b,conditional,0.0026507964730262
thatcher_122_inv,ltx_2b,conditional,0.0007616412639618
thatcher_123_inv,ltx_2b,conditional,0.0015271818637847
thatcher_124_inv,ltx_2b,conditional,0.0013772493600843
thatcher_125_inv,ltx_2b,conditional,0.0017276513576506
thatcher_126_inv,ltx_2b,conditional,-0.0003452402353286
thatcher_127_inv,ltx_2b,conditional,-0.0001503044366837
thatcher_128_inv,ltx_2b,conditional,0.0007946705818177
thatcher_129_inv,ltx_2b,conditional,0.0012077391147612
thatcher_130_inv,ltx_2b,conditional,0.0002803513407708
thatcher_131_inv,ltx_2b,conditional,0.0036435121297836
thatcher_132_inv,ltx_2b,conditional,-0.0001180762052535
thatcher_133_inv,ltx_2b,conditional,0.0017928534746169
thatcher_134_inv,ltx_2b,conditional,0.0002727293968202
thatcher_135_inv,ltx_2b,conditional,0.0025690793991087
thatcher_136_inv,ltx_2b,conditional,0.000177029967308
thatcher_137_inv,ltx_2b,conditional,0.002285184264183
thatcher_138_inv,ltx_2b,conditional,0.0023869156837463
thatcher_139_inv,ltx_2b,conditional,0.0009427720308303
swap_0_lightdir_swap,stable_diffusion_15,empty,-0.000221142770024
swap_1_lightdir_swap,stable_diffusion_15,empty,0.0005395214399322
swap_2_lightdir_swap,stable_diffusion_15,empty,-0.0001743959658779
swap_3_lightdir_swap,stable_diffusion_15,empty,0.0002637110860086
swap_4_lightdir_swap,stable_diffusion_15,empty,-2.3014869075268368e-05
swap_5_lightdir_swap,stable_diffusion_15,empty,0.0002393988030962
swap_6_lightdir_swap,stable_diffusion_15,empty,-3.2346430234610896e-05
swap_7_lightdir_swap,stable_diffusion_15,empty,0.0001348386565223
swap_8_lightdir_swap,stable_diffusion_15,empty,0.000139668531483
swap_9_lightdir_swap,stable_diffusion_15,empty,0.0001437573193106
swap_10_lightdir_swap,stable_diffusion_15,empty,0.0001175944518763
swap_11_lightdir_swap,stable_diffusion_15,empty,0.0005572636774741
swap_12_lightdir_swap,stable_diffusion_15,empty,0.0001917175401467
swap_13_lightdir_swap,stable_diffusion_15,empty,3.3956114202735727e-05
swap_14_lightdir_swap,stable_diffusion_15,empty,2.5238303933292072e-05
swap_15_lightdir_swap,stable_diffusion_15,empty,0.000267996819457
swap_16_lightdir_swap,stable_diffusion_15,empty,0.0003371087345294
swap_17_lightdir_swap,stable_diffusion_15,empty,0.000538385247346
swap_18_lightdir_swap,stable_diffusion_15,empty,0.0003816066309809
swap_19_lightdir_swap,stable_diffusion_15,empty,0.0005070267280098
swap_20_lightdir_swap,stable_diffusion_15,empty,4.415297997183848e-05
swap_21_lightdir_swap,stable_diffusion_15,empty,0.0003423092747107
swap_22_lightdir_swap,stable_diffusion_15,empty,2.695298171602467e-05
swap_23_lightdir_swap,stable_diffusion_15,empty,0.0003256228019017
swap_24_lightdir_swap,stable_diffusion_15,empty,0.000104155682493
swap_25_lightdir_swap,stable_diffusion_15,empty,-0.0007094951556064
swap_26_lightdir_swap,stable_diffusion_15,empty,-0.0002411060442682
swap_27_lightdir_swap,stable_diffusion_15,empty,-0.0003424835321493
swap_28_lightdir_swap,stable_diffusion_15,empty,-1.494239550082349e-06
swap_29_lightdir_swap,stable_diffusion_15,empty,-0.0001316792180296
swap_30_lightdir_swap,stable_diffusion_15,empty,0.0002090728841722
swap_31_lightdir_swap,stable_diffusion_15,empty,0.0003034435841254
swap_32_lightdir_swap,stable_diffusion_15,empty,0.0004679908405523
swap_33_lightdir_swap,stable_diffusion_15,empty,-0.0001456964726094
swap_34_lightdir_swap,stable_diffusion_15,empty,0.0003097199520561
swap_35_lightdir_swap,stable_diffusion_15,empty,-2.6702885515983432e-05
swap_36_lightdir_swap,stable_diffusion_15,empty,0.0004047370841726
swap_37_lightdir_swap,stable_diffusion_15,empty,-0.0003153387724887
swap_38_lightdir_swap,stable_diffusion_15,empty,0.0002697914512827
swap_39_lightdir_swap,stable_diffusion_15,empty,-7.56675540469591e-05
swap_40_lightdir_swap,stable_diffusion_15,empty,9.843424428254352e-05
swap_41_lightdir_swap,stable_diffusion_15,empty,0.0003316311293747
swap_42_lightdir_swap,stable_diffusion_15,empty,0.0006273996143136
swap_43_lightdir_swap,stable_diffusion_15,empty,-7.993654580786685e-06
swap_44_lightdir_swap,stable_diffusion_15,empty,4.174783825874884e-06
swap_45_lightdir_swap,stable_diffusion_15,empty,0.0003307760693132
swap_46_lightdir_swap,stable_diffusion_15,empty,0.0005603489757049
swap_47_lightdir_swap,stable_diffusion_15,empty,-0.0002412199019454
swap_48_lightdir_swap,stable_diffusion_15,empty,0.0003105867130216
swap_49_lightdir_swap,stable_diffusion_15,empty,0.0001245725364424
swap_50_lightdir_swap,stable_diffusion_15,empty,0.0004158404353074
swap_51_lightdir_swap,stable_diffusion_15,empty,0.0003744739189278
swap_52_lightdir_swap,stable_diffusion_15,empty,0.000368120035855
swap_53_lightdir_swap,stable_diffusion_15,empty,0.000269308158895
swap_54_lightdir_swap,stable_diffusion_15,empty,-0.0007753091072663
swap_55_lightdir_swap,stable_diffusion_15,empty,0.0004445736971683
swap_56_lightdir_swap,stable_diffusion_15,empty,0.0003725381335243
swap_57_lightdir_swap,stable_diffusion_15,empty,0.0002703945920802
swap_58_lightdir_swap,stable_diffusion_15,empty,0.0004620348103344
swap_59_lightdir_swap,stable_diffusion_15,empty,0.0003053142991848
swap_60_lightdir_swap,stable_diffusion_15,empty,0.0003542297251988
swap_61_lightdir_swap,stable_diffusion_15,empty,0.0002233325876295
swap_62_lightdir_swap,stable_diffusion_15,empty,-0.0003164699440821
swap_63_lightdir_swap,stable_diffusion_15,empty,0.0003408915456384
swap_64_lightdir_swap,stable_diffusion_15,empty,-0.0001544071757234
swap_65_lightdir_swap,stable_diffusion_15,empty,0.000217814578209
swap_66_lightdir_swap,stable_diffusion_15,empty,-1.1166908079760646e-05
swap_67_lightdir_swap,stable_diffusion_15,empty,0.0002874685055576
swap_68_lightdir_swap,stable_diffusion_15,empty,-4.084088490344598e-05
swap_69_lightdir_swap,stable_diffusion_15,empty,5.2613371517507695e-05
swap_70_lightdir_swap,stable_diffusion_15,empty,1.230395981110556e-05
swap_71_lightdir_swap,stable_diffusion_15,empty,0.0002247165888547
swap_72_lightdir_swap,stable_diffusion_15,empty,0.0006606700690463
swap_73_lightdir_swap,stable_diffusion_15,empty,0.0001253455958794
swap_74_lightdir_swap,stable_diffusion_15,empty,0.0003838707995601
swap_75_lightdir_swap,stable_diffusion_15,empty,0.0002725873375311
swap_76_lightdir_swap,stable_diffusion_15,empty,0.0003629380394704
swap_77_lightdir_swap,stable_diffusion_15,empty,0.0003750150441192
swap_78_lightdir_swap,stable_diffusion_15,empty,0.0003404801571741
swap_79_lightdir_swap,stable_diffusion_15,empty,0.0006006288621574
swap_80_lightdir_swap,stable_diffusion_15,empty,0.0004194389283657
swap_81_lightdir_swap,stable_diffusion_15,empty,0.0003060317598283
swap_82_lightdir_swap,stable_diffusion_15,empty,0.0009131867170799
swap_83_lightdir_swap,stable_diffusion_15,empty,0.0004483598296064
swap_84_lightdir_swap,stable_diffusion_15,empty,-0.0003758096823003
swap_85_lightdir_swap,stable_diffusion_15,empty,8.284151088446684e-05
swap_86_lightdir_swap,stable_diffusion_15,empty,-7.257125456817601e-05
swap_87_lightdir_swap,stable_diffusion_15,empty,0.0001677250745706
swap_88_lightdir_swap,stable_diffusion_15,empty,0.000162917706184
swap_89_lightdir_swap,stable_diffusion_15,empty,0.0003410978720057
swap_90_lightdir_swap,stable_diffusion_15,empty,0.0001875251869205
swap_91_lightdir_swap,stable_diffusion_15,empty,0.000948633061489
swap_92_lightdir_swap,stable_diffusion_15,empty,-0.0006508172827307
swap_93_lightdir_swap,stable_diffusion_15,empty,0.0003986562241334
swap_94_lightdir_swap,stable_diffusion_15,empty,-0.0009777598571963
swap_95_lightdir_swap,stable_diffusion_15,empty,0.0008646258292719
swap_0_shadow_swap,stable_diffusion_15,empty,-0.0004680217721033
swap_1_shadow_swap,stable_diffusion_15,empty,0.0003889034234452
swap_2_shadow_swap,stable_diffusion_15,empty,3.107247524894788e-05
swap_3_shadow_swap,stable_diffusion_15,empty,-7.909670122898879e-05
swap_4_shadow_swap,stable_diffusion_15,empty,-0.0001990590884815
swap_5_shadow_swap,stable_diffusion_15,empty,0.0001226355624385
swap_6_shadow_swap,stable_diffusion_15,empty,-0.000180536606349
swap_7_shadow_swap,stable_diffusion_15,empty,-5.429110024124384e-05
swap_8_shadow_swap,stable_diffusion_15,empty,0.0003818524768576
swap_9_shadow_swap,stable_diffusion_15,empty,-0.0003537307691294
swap_10_shadow_swap,stable_diffusion_15,empty,8.604447008110638e-05
swap_11_shadow_swap,stable_diffusion_15,empty,1.9628903828561303e-05
swap_12_shadow_swap,stable_diffusion_15,empty,3.3528924686835465e-05
swap_13_shadow_swap,stable_diffusion_15,empty,5.598417716101006e-05
swap_14_shadow_swap,stable_diffusion_15,empty,-5.204428103752421e-05
swap_15_shadow_swap,stable_diffusion_15,empty,-4.199062241239809e-06
swap_16_shadow_swap,stable_diffusion_15,empty,-0.0002771837438922
swap_17_shadow_swap,stable_diffusion_15,empty,0.0002779102441854
swap_18_shadow_swap,stable_diffusion_15,empty,8.567693876102359e-05
swap_19_shadow_swap,stable_diffusion_15,empty,-0.0001465154159814
swap_20_shadow_swap,stable_diffusion_15,empty,-0.0002449395286384
swap_21_shadow_swap,stable_diffusion_15,empty,-5.040619871578972e-05
swap_22_shadow_swap,stable_diffusion_15,empty,-0.0002178725227713
swap_23_shadow_swap,stable_diffusion_15,empty,0.000118895091582
swap_24_shadow_swap,stable_diffusion_15,empty,-0.0002229641377925
swap_25_shadow_swap,stable_diffusion_15,empty,0.000215334634995
swap_26_shadow_swap,stable_diffusion_15,empty,0.0001333249162416
swap_27_shadow_swap,stable_diffusion_15,empty,-2.609178656712285e-05
swap_28_shadow_swap,stable_diffusion_15,empty,-0.0001607132807839
swap_29_shadow_swap,stable_diffusion_15,empty,0.0002738243062049
swap_30_shadow_swap,stable_diffusion_15,empty,-0.0001226064248476
swap_31_shadow_swap,stable_diffusion_15,empty,8.606420480646026e-05
swap_32_shadow_swap,stable_diffusion_15,empty,0.0001203424215782
swap_33_shadow_swap,stable_diffusion_15,empty,-0.0002673438936471
swap_34_shadow_swap,stable_diffusion_15,empty,0.0001299381942953
swap_35_shadow_swap,stable_diffusion_15,empty,3.692008089274321e-05
swap_36_shadow_swap,stable_diffusion_15,empty,-3.2476792111990616e-05
swap_37_shadow_swap,stable_diffusion_15,empty,-2.5584757095201135e-05
swap_38_shadow_swap,stable_diffusion_15,empty,-3.286301041953085e-05
swap_39_shadow_swap,stable_diffusion_15,empty,-4.97245800215769e-05
swap_40_shadow_swap,stable_diffusion_15,empty,1.98960176203411e-05
swap_41_shadow_swap,stable_diffusion_15,empty,0.0005129090650007
swap_42_shadow_swap,stable_diffusion_15,empty,4.814500687643983e-05
swap_43_shadow_swap,stable_diffusion_15,empty,0.0001097753841895
swap_44_shadow_swap,stable_diffusion_15,empty,-0.0001016505889128
swap_45_shadow_swap,stable_diffusion_15,empty,0.000178850950906
swap_46_shadow_swap,stable_diffusion_15,empty,-4.201946663670228e-05
swap_47_shadow_swap,stable_diffusion_15,empty,6.740561802871456e-05
swap_48_shadow_swap,stable_diffusion_15,empty,-0.0002326324034947
swap_49_shadow_swap,stable_diffusion_15,empty,0.0002215648989658
swap_50_shadow_swap,stable_diffusion_15,empty,-0.0001141164882574
swap_51_shadow_swap,stable_diffusion_15,empty,0.0001234260608907
swap_52_shadow_swap,stable_diffusion_15,empty,-0.0001202787819784
swap_53_shadow_swap,stable_diffusion_15,empty,0.0001830045692622
swap_54_shadow_swap,stable_diffusion_15,empty,-0.0001546139991842
swap_55_shadow_swap,stable_diffusion_15,empty,4.737996379844747e-05
swap_56_shadow_swap,stable_diffusion_15,empty,0.0004647261754143
swap_57_shadow_swap,stable_diffusion_15,empty,-0.0001829270157031
swap_58_shadow_swap,stable_diffusion_15,empty,1.4180928701534867e-05
swap_59_shadow_swap,stable_diffusion_15,empty,-1.743032597005187e-05
swap_60_shadow_swap,stable_diffusion_15,empty,0.0001546511228661
swap_61_shadow_swap,stable_diffusion_15,empty,2.967107575386693e-05
swap_62_shadow_swap,stable_diffusion_15,empty,2.7738127391783995e-05
swap_63_shadow_swap,stable_diffusion_15,empty,1.6281550051643057e-05
swap_64_shadow_swap,stable_diffusion_15,empty,-0.0003487387893255
swap_65_shadow_swap,stable_diffusion_15,empty,-8.124214247800209e-05
swap_66_shadow_swap,stable_diffusion_15,empty,0.0002026949112769
swap_67_shadow_swap,stable_diffusion_15,empty,-4.479317460209104e-05
swap_68_shadow_swap,stable_diffusion_15,empty,-0.0002629385946784
swap_69_shadow_swap,stable_diffusion_15,empty,-6.797464564442524e-05
swap_70_shadow_swap,stable_diffusion_15,empty,-0.0001624240051023
swap_71_shadow_swap,stable_diffusion_15,empty,0.0001937736198306
swap_72_shadow_swap,stable_diffusion_15,empty,0.0001259733235929
swap_73_shadow_swap,stable_diffusion_15,empty,-9.24679171293956e-05
swap_74_shadow_swap,stable_diffusion_15,empty,-9.334790636785288e-05
swap_75_shadow_swap,stable_diffusion_15,empty,0.0001478716637939
swap_76_shadow_swap,stable_diffusion_15,empty,5.421901121735462e-05
swap_77_shadow_swap,stable_diffusion_15,empty,6.221997085958594e-05
swap_78_shadow_swap,stable_diffusion_15,empty,-0.0001967724750284
swap_79_shadow_swap,stable_diffusion_15,empty,0.0001285423454828
swap_80_shadow_swap,stable_diffusion_15,empty,0.0002602421562187
swap_81_shadow_swap,stable_diffusion_15,empty,0.0001902562240138
swap_82_shadow_swap,stable_diffusion_15,empty,9.299664292484328e-05
swap_83_shadow_swap,stable_diffusion_15,empty,7.986672571860462e-05
swap_84_shadow_swap,stable_diffusion_15,empty,0.0004871330049354
swap_85_shadow_swap,stable_diffusion_15,empty,-9.254771168343626e-05
swap_86_shadow_swap,stable_diffusion_15,empty,0.000124550393084
swap_87_shadow_swap,stable_diffusion_15,empty,-6.419503595679957e-05
swap_88_shadow_swap,stable_diffusion_15,empty,0.0001478112698532
swap_89_shadow_swap,stable_diffusion_15,empty,0.0003329581243451
swap_90_shadow_swap,stable_diffusion_15,empty,0.0001715635787695
swap_91_shadow_swap,stable_diffusion_15,empty,0.0001008840254507
swap_92_shadow_swap,stable_diffusion_15,empty,-8.256926899775918e-05
swap_93_shadow_swap,stable_diffusion_15,empty,0.0005875983997248
swap_94_shadow_swap,stable_diffusion_15,empty,-3.226696746424021e-05
swap_95_shadow_swap,stable_diffusion_15,empty,5.0541774835436565e-05
swap_0_reflection_swap,stable_diffusion_15,empty,-9.587477950845012e-05
swap_1_reflection_swap,stable_diffusion_15,empty,-7.732350495642804e-06
swap_2_reflection_swap,stable_diffusion_15,empty,-3.199931292328928e-05
swap_3_reflection_swap,stable_diffusion_15,empty,-7.761173648759834e-05
swap_4_reflection_swap,stable_diffusion_15,empty,0.0002142384217586
swap_5_reflection_swap,stable_diffusion_15,empty,-3.324666526168668e-05
swap_6_reflection_swap,stable_diffusion_15,empty,8.142798207700155e-05
swap_7_reflection_swap,stable_diffusion_15,empty,9.940768650267344e-05
swap_8_reflection_swap,stable_diffusion_15,empty,0.0004420284216757
swap_9_reflection_swap,stable_diffusion_15,empty,0.0002181143121561
swap_10_reflection_swap,stable_diffusion_15,empty,-0.0001523399178404
swap_11_reflection_swap,stable_diffusion_15,empty,0.0004790389654226
swap_12_reflection_swap,stable_diffusion_15,empty,0.0005124673864338
swap_13_reflection_swap,stable_diffusion_15,empty,0.0006935870199231
swap_14_reflection_swap,stable_diffusion_15,empty,0.0003155810746829
swap_15_reflection_swap,stable_diffusion_15,empty,0.0004417628404917
swap_16_reflection_swap,stable_diffusion_15,empty,0.0004187012813054
swap_17_reflection_swap,stable_diffusion_15,empty,-5.270331806968634e-05
swap_18_reflection_swap,stable_diffusion_15,empty,2.0576140377683017e-06
swap_19_reflection_swap,stable_diffusion_15,empty,0.000254817365203
swap_20_reflection_swap,stable_diffusion_15,empty,-0.0001402094686636
swap_21_reflection_swap,stable_diffusion_15,empty,0.0001696684415219
swap_22_reflection_swap,stable_diffusion_15,empty,-4.34547080658404e-06
swap_23_reflection_swap,stable_diffusion_15,empty,9.123635652940816e-05
swap_24_reflection_swap,stable_diffusion_15,empty,0.0005214477190747
swap_25_reflection_swap,stable_diffusion_15,empty,0.0007939250819617
swap_26_reflection_swap,stable_diffusion_15,empty,2.483716583810691e-05
swap_27_reflection_swap,stable_diffusion_15,empty,0.000773779588053
swap_28_reflection_swap,stable_diffusion_15,empty,0.0013511770725017
swap_29_reflection_swap,stable_diffusion_15,empty,0.0010436273925006
swap_30_reflection_swap,stable_diffusion_15,empty,0.0008201981999445
swap_31_reflection_swap,stable_diffusion_15,empty,0.0006039090960985
swap_32_reflection_swap,stable_diffusion_15,empty,8.29089264152566e-05
swap_33_reflection_swap,stable_diffusion_15,empty,-1.4973466750216324e-06
swap_34_reflection_swap,stable_diffusion_15,empty,-0.0001230319752357
swap_35_reflection_swap,stable_diffusion_15,empty,0.0001924468815559
swap_36_reflection_swap,stable_diffusion_15,empty,0.0003346530074486
swap_37_reflection_swap,stable_diffusion_15,empty,0.0005536552728153
swap_38_reflection_swap,stable_diffusion_15,empty,7.438218104652977e-05
swap_39_reflection_swap,stable_diffusion_15,empty,0.0001952889066887
swap_40_reflection_swap,stable_diffusion_15,empty,0.0005835526343435
swap_41_reflection_swap,stable_diffusion_15,empty,0.0001325464557157
swap_42_reflection_swap,stable_diffusion_15,empty,0.0002972983371
swap_43_reflection_swap,stable_diffusion_15,empty,0.0001429602294228
swap_44_reflection_swap,stable_diffusion_15,empty,0.000712311581592
swap_45_reflection_swap,stable_diffusion_15,empty,0.0005918606877094
swap_46_reflection_swap,stable_diffusion_15,empty,0.0005306783376727
swap_47_reflection_swap,stable_diffusion_15,empty,0.0002240979869384
swap_48_reflection_swap,stable_diffusion_15,empty,5.697892047462627e-06
swap_49_reflection_swap,stable_diffusion_15,empty,0.0004385821305913
swap_50_reflection_swap,stable_diffusion_15,empty,0.0005050803784979
swap_51_reflection_swap,stable_diffusion_15,empty,0.0003431468823691
swap_52_reflection_swap,stable_diffusion_15,empty,0.0002378021855838
swap_53_reflection_swap,stable_diffusion_15,empty,0.0001624342432478
swap_54_reflection_swap,stable_diffusion_15,empty,0.0001641894073691
swap_55_reflection_swap,stable_diffusion_15,empty,0.0002296081848908
swap_56_reflection_swap,stable_diffusion_15,empty,-5.4309822153299214e-05
swap_57_reflection_swap,stable_diffusion_15,empty,0.000709963865811
swap_58_reflection_swap,stable_diffusion_15,empty,7.38327170256535e-05
swap_59_reflection_swap,stable_diffusion_15,empty,0.0006309559283545
swap_60_reflection_swap,stable_diffusion_15,empty,0.00156565335521
swap_61_reflection_swap,stable_diffusion_15,empty,0.0013334569218568
swap_62_reflection_swap,stable_diffusion_15,empty,0.0013635680015431
swap_63_reflection_swap,stable_diffusion_15,empty,0.001102165057091
swap_64_reflection_swap,stable_diffusion_15,empty,3.67341062519691e-05
swap_65_reflection_swap,stable_diffusion_15,empty,0.0001850938808638
swap_66_reflection_swap,stable_diffusion_15,empty,-9.696226683445287e-05
swap_67_reflection_swap,stable_diffusion_15,empty,0.0003703084104927
swap_68_reflection_swap,stable_diffusion_15,empty,-0.0001861242094309
swap_69_reflection_swap,stable_diffusion_15,empty,0.0005557479418348
swap_70_reflection_swap,stable_diffusion_15,empty,-2.057496632915101e-05
swap_71_reflection_swap,stable_diffusion_15,empty,0.0004431630612816
swap_72_reflection_swap,stable_diffusion_15,empty,0.0002635006501805
swap_73_reflection_swap,stable_diffusion_15,empty,0.0001602506230119
swap_74_reflection_swap,stable_diffusion_15,empty,0.0001768878824077
swap_75_reflection_swap,stable_diffusion_15,empty,0.0002015042462153
swap_76_reflection_swap,stable_diffusion_15,empty,1.2812833301723696e-05
swap_77_reflection_swap,stable_diffusion_15,empty,0.0002728159970138
swap_78_reflection_swap,stable_diffusion_15,empty,1.7782009090295398e-05
swap_79_reflection_swap,stable_diffusion_15,empty,0.0002442079485626
swap_80_reflection_swap,stable_diffusion_15,empty,0.0002671138418372
swap_81_reflection_swap,stable_diffusion_15,empty,-0.0001956361118936
swap_82_reflection_swap,stable_diffusion_15,empty,-2.935896045528491e-06
swap_83_reflection_swap,stable_diffusion_15,empty,0.0001517341396538
swap_84_reflection_swap,stable_diffusion_15,empty,-7.65760673675682e-05
swap_85_reflection_swap,stable_diffusion_15,empty,0.0001415160368196
swap_86_reflection_swap,stable_diffusion_15,empty,4.904913541395328e-05
swap_87_reflection_swap,stable_diffusion_15,empty,0.0002495188289321
swap_88_reflection_swap,stable_diffusion_15,empty,0.0002650211937725
swap_89_reflection_swap,stable_diffusion_15,empty,-6.078585458453925e-05
swap_90_reflection_swap,stable_diffusion_15,empty,5.750190757680684e-05
swap_91_reflection_swap,stable_diffusion_15,empty,0.0002008135983487
swap_92_reflection_swap,stable_diffusion_15,empty,-9.43561230087632e-05
swap_93_reflection_swap,stable_diffusion_15,empty,-0.0001097357855178
swap_94_reflection_swap,stable_diffusion_15,empty,-0.0001504123682389
swap_95_reflection_swap,stable_diffusion_15,empty,0.0002619934082031
swap_0_lightdir_swap,stable_diffusion_15,conditional,-0.0002170817169826
swap_1_lightdir_swap,stable_diffusion_15,conditional,0.0005729222937952
swap_2_lightdir_swap,stable_diffusion_15,conditional,-0.0001650494756177
swap_3_lightdir_swap,stable_diffusion_15,conditional,0.0003147379716392
swap_4_lightdir_swap,stable_diffusion_15,conditional,-4.786304896697499e-05
swap_5_lightdir_swap,stable_diffusion_15,conditional,0.0002837976149748
swap_6_lightdir_swap,stable_diffusion_15,conditional,-4.642335581593257e-05
swap_7_lightdir_swap,stable_diffusion_15,conditional,0.0001979629916604
swap_8_lightdir_swap,stable_diffusion_15,conditional,0.0001314795040525
swap_9_lightdir_swap,stable_diffusion_15,conditional,0.0001429769152309
swap_10_lightdir_swap,stable_diffusion_15,conditional,7.664320059120808e-05
swap_11_lightdir_swap,stable_diffusion_15,conditional,0.0005881364562083
swap_12_lightdir_swap,stable_diffusion_15,conditional,0.0002049660729244
swap_13_lightdir_swap,stable_diffusion_15,conditional,6.381927058100867e-05
swap_14_lightdir_swap,stable_diffusion_15,conditional,5.4108725162222565e-05
swap_15_lightdir_swap,stable_diffusion_15,conditional,0.0003257192438468
swap_16_lightdir_swap,stable_diffusion_15,conditional,0.0003854142758063
swap_17_lightdir_swap,stable_diffusion_15,conditional,0.0005482842284254
swap_18_lightdir_swap,stable_diffusion_15,conditional,0.0004497339169029
swap_19_lightdir_swap,stable_diffusion_15,conditional,0.0005316778097767
swap_20_lightdir_swap,stable_diffusion_15,conditional,8.328897529281606e-05
swap_21_lightdir_swap,stable_diffusion_15,conditional,0.0003443673136644
swap_22_lightdir_swap,stable_diffusion_15,conditional,5.0431289710103216e-05
swap_23_lightdir_swap,stable_diffusion_15,conditional,0.0003421530255582
swap_24_lightdir_swap,stable_diffusion_15,conditional,0.0001780118711758
swap_25_lightdir_swap,stable_diffusion_15,conditional,-0.0007569991238415
swap_26_lightdir_swap,stable_diffusion_15,conditional,-0.0002584930171724
swap_27_lightdir_swap,stable_diffusion_15,conditional,-0.0002377593400888
swap_28_lightdir_swap,stable_diffusion_15,conditional,5.48230099957428e-05
swap_29_lightdir_swap,stable_diffusion_15,conditional,-0.0001963713648729
swap_30_lightdir_swap,stable_diffusion_15,conditional,0.0001378973876126
swap_31_lightdir_swap,stable_diffusion_15,conditional,0.000287422731053
swap_32_lightdir_swap,stable_diffusion_15,conditional,0.0004495094972662
swap_33_lightdir_swap,stable_diffusion_15,conditional,-0.0001197897281963
swap_34_lightdir_swap,stable_diffusion_15,conditional,0.0003172952868044
swap_35_lightdir_swap,stable_diffusion_15,conditional,-2.0380970090626283e-05
swap_36_lightdir_swap,stable_diffusion_15,conditional,0.0004264684417285
swap_37_lightdir_swap,stable_diffusion_15,conditional,-0.0003226224170066
swap_38_lightdir_swap,stable_diffusion_15,conditional,0.0002825862064491
swap_39_lightdir_swap,stable_diffusion_15,conditional,-4.534971434623156e-05
swap_40_lightdir_swap,stable_diffusion_15,conditional,0.000126644616248
swap_41_lightdir_swap,stable_diffusion_15,conditional,0.0003424252732656
swap_42_lightdir_swap,stable_diffusion_15,conditional,0.0006577645987272
swap_43_lightdir_swap,stable_diffusion_15,conditional,3.95456608384831e-05
swap_44_lightdir_swap,stable_diffusion_15,conditional,2.096966956742149e-05
swap_45_lightdir_swap,stable_diffusion_15,conditional,0.0003233413340058
swap_46_lightdir_swap,stable_diffusion_15,conditional,0.0006141199276316
swap_47_lightdir_swap,stable_diffusion_15,conditional,-0.0002828702749684
swap_48_lightdir_swap,stable_diffusion_15,conditional,0.000351710547693
swap_49_lightdir_swap,stable_diffusion_15,conditional,0.000143100406276
swap_50_lightdir_swap,stable_diffusion_15,conditional,0.0004559393541421
swap_51_lightdir_swap,stable_diffusion_15,conditional,0.0004007551644463
swap_52_lightdir_swap,stable_diffusion_15,conditional,0.00031303445925
swap_53_lightdir_swap,stable_diffusion_15,conditional,0.0002961789700202
swap_54_lightdir_swap,stable_diffusion_15,conditional,-0.0008178040280472
swap_55_lightdir_swap,stable_diffusion_15,conditional,0.0004737858125008
swap_56_lightdir_swap,stable_diffusion_15,conditional,0.0004327647504396
swap_57_lightdir_swap,stable_diffusion_15,conditional,0.0002972310350742
swap_58_lightdir_swap,stable_diffusion_15,conditional,0.0005879037722479
swap_59_lightdir_swap,stable_diffusion_15,conditional,0.0003511366050224
swap_60_lightdir_swap,stable_diffusion_15,conditional,0.0004499619104899
swap_61_lightdir_swap,stable_diffusion_15,conditional,0.000246763464529
swap_62_lightdir_swap,stable_diffusion_15,conditional,-0.000278421905823
swap_63_lightdir_swap,stable_diffusion_15,conditional,0.0003828085085842
swap_64_lightdir_swap,stable_diffusion_15,conditional,-4.5329293934628576e-05
swap_65_lightdir_swap,stable_diffusion_15,conditional,0.0002815822232514
swap_66_lightdir_swap,stable_diffusion_15,conditional,0.0001293228287249
swap_67_lightdir_swap,stable_diffusion_15,conditional,0.0003988593944814
swap_68_lightdir_swap,stable_diffusion_15,conditional,2.4399521062149623e-05
swap_69_lightdir_swap,stable_diffusion_15,conditional,5.341480951756225e-05
swap_70_lightdir_swap,stable_diffusion_15,conditional,9.99749707989387e-05
swap_71_lightdir_swap,stable_diffusion_15,conditional,0.0002341580193024
swap_72_lightdir_swap,stable_diffusion_15,conditional,0.0006782412354368
swap_73_lightdir_swap,stable_diffusion_15,conditional,0.000123139534844
swap_74_lightdir_swap,stable_diffusion_15,conditional,0.0004399214882869
swap_75_lightdir_swap,stable_diffusion_15,conditional,0.0002857905672863
swap_76_lightdir_swap,stable_diffusion_15,conditional,0.0003682111972011
swap_77_lightdir_swap,stable_diffusion_15,conditional,0.0003122685255948
swap_78_lightdir_swap,stable_diffusion_15,conditional,0.0003099478210788
swap_79_lightdir_swap,stable_diffusion_15,conditional,0.0005463248479645
swap_80_lightdir_swap,stable_diffusion_15,conditional,0.0004614185553509
swap_81_lightdir_swap,stable_diffusion_15,conditional,0.0003688707388937
swap_82_lightdir_swap,stable_diffusion_15,conditional,0.0009532939235214
swap_83_lightdir_swap,stable_diffusion_15,conditional,0.0005330458551179
swap_84_lightdir_swap,stable_diffusion_15,conditional,-0.0003883635671809
swap_85_lightdir_swap,stable_diffusion_15,conditional,9.115046588703891e-05
swap_86_lightdir_swap,stable_diffusion_15,conditional,-0.0001175925089046
swap_87_lightdir_swap,stable_diffusion_15,conditional,0.0001991644653026
swap_88_lightdir_swap,stable_diffusion_15,conditional,0.0002474004693794
swap_89_lightdir_swap,stable_diffusion_15,conditional,0.0004107961978297
swap_90_lightdir_swap,stable_diffusion_15,conditional,0.0004087574814911
swap_91_lightdir_swap,stable_diffusion_15,conditional,0.0009532586636487
swap_92_lightdir_swap,stable_diffusion_15,conditional,-0.0006859419727697
swap_93_lightdir_swap,stable_diffusion_15,conditional,0.0003647376573644
swap_94_lightdir_swap,stable_diffusion_15,conditional,-0.0010054949147161
swap_95_lightdir_swap,stable_diffusion_15,conditional,0.0008573672210331
swap_0_shadow_swap,stable_diffusion_15,conditional,-0.0004716989409644
swap_1_shadow_swap,stable_diffusion_15,conditional,0.0004017893713898
swap_2_shadow_swap,stable_diffusion_15,conditional,2.0972545025869236e-05
swap_3_shadow_swap,stable_diffusion_15,conditional,-6.451474968344195e-05
swap_4_shadow_swap,stable_diffusion_15,conditional,-0.0002375488157849
swap_5_shadow_swap,stable_diffusion_15,conditional,0.0001379267743322
swap_6_shadow_swap,stable_diffusion_15,conditional,-0.0001850911031942
swap_7_shadow_swap,stable_diffusion_15,conditional,-5.728434654883943e-05
swap_8_shadow_swap,stable_diffusion_15,conditional,0.0003430673514958
swap_9_shadow_swap,stable_diffusion_15,conditional,-0.0003093812754377
swap_10_shadow_swap,stable_diffusion_15,conditional,0.0001019566319882
swap_11_shadow_swap,stable_diffusion_15,conditional,1.973473001271736e-05
swap_12_shadow_swap,stable_diffusion_15,conditional,6.26358471345137e-05
swap_13_shadow_swap,stable_diffusion_15,conditional,3.9161626482379225e-05
swap_14_shadow_swap,stable_diffusion_15,conditional,-6.464561447501113e-05
swap_15_shadow_swap,stable_diffusion_15,conditional,-8.68587521837827e-07
swap_16_shadow_swap,stable_diffusion_15,conditional,-0.0003330531856045
swap_17_shadow_swap,stable_diffusion_15,conditional,0.0003440104261972
swap_18_shadow_swap,stable_diffusion_15,conditional,7.297471165657043e-05
swap_19_shadow_swap,stable_diffusion_15,conditional,-0.0001340075524058
swap_20_shadow_swap,stable_diffusion_15,conditional,-0.0002159769367426
swap_21_shadow_swap,stable_diffusion_15,conditional,-3.752978285774533e-05
swap_22_shadow_swap,stable_diffusion_15,conditional,-0.0002016935776919
swap_23_shadow_swap,stable_diffusion_15,conditional,0.0001171374006662
swap_24_shadow_swap,stable_diffusion_15,conditional,-5.909954081289442e-05
swap_25_shadow_swap,stable_diffusion_15,conditional,0.0002084995398763
swap_26_shadow_swap,stable_diffusion_15,conditional,0.0001460305729415
swap_27_shadow_swap,stable_diffusion_15,conditional,1.843414735049065e-05
swap_28_shadow_swap,stable_diffusion_15,conditional,-0.0001685793837532
swap_29_shadow_swap,stable_diffusion_15,conditional,0.0002189983031712
swap_30_shadow_swap,stable_diffusion_15,conditional,-0.000121753255371
swap_31_shadow_swap,stable_diffusion_15,conditional,7.933557732030597e-05
swap_32_shadow_swap,stable_diffusion_15,conditional,0.0001179704698733
swap_33_shadow_swap,stable_diffusion_15,conditional,-0.000268304508645
swap_34_shadow_swap,stable_diffusion_15,conditional,0.0001728599681518
swap_35_shadow_swap,stable_diffusion_15,conditional,3.815126488916632e-05
swap_36_shadow_swap,stable_diffusion_15,conditional,-1.3324539177121676e-05
swap_37_shadow_swap,stable_diffusion_15,conditional,6.758790696038963e-06
swap_38_shadow_swap,stable_diffusion_15,conditional,-3.24780750088384e-05
swap_39_shadow_swap,stable_diffusion_15,conditional,-5.0493380986154496e-05
swap_40_shadow_swap,stable_diffusion_15,conditional,-8.837863570077681e-06
swap_41_shadow_swap,stable_diffusion_15,conditional,0.0006095485953846
swap_42_shadow_swap,stable_diffusion_15,conditional,0.0001067725359462
swap_43_shadow_swap,stable_diffusion_15,conditional,0.0001320302532985
swap_44_shadow_swap,stable_diffusion_15,conditional,-9.507000329904078e-05
swap_45_shadow_swap,stable_diffusion_15,conditional,0.0002211841847747
swap_46_shadow_swap,stable_diffusion_15,conditional,-2.548236981965782e-05
swap_47_shadow_swap,stable_diffusion_15,conditional,6.279831402935046e-05
swap_48_shadow_swap,stable_diffusion_15,conditional,-0.0002466474415268
swap_49_shadow_swap,stable_diffusion_15,conditional,0.0003089121705852
swap_50_shadow_swap,stable_diffusion_15,conditional,-0.0001023800345137
swap_51_shadow_swap,stable_diffusion_15,conditional,0.0001038680505007
swap_52_shadow_swap,stable_diffusion_15,conditional,-8.435705327429141e-05
swap_53_shadow_swap,stable_diffusion_15,conditional,0.0001821295369882
swap_54_shadow_swap,stable_diffusion_15,conditional,-0.0001542770094238
swap_55_shadow_swap,stable_diffusion_15,conditional,4.5716377208009085e-05
swap_56_shadow_swap,stable_diffusion_15,conditional,0.0004749353911029
swap_57_shadow_swap,stable_diffusion_15,conditional,-0.0001495179417543
swap_58_shadow_swap,stable_diffusion_15,conditional,2.625774359329286e-06
swap_59_shadow_swap,stable_diffusion_15,conditional,6.062019383551442e-07
swap_60_shadow_swap,stable_diffusion_15,conditional,0.0001802108658012
swap_61_shadow_swap,stable_diffusion_15,conditional,-2.67671246547245e-05
swap_62_shadow_swap,stable_diffusion_15,conditional,2.794046653434648e-05
swap_63_shadow_swap,stable_diffusion_15,conditional,9.811285417528348e-06
swap_64_shadow_swap,stable_diffusion_15,conditional,-0.0004151028173509
swap_65_shadow_swap,stable_diffusion_15,conditional,-5.619655596092281e-05
swap_66_shadow_swap,stable_diffusion_15,conditional,0.0002238997491076
swap_67_shadow_swap,stable_diffusion_15,conditional,-6.185454549266847e-06
swap_68_shadow_swap,stable_diffusion_15,conditional,-0.0001932408078573
swap_69_shadow_swap,stable_diffusion_15,conditional,-0.0001056086155585
swap_70_shadow_swap,stable_diffusion_15,conditional,-0.0001502177934162
swap_71_shadow_swap,stable_diffusion_15,conditional,0.0002097750944085
swap_72_shadow_swap,stable_diffusion_15,conditional,0.0001418027898762
swap_73_shadow_swap,stable_diffusion_15,conditional,-0.000104372940259
swap_74_shadow_swap,stable_diffusion_15,conditional,-7.354440400376971e-05
swap_75_shadow_swap,stable_diffusion_15,conditional,0.0001306566002313
swap_76_shadow_swap,stable_diffusion_15,conditional,8.071665302850084e-05
swap_77_shadow_swap,stable_diffusion_15,conditional,7.677460322156465e-05
swap_78_shadow_swap,stable_diffusion_15,conditional,-0.000179011124419
swap_79_shadow_swap,stable_diffusion_15,conditional,0.0001150953420437
swap_80_shadow_swap,stable_diffusion_15,conditional,0.0002149202662985
swap_81_shadow_swap,stable_diffusion_15,conditional,0.0002760214498266
swap_82_shadow_swap,stable_diffusion_15,conditional,0.0001196919451467
swap_83_shadow_swap,stable_diffusion_15,conditional,6.972290691919722e-05
swap_84_shadow_swap,stable_diffusion_15,conditional,0.0004949956177733
swap_85_shadow_swap,stable_diffusion_15,conditional,-9.269917383790058e-05
swap_86_shadow_swap,stable_diffusion_15,conditional,0.0001178101846016
swap_87_shadow_swap,stable_diffusion_15,conditional,-4.269121447578184e-05
swap_88_shadow_swap,stable_diffusion_15,conditional,0.0002915155387017
swap_89_shadow_swap,stable_diffusion_15,conditional,0.0003577074036002
swap_90_shadow_swap,stable_diffusion_15,conditional,0.0002491204428952
swap_91_shadow_swap,stable_diffusion_15,conditional,0.0001167969394009
swap_92_shadow_swap,stable_diffusion_15,conditional,-1.94273784290995e-05
swap_93_shadow_swap,stable_diffusion_15,conditional,0.0005584531696513
swap_94_shadow_swap,stable_diffusion_15,conditional,3.1239073723550448e-06
swap_95_shadow_swap,stable_diffusion_15,conditional,3.9423622656614005e-05
swap_0_reflection_swap,stable_diffusion_15,conditional,-9.230917145032493e-05
swap_1_reflection_swap,stable_diffusion_15,conditional,-2.1236464963294427e-05
swap_2_reflection_swap,stable_diffusion_15,conditional,-1.812453148886464e-05
swap_3_reflection_swap,stable_diffusion_15,conditional,-9.543298569042458e-05
swap_4_reflection_swap,stable_diffusion_15,conditional,0.0002074129972606
swap_5_reflection_swap,stable_diffusion_15,conditional,-3.796141594648514e-05
swap_6_reflection_swap,stable_diffusion_15,conditional,7.669191167224143e-05
swap_7_reflection_swap,stable_diffusion_15,conditional,0.0001064312440576
swap_8_reflection_swap,stable_diffusion_15,conditional,0.0004425240453565
swap_9_reflection_swap,stable_diffusion_15,conditional,0.0002114020433509
swap_10_reflection_swap,stable_diffusion_15,conditional,-0.0001263436232693
swap_11_reflection_swap,stable_diffusion_15,conditional,0.0004575870535336
swap_12_reflection_swap,stable_diffusion_15,conditional,0.0005251837230753
swap_13_reflection_swap,stable_diffusion_15,conditional,0.0007662966620409
swap_14_reflection_swap,stable_diffusion_15,conditional,0.0002945882303174
swap_15_reflection_swap,stable_diffusion_15,conditional,0.000413810092723
swap_16_reflection_swap,stable_diffusion_15,conditional,0.000431290717679
swap_17_reflection_swap,stable_diffusion_15,conditional,-0.0001106109621468
swap_18_reflection_swap,stable_diffusion_15,conditional,-7.667738827876747e-06
swap_19_reflection_swap,stable_diffusion_15,conditional,0.0002730175212491
swap_20_reflection_swap,stable_diffusion_15,conditional,-0.0001433332561282
swap_21_reflection_swap,stable_diffusion_15,conditional,0.0001518911833409
swap_22_reflection_swap,stable_diffusion_15,conditional,-1.1237512808487393e-07
swap_23_reflection_swap,stable_diffusion_15,conditional,9.258456411771408e-05
swap_24_reflection_swap,stable_diffusion_15,conditional,0.0005855639831861
swap_25_reflection_swap,stable_diffusion_15,conditional,0.0008004970516776
swap_26_reflection_swap,stable_diffusion_15,conditional,5.421196226962008e-05
swap_27_reflection_swap,stable_diffusion_15,conditional,0.0007648620556574
swap_28_reflection_swap,stable_diffusion_15,conditional,0.0015059402119368
swap_29_reflection_swap,stable_diffusion_15,conditional,0.0012183120450936
swap_30_reflection_swap,stable_diffusion_15,conditional,0.0009576830692822
swap_31_reflection_swap,stable_diffusion_15,conditional,0.0007209699769737
swap_32_reflection_swap,stable_diffusion_15,conditional,7.27260991698099e-05
swap_33_reflection_swap,stable_diffusion_15,conditional,3.1909749959598e-05
swap_34_reflection_swap,stable_diffusion_15,conditional,-0.0001356814673636
swap_35_reflection_swap,stable_diffusion_15,conditional,0.0001948980992892
swap_36_reflection_swap,stable_diffusion_15,conditional,0.0003571436222409
swap_37_reflection_swap,stable_diffusion_15,conditional,0.0006176584912464
swap_38_reflection_swap,stable_diffusion_15,conditional,0.0001201059494633
swap_39_reflection_swap,stable_diffusion_15,conditional,0.0001911000692052
swap_40_reflection_swap,stable_diffusion_15,conditional,0.0005537561327219
swap_41_reflection_swap,stable_diffusion_15,conditional,0.0002090788638452
swap_42_reflection_swap,stable_diffusion_15,conditional,0.0002844397781882
swap_43_reflection_swap,stable_diffusion_15,conditional,0.000167607399635
swap_44_reflection_swap,stable_diffusion_15,conditional,0.0006913437979528
swap_45_reflection_swap,stable_diffusion_15,conditional,0.0006297450856072
swap_46_reflection_swap,stable_diffusion_15,conditional,0.0005394566914765
swap_47_reflection_swap,stable_diffusion_15,conditional,0.0002430217067012
swap_48_reflection_swap,stable_diffusion_15,conditional,0.0001064329670043
swap_49_reflection_swap,stable_diffusion_15,conditional,0.0004345428186934
swap_50_reflection_swap,stable_diffusion_15,conditional,0.0005221707065356
swap_51_reflection_swap,stable_diffusion_15,conditional,0.0003741099598119
swap_52_reflection_swap,stable_diffusion_15,conditional,0.0002898726641433
swap_53_reflection_swap,stable_diffusion_15,conditional,0.0002905348333297
swap_54_reflection_swap,stable_diffusion_15,conditional,7.263173756655306e-05
swap_55_reflection_swap,stable_diffusion_15,conditional,0.0002294621436158
swap_56_reflection_swap,stable_diffusion_15,conditional,-7.248449255713857e-06
swap_57_reflection_swap,stable_diffusion_15,conditional,0.0008138871518895
swap_58_reflection_swap,stable_diffusion_15,conditional,0.0002290005952818
swap_59_reflection_swap,stable_diffusion_15,conditional,0.0006759706663433
swap_60_reflection_swap,stable_diffusion_15,conditional,0.0016579724004259
swap_61_reflection_swap,stable_diffusion_15,conditional,0.0013880027108825
swap_62_reflection_swap,stable_diffusion_15,conditional,0.001406989051029
swap_63_reflection_swap,stable_diffusion_15,conditional,0.0010601855529239
swap_64_reflection_swap,stable_diffusion_15,conditional,1.6628431039861225e-05
swap_65_reflection_swap,stable_diffusion_15,conditional,0.0002027965517481
swap_66_reflection_swap,stable_diffusion_15,conditional,-9.025252948049664e-05
swap_67_reflection_swap,stable_diffusion_15,conditional,0.0003703817509813
swap_68_reflection_swap,stable_diffusion_15,conditional,-5.577040486968998e-05
swap_69_reflection_swap,stable_diffusion_15,conditional,0.000503296231036
swap_70_reflection_swap,stable_diffusion_15,conditional,1.2740025413224276e-05
swap_71_reflection_swap,stable_diffusion_15,conditional,0.0004595077392878
swap_72_reflection_swap,stable_diffusion_15,conditional,0.0002878318709554
swap_73_reflection_swap,stable_diffusion_15,conditional,0.0001662485807901
swap_74_reflection_swap,stable_diffusion_15,conditional,0.000182993474882
swap_75_reflection_swap,stable_diffusion_15,conditional,0.000198825992411
swap_76_reflection_swap,stable_diffusion_15,conditional,-3.369261743500773e-05
swap_77_reflection_swap,stable_diffusion_15,conditional,0.0004507500113686
swap_78_reflection_swap,stable_diffusion_15,conditional,9.74239897914217e-05
swap_79_reflection_swap,stable_diffusion_15,conditional,0.0002210053359158
swap_80_reflection_swap,stable_diffusion_15,conditional,0.0002440858574118
swap_81_reflection_swap,stable_diffusion_15,conditional,-0.0001693669578526
swap_82_reflection_swap,stable_diffusion_15,conditional,-2.05310469027567e-06
swap_83_reflection_swap,stable_diffusion_15,conditional,0.0001498116494622
swap_84_reflection_swap,stable_diffusion_15,conditional,7.166913943365202e-05
swap_85_reflection_swap,stable_diffusion_15,conditional,0.0001309842918999
swap_86_reflection_swap,stable_diffusion_15,conditional,7.40910583408548e-05
swap_87_reflection_swap,stable_diffusion_15,conditional,0.0002688340801978
swap_88_reflection_swap,stable_diffusion_15,conditional,0.0002403324551414
swap_89_reflection_swap,stable_diffusion_15,conditional,-4.9297232180833817e-05
swap_90_reflection_swap,stable_diffusion_15,conditional,7.345402031205817e-05
swap_91_reflection_swap,stable_diffusion_15,conditional,0.000205799495452
swap_92_reflection_swap,stable_diffusion_15,conditional,3.467339731287253e-05
swap_93_reflection_swap,stable_diffusion_15,conditional,-0.0001044509466737
swap_94_reflection_swap,stable_diffusion_15,conditional,-2.9451960581353825e-05
swap_95_reflection_swap,stable_diffusion_15,conditional,0.0002140987472375
swap_0_lightdir_swap,pixelgen_512,empty,-2.490971004589365e-05
swap_1_lightdir_swap,pixelgen_512,empty,-9.046694030985168e-05
swap_2_lightdir_swap,pixelgen_512,empty,8.345532696699132e-06
swap_3_lightdir_swap,pixelgen_512,empty,0.0001047350047156
swap_4_lightdir_swap,pixelgen_512,empty,-8.49157944321638e-05
swap_5_lightdir_swap,pixelgen_512,empty,-5.538383265957236e-05
swap_6_lightdir_swap,pixelgen_512,empty,3.999951761216036e-05
swap_7_lightdir_swap,pixelgen_512,empty,4.7816794831307546e-05
swap_8_lightdir_swap,pixelgen_512,empty,2.1457531256607185e-05
swap_9_lightdir_swap,pixelgen_512,empty,-3.1993677839653456e-06
swap_10_lightdir_swap,pixelgen_512,empty,-1.3630409957839096e-05
swap_11_lightdir_swap,pixelgen_512,empty,3.323490149341468e-05
swap_12_lightdir_swap,pixelgen_512,empty,-5.5099499877593605e-06
swap_13_lightdir_swap,pixelgen_512,empty,2.9275135602808977e-06
swap_14_lightdir_swap,pixelgen_512,empty,-2.3303793277591744e-05
swap_15_lightdir_swap,pixelgen_512,empty,3.026336198658913e-06
swap_16_lightdir_swap,pixelgen_512,empty,6.1301111709329e-05
swap_17_lightdir_swap,pixelgen_512,empty,1.3155960477882062e-05
swap_18_lightdir_swap,pixelgen_512,empty,9.03398892842279e-05
swap_19_lightdir_swap,pixelgen_512,empty,1.341463532299192e-05
swap_20_lightdir_swap,pixelgen_512,empty,6.739139556884502e-05
swap_21_lightdir_swap,pixelgen_512,empty,3.941365284845094e-05
swap_22_lightdir_swap,pixelgen_512,empty,8.977245888672908e-05
swap_23_lightdir_swap,pixelgen_512,empty,-1.4345969539128478e-05
swap_24_lightdir_swap,pixelgen_512,empty,-0.0001079960912466
swap_25_lightdir_swap,pixelgen_512,empty,0.0001430636085569
swap_26_lightdir_swap,pixelgen_512,empty,8.513947483152276e-05
swap_27_lightdir_swap,pixelgen_512,empty,4.83859237283453e-05
swap_28_lightdir_swap,pixelgen_512,empty,-0.0001475328439846
swap_29_lightdir_swap,pixelgen_512,empty,0.0002436264092102
swap_30_lightdir_swap,pixelgen_512,empty,-2.383984625339841e-05
swap_31_lightdir_swap,pixelgen_512,empty,0.0001247707149013
swap_32_lightdir_swap,pixelgen_512,empty,-3.051031380894853e-06
swap_33_lightdir_swap,pixelgen_512,empty,3.2814424484960136e-05
swap_34_lightdir_swap,pixelgen_512,empty,1.8766946159303605e-05
swap_35_lightdir_swap,pixelgen_512,empty,-1.0209744796152442e-05
swap_36_lightdir_swap,pixelgen_512,empty,3.048121929168437e-05
swap_37_lightdir_swap,pixelgen_512,empty,1.0493174195293914e-05
swap_38_lightdir_swap,pixelgen_512,empty,4.597113002091646e-05
swap_39_lightdir_swap,pixelgen_512,empty,-2.975938841700415e-05
swap_40_lightdir_swap,pixelgen_512,empty,0.0001100882748141
swap_41_lightdir_swap,pixelgen_512,empty,-5.652317777276802e-05
swap_42_lightdir_swap,pixelgen_512,empty,8.153680246323139e-05
swap_43_lightdir_swap,pixelgen_512,empty,-2.7367053553502274e-06
swap_44_lightdir_swap,pixelgen_512,empty,9.144853102042994e-05
swap_45_lightdir_swap,pixelgen_512,empty,-3.0315194744612303e-05
swap_46_lightdir_swap,pixelgen_512,empty,8.530352963134757e-05
swap_47_lightdir_swap,pixelgen_512,empty,-5.827977787703151e-05
swap_48_lightdir_swap,pixelgen_512,empty,6.726788589730623e-05
swap_49_lightdir_swap,pixelgen_512,empty,-1.1840518563982494e-05
swap_50_lightdir_swap,pixelgen_512,empty,9.069256600923586e-05
swap_51_lightdir_swap,pixelgen_512,empty,-3.650127910086176e-06
swap_52_lightdir_swap,pixelgen_512,empty,6.391665083356132e-05
swap_53_lightdir_swap,pixelgen_512,empty,3.715420723893192e-05
swap_54_lightdir_swap,pixelgen_512,empty,7.730668177828234e-05
swap_55_lightdir_swap,pixelgen_512,empty,6.340261898003449e-05
swap_56_lightdir_swap,pixelgen_512,empty,2.399263903498164e-05
swap_57_lightdir_swap,pixelgen_512,empty,-1.5350722242145343e-05
swap_58_lightdir_swap,pixelgen_512,empty,4.688439774327285e-05
swap_59_lightdir_swap,pixelgen_512,empty,-2.7577793225638803e-05
swap_60_lightdir_swap,pixelgen_512,empty,9.178844280540582e-05
swap_61_lightdir_swap,pixelgen_512,empty,0.0001204636855982
swap_62_lightdir_swap,pixelgen_512,empty,0.000166929870611
swap_63_lightdir_swap,pixelgen_512,empty,0.0001937119395006
swap_64_lightdir_swap,pixelgen_512,empty,6.260929862037315e-05
swap_65_lightdir_swap,pixelgen_512,empty,6.990727852098158e-05
swap_66_lightdir_swap,pixelgen_512,empty,8.792251115665242e-05
swap_67_lightdir_swap,pixelgen_512,empty,0.0001228929951321
swap_68_lightdir_swap,pixelgen_512,empty,0.0001031545270234
swap_69_lightdir_swap,pixelgen_512,empty,5.4852957255210194e-05
swap_70_lightdir_swap,pixelgen_512,empty,0.0001928804803173
swap_71_lightdir_swap,pixelgen_512,empty,-2.007565228268754e-05
swap_72_lightdir_swap,pixelgen_512,empty,3.998050699010464e-05
swap_73_lightdir_swap,pixelgen_512,empty,0.0001233408506959
swap_74_lightdir_swap,pixelgen_512,empty,0.0001388827036134
swap_75_lightdir_swap,pixelgen_512,empty,0.0002101821894757
swap_76_lightdir_swap,pixelgen_512,empty,9.043619036674944e-05
swap_77_lightdir_swap,pixelgen_512,empty,8.478226372971714e-05
swap_78_lightdir_swap,pixelgen_512,empty,0.0001703151036053
swap_79_lightdir_swap,pixelgen_512,empty,0.0001682619284838
swap_80_lightdir_swap,pixelgen_512,empty,3.9896566886448576e-05
swap_81_lightdir_swap,pixelgen_512,empty,4.327814094722341e-05
swap_82_lightdir_swap,pixelgen_512,empty,7.354561239458768e-07
swap_83_lightdir_swap,pixelgen_512,empty,3.2955822534864315e-05
swap_84_lightdir_swap,pixelgen_512,empty,8.542544674127947e-05
swap_85_lightdir_swap,pixelgen_512,empty,6.488983752206412e-05
swap_86_lightdir_swap,pixelgen_512,empty,0.0001997115043923
swap_87_lightdir_swap,pixelgen_512,empty,0.0001549902581609
swap_88_lightdir_swap,pixelgen_512,empty,8.756828494369678e-05
swap_89_lightdir_swap,pixelgen_512,empty,3.719430183992539e-05
swap_90_lightdir_swap,pixelgen_512,empty,0.000152102864813
swap_91_lightdir_swap,pixelgen_512,empty,2.0008308347314877e-05
swap_92_lightdir_swap,pixelgen_512,empty,9.000789257698066e-05
swap_93_lightdir_swap,pixelgen_512,empty,4.4971983879805305e-05
swap_94_lightdir_swap,pixelgen_512,empty,0.0001433496619574
swap_95_lightdir_swap,pixelgen_512,empty,0.0001030363026075
swap_0_shadow_swap,pixelgen_512,empty,-5.537222488783203e-05
swap_1_shadow_swap,pixelgen_512,empty,-1.7555297818033083e-05
swap_2_shadow_swap,pixelgen_512,empty,3.69401474017636e-05
swap_3_shadow_swap,pixelgen_512,empty,-0.0001318890741094
swap_4_shadow_swap,pixelgen_512,empty,0.0002436253952328
swap_5_shadow_swap,pixelgen_512,empty,-0.0002904909593053
swap_6_shadow_swap,pixelgen_512,empty,6.0300398617981615e-05
swap_7_shadow_swap,pixelgen_512,empty,-8.095644181594155e-05
swap_8_shadow_swap,pixelgen_512,empty,-0.0003550728480331
swap_9_shadow_swap,pixelgen_512,empty,0.000379128109198
swap_10_shadow_swap,pixelgen_512,empty,0.000103512275964
swap_11_shadow_swap,pixelgen_512,empty,-9.981923620216993e-05
swap_12_shadow_swap,pixelgen_512,empty,0.0001173020852729
swap_13_shadow_swap,pixelgen_512,empty,-0.0001236625388264
swap_14_shadow_swap,pixelgen_512,empty,1.7152877990159188e-05
swap_15_shadow_swap,pixelgen_512,empty,-3.720341832376406e-05
swap_16_shadow_swap,pixelgen_512,empty,2.5405299384145125e-05
swap_17_shadow_swap,pixelgen_512,empty,-8.566734381020014e-05
swap_18_shadow_swap,pixelgen_512,empty,-0.0002264941995963
swap_19_shadow_swap,pixelgen_512,empty,-4.010088508948906e-05
swap_20_shadow_swap,pixelgen_512,empty,0.000207677274011
swap_21_shadow_swap,pixelgen_512,empty,-0.0003011913970112
swap_22_shadow_swap,pixelgen_512,empty,-7.772876298986833e-05
swap_23_shadow_swap,pixelgen_512,empty,-1.4528083847834689e-05
swap_24_shadow_swap,pixelgen_512,empty,0.0005616521369665
swap_25_shadow_swap,pixelgen_512,empty,-0.0005265280487947
swap_26_shadow_swap,pixelgen_512,empty,-0.000175888177473
swap_27_shadow_swap,pixelgen_512,empty,-2.194686327130005e-05
swap_28_shadow_swap,pixelgen_512,empty,7.4920065235351e-05
swap_29_shadow_swap,pixelgen_512,empty,-0.0001745220948941
swap_30_shadow_swap,pixelgen_512,empty,0.0001905581890605
swap_31_shadow_swap,pixelgen_512,empty,-0.0003581548295915
swap_32_shadow_swap,pixelgen_512,empty,0.0003642949776258
swap_33_shadow_swap,pixelgen_512,empty,-0.0003736282314639
swap_34_shadow_swap,pixelgen_512,empty,3.5401955246924105e-05
swap_35_shadow_swap,pixelgen_512,empty,-3.565761959180638e-05
swap_36_shadow_swap,pixelgen_512,empty,-0.0001762495620641
swap_37_shadow_swap,pixelgen_512,empty,0.00012235654518
swap_38_shadow_swap,pixelgen_512,empty,6.05475797783514e-06
swap_39_shadow_swap,pixelgen_512,empty,-6.9126160815412285e-06
swap_40_shadow_swap,pixelgen_512,empty,5.728806136175504e-05
swap_41_shadow_swap,pixelgen_512,empty,-0.0001485975459218
swap_42_shadow_swap,pixelgen_512,empty,-3.10959317721439e-05
swap_43_shadow_swap,pixelgen_512,empty,1.7240720335400667e-05
swap_44_shadow_swap,pixelgen_512,empty,0.0001271133427508
swap_45_shadow_swap,pixelgen_512,empty,-9.454756276681964e-05
swap_46_shadow_swap,pixelgen_512,empty,-1.3737448025491483e-05
swap_47_shadow_swap,pixelgen_512,empty,2.993833506479901e-05
swap_48_shadow_swap,pixelgen_512,empty,0.0001660784764681
swap_49_shadow_swap,pixelgen_512,empty,-0.0001894331211224
swap_50_shadow_swap,pixelgen_512,empty,0.0001104885502718
swap_51_shadow_swap,pixelgen_512,empty,-4.502703668549449e-05
swap_52_shadow_swap,pixelgen_512,empty,3.962424700148029e-05
swap_53_shadow_swap,pixelgen_512,empty,-5.869540618725494e-06
swap_54_shadow_swap,pixelgen_512,empty,2.39821372088056e-05
swap_55_shadow_swap,pixelgen_512,empty,-5.066478799562943e-05
swap_56_shadow_swap,pixelgen_512,empty,0.0001883676764555
swap_57_shadow_swap,pixelgen_512,empty,-0.0002797493082471
swap_58_shadow_swap,pixelgen_512,empty,-3.472481039351952e-05
swap_59_shadow_swap,pixelgen_512,empty,8.746006060391526e-05
swap_60_shadow_swap,pixelgen_512,empty,5.188275594264144e-05
swap_61_shadow_swap,pixelgen_512,empty,-4.67073975596588e-05
swap_62_shadow_swap,pixelgen_512,empty,6.401485297828635e-05
swap_63_shadow_swap,pixelgen_512,empty,-4.427136969752457e-05
swap_64_shadow_swap,pixelgen_512,empty,0.0001932906894944
swap_65_shadow_swap,pixelgen_512,empty,-0.0002391574147623
swap_66_shadow_swap,pixelgen_512,empty,0.0002098725840914
swap_67_shadow_swap,pixelgen_512,empty,-4.080486483871992e-05
swap_68_shadow_swap,pixelgen_512,empty,-7.854074123315666e-05
swap_69_shadow_swap,pixelgen_512,empty,9.013886330648536e-05
swap_70_shadow_swap,pixelgen_512,empty,-0.0001694655767641
swap_71_shadow_swap,pixelgen_512,empty,0.000153873397503
swap_72_shadow_swap,pixelgen_512,empty,6.688692141324296e-05
swap_73_shadow_swap,pixelgen_512,empty,-0.0001084344787523
swap_74_shadow_swap,pixelgen_512,empty,-4.658364807256024e-05
swap_75_shadow_swap,pixelgen_512,empty,0.0001040296989958
swap_76_shadow_swap,pixelgen_512,empty,2.3233299143610164e-05
swap_77_shadow_swap,pixelgen_512,empty,-1.8926649354392144e-05
swap_78_shadow_swap,pixelgen_512,empty,-7.90747511200604e-05
swap_79_shadow_swap,pixelgen_512,empty,6.98124431073692e-05
swap_80_shadow_swap,pixelgen_512,empty,0.0003023092495277
swap_81_shadow_swap,pixelgen_512,empty,-0.0003441476519219
swap_82_shadow_swap,pixelgen_512,empty,-9.770129574462535e-05
swap_83_shadow_swap,pixelgen_512,empty,0.0001081154402345
swap_84_shadow_swap,pixelgen_512,empty,-0.0001582497148774
swap_85_shadow_swap,pixelgen_512,empty,7.784440182149674e-05
swap_86_shadow_swap,pixelgen_512,empty,0.0002045671234372
swap_87_shadow_swap,pixelgen_512,empty,-0.000276665611891
swap_88_shadow_swap,pixelgen_512,empty,-0.0004387490497902
swap_89_shadow_swap,pixelgen_512,empty,0.0003239038097672
swap_90_shadow_swap,pixelgen_512,empty,1.16285285912468e-05
swap_91_shadow_swap,pixelgen_512,empty,-7.653905777260661e-05
swap_92_shadow_swap,pixelgen_512,empty,0.0001782646472565
swap_93_shadow_swap,pixelgen_512,empty,-0.0001180292293429
swap_94_shadow_swap,pixelgen_512,empty,-1.4952633064238552e-05
swap_95_shadow_swap,pixelgen_512,empty,4.639295046218045e-05
swap_0_reflection_swap,pixelgen_512,empty,-8.756214519959477e-06
swap_1_reflection_swap,pixelgen_512,empty,-1.0719842975959182e-05
swap_2_reflection_swap,pixelgen_512,empty,2.093467628583312e-06
swap_3_reflection_swap,pixelgen_512,empty,-2.058977144769533e-05
swap_4_reflection_swap,pixelgen_512,empty,2.3696343414481014e-05
swap_5_reflection_swap,pixelgen_512,empty,1.1563786538319742e-05
swap_6_reflection_swap,pixelgen_512,empty,1.6472324496134838e-05
swap_7_reflection_swap,pixelgen_512,empty,7.468770490952348e-06
swap_8_reflection_swap,pixelgen_512,empty,-5.3689923370250914e-05
swap_9_reflection_swap,pixelgen_512,empty,-2.8373692184693183e-05
swap_10_reflection_swap,pixelgen_512,empty,-8.545231539751341e-06
swap_11_reflection_swap,pixelgen_512,empty,-1.382951508275762e-05
swap_12_reflection_swap,pixelgen_512,empty,-6.003536051139846e-05
swap_13_reflection_swap,pixelgen_512,empty,2.4159671738535615e-07
swap_14_reflection_swap,pixelgen_512,empty,2.584932255558781e-05
swap_15_reflection_swap,pixelgen_512,empty,2.2632905747735355e-05
swap_16_reflection_swap,pixelgen_512,empty,-4.554090322926932e-05
swap_17_reflection_swap,pixelgen_512,empty,3.422882407903491e-05
swap_18_reflection_swap,pixelgen_512,empty,3.496303572320114e-05
swap_19_reflection_swap,pixelgen_512,empty,-2.8537987964233347e-05
swap_20_reflection_swap,pixelgen_512,empty,0.0001005374244414
swap_21_reflection_swap,pixelgen_512,empty,-8.957570185885028e-05
swap_22_reflection_swap,pixelgen_512,empty,0.0001105918898247
swap_23_reflection_swap,pixelgen_512,empty,-9.390722960234132e-05
swap_24_reflection_swap,pixelgen_512,empty,-8.919998537748608e-05
swap_25_reflection_swap,pixelgen_512,empty,9.90093126893056e-05
swap_26_reflection_swap,pixelgen_512,empty,-4.08342131413518e-05
swap_27_reflection_swap,pixelgen_512,empty,2.0053526386620835e-05
swap_28_reflection_swap,pixelgen_512,empty,0.0001044099032878
swap_29_reflection_swap,pixelgen_512,empty,0.0001586445095017
swap_30_reflection_swap,pixelgen_512,empty,3.78444744274023e-05
swap_31_reflection_swap,pixelgen_512,empty,4.1359737515449246e-05
swap_32_reflection_swap,pixelgen_512,empty,1.7725146608423004e-05
swap_33_reflection_swap,pixelgen_512,empty,2.545973984528077e-06
swap_34_reflection_swap,pixelgen_512,empty,-3.7655263440752873e-06
swap_35_reflection_swap,pixelgen_512,empty,-2.5821995222989613e-06
swap_36_reflection_swap,pixelgen_512,empty,5.634588596876988e-05
swap_37_reflection_swap,pixelgen_512,empty,8.249742502812116e-05
swap_38_reflection_swap,pixelgen_512,empty,1.8946619238711243e-05
swap_39_reflection_swap,pixelgen_512,empty,3.8668736233371526e-05
swap_40_reflection_swap,pixelgen_512,empty,8.2766520790728e-06
swap_41_reflection_swap,pixelgen_512,empty,5.103776464238791e-05
swap_42_reflection_swap,pixelgen_512,empty,-1.898235990665381e-05
swap_43_reflection_swap,pixelgen_512,empty,4.179510404355574e-05
swap_44_reflection_swap,pixelgen_512,empty,4.904011846519965e-05
swap_45_reflection_swap,pixelgen_512,empty,4.560012719594456e-05
swap_46_reflection_swap,pixelgen_512,empty,4.264891496859324e-05
swap_47_reflection_swap,pixelgen_512,empty,6.714149028993338e-05
swap_48_reflection_swap,pixelgen_512,empty,0.0001216462807497
swap_49_reflection_swap,pixelgen_512,empty,4.388601053505886e-05
swap_50_reflection_swap,pixelgen_512,empty,6.588140386156252e-05
swap_51_reflection_swap,pixelgen_512,empty,5.489375209436279e-05
swap_52_reflection_swap,pixelgen_512,empty,1.2171770213172811e-05
swap_53_reflection_swap,pixelgen_512,empty,7.323830504907952e-06
swap_54_reflection_swap,pixelgen_512,empty,8.415034681092878e-05
swap_55_reflection_swap,pixelgen_512,empty,8.785476558841737e-05
swap_56_reflection_swap,pixelgen_512,empty,5.348714417777178e-05
swap_57_reflection_swap,pixelgen_512,empty,7.702517323195449e-05
swap_58_reflection_swap,pixelgen_512,empty,9.82979196123765e-05
swap_59_reflection_swap,pixelgen_512,empty,-3.3731808653101464e-05
swap_60_reflection_swap,pixelgen_512,empty,0.0002011884306557
swap_61_reflection_swap,pixelgen_512,empty,0.0001269629527814
swap_62_reflection_swap,pixelgen_512,empty,0.0001511893572751
swap_63_reflection_swap,pixelgen_512,empty,8.047784212976417e-05
swap_64_reflection_swap,pixelgen_512,empty,2.700001467018792e-05
swap_65_reflection_swap,pixelgen_512,empty,9.29011614062003e-06
swap_66_reflection_swap,pixelgen_512,empty,1.1303395731371985e-05
swap_67_reflection_swap,pixelgen_512,empty,1.880907337180673e-05
swap_68_reflection_swap,pixelgen_512,empty,0.0001727360417135
swap_69_reflection_swap,pixelgen_512,empty,0.0001249227381777
swap_70_reflection_swap,pixelgen_512,empty,0.0001474406733177
swap_71_reflection_swap,pixelgen_512,empty,0.0001044734293827
swap_72_reflection_swap,pixelgen_512,empty,3.7168916314844064e-05
swap_73_reflection_swap,pixelgen_512,empty,3.899096394889209e-05
swap_74_reflection_swap,pixelgen_512,empty,2.9875760665157985e-05
swap_75_reflection_swap,pixelgen_512,empty,-2.2864900529433185e-06
swap_76_reflection_swap,pixelgen_512,empty,0.0001382972288411
swap_77_reflection_swap,pixelgen_512,empty,9.09529149066661e-05
swap_78_reflection_swap,pixelgen_512,empty,0.0001835501717869
swap_79_reflection_swap,pixelgen_512,empty,6.098248646594154e-05
swap_80_reflection_swap,pixelgen_512,empty,4.113917704671663e-05
swap_81_reflection_swap,pixelgen_512,empty,2.146606100723175e-05
swap_82_reflection_swap,pixelgen_512,empty,1.7797945765778145e-05
swap_83_reflection_swap,pixelgen_512,empty,4.003956797532515e-05
swap_84_reflection_swap,pixelgen_512,empty,-5.858928197988167e-06
swap_85_reflection_swap,pixelgen_512,empty,7.775635924190533e-05
swap_86_reflection_swap,pixelgen_512,empty,-2.906232257374186e-05
swap_87_reflection_swap,pixelgen_512,empty,2.6247203350069495e-05
swap_88_reflection_swap,pixelgen_512,empty,1.246946863830284e-05
swap_89_reflection_swap,pixelgen_512,empty,2.78023805003573e-05
swap_90_reflection_swap,pixelgen_512,empty,-1.10196555033297e-05
swap_91_reflection_swap,pixelgen_512,empty,1.4028463046992372e-05
swap_92_reflection_swap,pixelgen_512,empty,4.979562247172178e-05
swap_93_reflection_swap,pixelgen_512,empty,1.4210504014067205e-06
swap_94_reflection_swap,pixelgen_512,empty,2.1271362202236743e-05
swap_95_reflection_swap,pixelgen_512,empty,-2.8598589124149976e-05
swap_0_lightdir_swap,pixelgen_512,conditional,-6.309175863861496e-05
swap_1_lightdir_swap,pixelgen_512,conditional,-8.045202353968925e-05
swap_2_lightdir_swap,pixelgen_512,conditional,6.836142390966721e-05
swap_3_lightdir_swap,pixelgen_512,conditional,5.4262536577885656e-05
swap_4_lightdir_swap,pixelgen_512,conditional,-2.863473491743554e-05
swap_5_lightdir_swap,pixelgen_512,conditional,-0.0001087503577582
swap_6_lightdir_swap,pixelgen_512,conditional,6.97754533030108e-05
swap_7_lightdir_swap,pixelgen_512,conditional,3.910844214261022e-05
swap_8_lightdir_swap,pixelgen_512,conditional,-1.2343593407418418e-05
swap_9_lightdir_swap,pixelgen_512,conditional,8.188942447303477e-06
swap_10_lightdir_swap,pixelgen_512,conditional,-1.0941545479002668e-05
swap_11_lightdir_swap,pixelgen_512,conditional,1.1123025324192432e-05
swap_12_lightdir_swap,pixelgen_512,conditional,-1.0897961910814186e-05
swap_13_lightdir_swap,pixelgen_512,conditional,1.569201704114398e-05
swap_14_lightdir_swap,pixelgen_512,conditional,-1.3440079055654364e-06
swap_15_lightdir_swap,pixelgen_512,conditional,6.714097689836801e-06
swap_16_lightdir_swap,pixelgen_512,conditional,1.1618616990744651e-05
swap_17_lightdir_swap,pixelgen_512,conditional,-1.4793975278742238e-05
swap_18_lightdir_swap,pixelgen_512,conditional,-7.129181176429578e-06
swap_19_lightdir_swap,pixelgen_512,conditional,-3.2517586369063683e-05
swap_20_lightdir_swap,pixelgen_512,conditional,8.998033590612575e-06
swap_21_lightdir_swap,pixelgen_512,conditional,2.9348582029343345e-05
swap_22_lightdir_swap,pixelgen_512,conditional,-9.137024171657073e-06
swap_23_lightdir_swap,pixelgen_512,conditional,-1.4729276299474405e-05
swap_24_lightdir_swap,pixelgen_512,conditional,-1.6914261505008438e-05
swap_25_lightdir_swap,pixelgen_512,conditional,0.0001158570637926
swap_26_lightdir_swap,pixelgen_512,conditional,5.999167449772039e-05
swap_27_lightdir_swap,pixelgen_512,conditional,3.211183939129392e-05
swap_28_lightdir_swap,pixelgen_512,conditional,-9.811249561607684e-05
swap_29_lightdir_swap,pixelgen_512,conditional,0.0001689432654529
swap_30_lightdir_swap,pixelgen_512,conditional,-1.0596658103170786e-05
swap_31_lightdir_swap,pixelgen_512,conditional,7.476753555238358e-05
swap_32_lightdir_swap,pixelgen_512,conditional,2.55402969196461e-05
swap_33_lightdir_swap,pixelgen_512,conditional,1.605984289199114e-05
swap_34_lightdir_swap,pixelgen_512,conditional,3.2997103407969575e-05
swap_35_lightdir_swap,pixelgen_512,conditional,-2.1856278181048294e-07
swap_36_lightdir_swap,pixelgen_512,conditional,2.2922432981430096e-05
swap_37_lightdir_swap,pixelgen_512,conditional,1.169322058590383e-07
swap_38_lightdir_swap,pixelgen_512,conditional,1.129284501077965e-06
swap_39_lightdir_swap,pixelgen_512,conditional,4.910398274694805e-07
swap_40_lightdir_swap,pixelgen_512,conditional,5.617965478449741e-05
swap_41_lightdir_swap,pixelgen_512,conditional,-4.307582043111546e-05
swap_42_lightdir_swap,pixelgen_512,conditional,2.825480420141913e-05
swap_43_lightdir_swap,pixelgen_512,conditional,-6.2730410136283e-05
swap_44_lightdir_swap,pixelgen_512,conditional,1.28673110157268e-05
swap_45_lightdir_swap,pixelgen_512,conditional,-3.5424963571131785e-05
swap_46_lightdir_swap,pixelgen_512,conditional,2.837730571627478e-05
swap_47_lightdir_swap,pixelgen_512,conditional,-0.0001105639664456
swap_48_lightdir_swap,pixelgen_512,conditional,-1.193276606500232e-05
swap_49_lightdir_swap,pixelgen_512,conditional,4.754270892590173e-05
swap_50_lightdir_swap,pixelgen_512,conditional,3.4861254971471634e-05
swap_51_lightdir_swap,pixelgen_512,conditional,7.466209121048673e-05
swap_52_lightdir_swap,pixelgen_512,conditional,1.0775106493384616e-05
swap_53_lightdir_swap,pixelgen_512,conditional,4.9407579936086576e-05
swap_54_lightdir_swap,pixelgen_512,conditional,8.372990647331074e-05
swap_55_lightdir_swap,pixelgen_512,conditional,0.0001007637311704
swap_56_lightdir_swap,pixelgen_512,conditional,-4.093883559107975e-05
swap_57_lightdir_swap,pixelgen_512,conditional,1.0058290790770225e-05
swap_58_lightdir_swap,pixelgen_512,conditional,6.248522549899549e-07
swap_59_lightdir_swap,pixelgen_512,conditional,2.6519873645155373e-05
swap_60_lightdir_swap,pixelgen_512,conditional,-8.841161616146564e-06
swap_61_lightdir_swap,pixelgen_512,conditional,1.1431747116152913e-05
swap_62_lightdir_swap,pixelgen_512,conditional,3.246108768507894e-05
swap_63_lightdir_swap,pixelgen_512,conditional,1.3524768874048632e-05
swap_64_lightdir_swap,pixelgen_512,conditional,2.837783540599048e-05
swap_65_lightdir_swap,pixelgen_512,conditional,4.5198339503255136e-05
swap_66_lightdir_swap,pixelgen_512,conditional,3.377496032044153e-05
swap_67_lightdir_swap,pixelgen_512,conditional,6.060255691409805e-05
swap_68_lightdir_swap,pixelgen_512,conditional,4.233308136463235e-05
swap_69_lightdir_swap,pixelgen_512,conditional,4.630153300241163e-05
swap_70_lightdir_swap,pixelgen_512,conditional,8.479909505695535e-05
swap_71_lightdir_swap,pixelgen_512,conditional,7.241414161398424e-05
swap_72_lightdir_swap,pixelgen_512,conditional,8.147242013365613e-05
swap_73_lightdir_swap,pixelgen_512,conditional,-5.4614758118985696e-06
swap_74_lightdir_swap,pixelgen_512,conditional,9.587086271493904e-05
swap_75_lightdir_swap,pixelgen_512,conditional,3.1713386997579e-05
swap_76_lightdir_swap,pixelgen_512,conditional,8.147726301103997e-05
swap_77_lightdir_swap,pixelgen_512,conditional,5.281836492941269e-05
swap_78_lightdir_swap,pixelgen_512,conditional,0.0001150888716801
swap_79_lightdir_swap,pixelgen_512,conditional,0.0001052694581449
swap_80_lightdir_swap,pixelgen_512,conditional,-2.011507749546948e-06
swap_81_lightdir_swap,pixelgen_512,conditional,8.161836303772346e-06
swap_82_lightdir_swap,pixelgen_512,conditional,4.73555270582432e-05
swap_83_lightdir_swap,pixelgen_512,conditional,1.7435699701310453e-05
swap_84_lightdir_swap,pixelgen_512,conditional,3.07465437799706e-05
swap_85_lightdir_swap,pixelgen_512,conditional,-3.553535789249662e-06
swap_86_lightdir_swap,pixelgen_512,conditional,0.000101547059603
swap_87_lightdir_swap,pixelgen_512,conditional,1.4311457052829102e-05
swap_88_lightdir_swap,pixelgen_512,conditional,7.744226604700782e-06
swap_89_lightdir_swap,pixelgen_512,conditional,4.33030701242447e-05
swap_90_lightdir_swap,pixelgen_512,conditional,3.238550387322722e-05
swap_91_lightdir_swap,pixelgen_512,conditional,0.0001003704080358
swap_92_lightdir_swap,pixelgen_512,conditional,-1.190407201645538e-06
swap_93_lightdir_swap,pixelgen_512,conditional,8.070245850831312e-05
swap_94_lightdir_swap,pixelgen_512,conditional,3.484289627521397e-06
swap_95_lightdir_swap,pixelgen_512,conditional,0.0001597782922908
swap_0_shadow_swap,pixelgen_512,conditional,3.2457441557194947e-05
swap_1_shadow_swap,pixelgen_512,conditional,-8.79478640854383e-05
swap_2_shadow_swap,pixelgen_512,conditional,-7.237999234353462e-06
swap_3_shadow_swap,pixelgen_512,conditional,-5.661216564476109e-05
swap_4_shadow_swap,pixelgen_512,conditional,-5.475427256897841e-05
swap_5_shadow_swap,pixelgen_512,conditional,2.707748208194416e-06
swap_6_shadow_swap,pixelgen_512,conditional,-2.8470561373974277e-05
swap_7_shadow_swap,pixelgen_512,conditional,-3.024860983713573e-05
swap_8_shadow_swap,pixelgen_512,conditional,-0.0001093046437017
swap_9_shadow_swap,pixelgen_512,conditional,8.718316908925758e-05
swap_10_shadow_swap,pixelgen_512,conditional,-1.594997011125296e-05
swap_11_shadow_swap,pixelgen_512,conditional,-1.084008719771934e-05
swap_12_shadow_swap,pixelgen_512,conditional,8.303408510983157e-05
swap_13_shadow_swap,pixelgen_512,conditional,-8.995121112093454e-05
swap_14_shadow_swap,pixelgen_512,conditional,-8.119165431703934e-06
swap_15_shadow_swap,pixelgen_512,conditional,-6.372085772452657e-06
swap_16_shadow_swap,pixelgen_512,conditional,8.402902167293363e-06
swap_17_shadow_swap,pixelgen_512,conditional,-8.910460863262304e-05
swap_18_shadow_swap,pixelgen_512,conditional,3.499912330881018e-05
swap_19_shadow_swap,pixelgen_512,conditional,-0.0001297501660883
swap_20_shadow_swap,pixelgen_512,conditional,-1.5762043185537505e-05
swap_21_shadow_swap,pixelgen_512,conditional,-8.024747250601552e-05
swap_22_shadow_swap,pixelgen_512,conditional,-0.0001031761895865
swap_23_shadow_swap,pixelgen_512,conditional,1.8400966655462286e-05
swap_24_shadow_swap,pixelgen_512,conditional,5.873250542208497e-05
swap_25_shadow_swap,pixelgen_512,conditional,-9.84143209643608e-05
swap_26_shadow_swap,pixelgen_512,conditional,4.193281754850606e-05
swap_27_shadow_swap,pixelgen_512,conditional,-7.086983881890788e-05
swap_28_shadow_swap,pixelgen_512,conditional,4.467155784368751e-05
swap_29_shadow_swap,pixelgen_512,conditional,-0.0001202169037424
swap_30_shadow_swap,pixelgen_512,conditional,-2.909695263951864e-05
swap_31_shadow_swap,pixelgen_512,conditional,-1.3949077110735413e-05
swap_32_shadow_swap,pixelgen_512,conditional,3.795961150900029e-05
swap_33_shadow_swap,pixelgen_512,conditional,-2.6894586626439666e-05
swap_34_shadow_swap,pixelgen_512,conditional,3.137537627480834e-05
swap_35_shadow_swap,pixelgen_512,conditional,-2.9628943884744963e-05
swap_36_shadow_swap,pixelgen_512,conditional,1.1430319864304955e-05
swap_37_shadow_swap,pixelgen_512,conditional,-1.7526654992251756e-05
swap_38_shadow_swap,pixelgen_512,conditional,-5.511981435122118e-06
swap_39_shadow_swap,pixelgen_512,conditional,9.55267110839056e-06
swap_40_shadow_swap,pixelgen_512,conditional,6.122012156993019e-05
swap_41_shadow_swap,pixelgen_512,conditional,-6.775121437385678e-05
swap_42_shadow_swap,pixelgen_512,conditional,3.1655165366831564e-05
swap_43_shadow_swap,pixelgen_512,conditional,-3.57373035512875e-05
swap_44_shadow_swap,pixelgen_512,conditional,-3.021228127181308e-05
swap_45_shadow_swap,pixelgen_512,conditional,3.342567710206551e-05
swap_46_shadow_swap,pixelgen_512,conditional,-1.2206325773143551e-05
swap_47_shadow_swap,pixelgen_512,conditional,1.2009211350231044e-05
swap_48_shadow_swap,pixelgen_512,conditional,4.170787869953001e-05
swap_49_shadow_swap,pixelgen_512,conditional,-3.589502768590672e-05
swap_50_shadow_swap,pixelgen_512,conditional,8.634574478491239e-06
swap_51_shadow_swap,pixelgen_512,conditional,5.307085812093076e-06
swap_52_shadow_swap,pixelgen_512,conditional,5.3253513760866816e-05
swap_53_shadow_swap,pixelgen_512,conditional,-6.324426271021172e-05
swap_54_shadow_swap,pixelgen_512,conditional,8.753093425187958e-06
swap_55_shadow_swap,pixelgen_512,conditional,-1.5452527441081262e-05
swap_56_shadow_swap,pixelgen_512,conditional,1.525960862636122e-05
swap_57_shadow_swap,pixelgen_512,conditional,-1.063539413735312e-05
swap_58_shadow_swap,pixelgen_512,conditional,1.9964734092353664e-05
swap_59_shadow_swap,pixelgen_512,conditional,-1.0775099508440744e-06
swap_60_shadow_swap,pixelgen_512,conditional,5.833192728460154e-05
swap_61_shadow_swap,pixelgen_512,conditional,-3.29907308332586e-05
swap_62_shadow_swap,pixelgen_512,conditional,6.0544461011885833e-05
swap_63_shadow_swap,pixelgen_512,conditional,-3.9247034583239984e-05
swap_64_shadow_swap,pixelgen_512,conditional,8.37393547408298e-05
swap_65_shadow_swap,pixelgen_512,conditional,-0.000109855455812
swap_66_shadow_swap,pixelgen_512,conditional,9.776495047845134e-05
swap_67_shadow_swap,pixelgen_512,conditional,-0.0001060679706279
swap_68_shadow_swap,pixelgen_512,conditional,0.0001019027316942
swap_69_shadow_swap,pixelgen_512,conditional,-0.0001098984538111
swap_70_shadow_swap,pixelgen_512,conditional,2.166477148421095e-05
swap_71_shadow_swap,pixelgen_512,conditional,-4.105723230168369e-05
swap_72_shadow_swap,pixelgen_512,conditional,-4.438347881659775e-05
swap_73_shadow_swap,pixelgen_512,conditional,6.023372756316925e-05
swap_74_shadow_swap,pixelgen_512,conditional,-1.6267835162578348e-05
swap_75_shadow_swap,pixelgen_512,conditional,2.9167782049628263e-05
swap_76_shadow_swap,pixelgen_512,conditional,-2.784571377560663e-05
swap_77_shadow_swap,pixelgen_512,conditional,4.938097205012607e-05
swap_78_shadow_swap,pixelgen_512,conditional,1.0948185808958705e-05
swap_79_shadow_swap,pixelgen_512,conditional,7.115832995624113e-06
swap_80_shadow_swap,pixelgen_512,conditional,-1.3575959019365702e-05
swap_81_shadow_swap,pixelgen_512,conditional,-1.7692099791015437e-05
swap_82_shadow_swap,pixelgen_512,conditional,5.117841763422303e-05
swap_83_shadow_swap,pixelgen_512,conditional,-6.619484396651332e-05
swap_84_shadow_swap,pixelgen_512,conditional,-5.613112822175012e-05
swap_85_shadow_swap,pixelgen_512,conditional,2.6039630174633236e-05
swap_86_shadow_swap,pixelgen_512,conditional,1.3620965182738198e-06
swap_87_shadow_swap,pixelgen_512,conditional,-2.8604965191334625e-05
swap_88_shadow_swap,pixelgen_512,conditional,-2.3416965268564798e-06
swap_89_shadow_swap,pixelgen_512,conditional,-5.7775673922153686e-05
swap_90_shadow_swap,pixelgen_512,conditional,-8.661387488245742e-05
swap_91_shadow_swap,pixelgen_512,conditional,-1.918291673062497e-06
swap_92_shadow_swap,pixelgen_512,conditional,-4.062960157170947e-05
swap_93_shadow_swap,pixelgen_512,conditional,1.1577189434321122e-05
swap_94_shadow_swap,pixelgen_512,conditional,-2.9338500462487704e-06
swap_95_shadow_swap,pixelgen_512,conditional,4.350030794738474e-06
swap_0_reflection_swap,pixelgen_512,conditional,5.02088805660883e-06
swap_1_reflection_swap,pixelgen_512,conditional,-4.0187062695627024e-05
swap_2_reflection_swap,pixelgen_512,conditional,-7.313867099584953e-06
swap_3_reflection_swap,pixelgen_512,conditional,-2.775448374450415e-05
swap_4_reflection_swap,pixelgen_512,conditional,6.910625379538682e-06
swap_5_reflection_swap,pixelgen_512,conditional,1.0034565348177038e-05
swap_6_reflection_swap,pixelgen_512,conditional,5.386162083599599e-06
swap_7_reflection_swap,pixelgen_512,conditional,1.1130906641482197e-05
swap_8_reflection_swap,pixelgen_512,conditional,-3.177245147526278e-05
swap_9_reflection_swap,pixelgen_512,conditional,8.15822277218381e-06
swap_10_reflection_swap,pixelgen_512,conditional,-2.985080936923276e-05
swap_11_reflection_swap,pixelgen_512,conditional,-3.1761662103203803e-06
swap_12_reflection_swap,pixelgen_512,conditional,-5.585746839641137e-06
swap_13_reflection_swap,pixelgen_512,conditional,4.812651313839539e-06
swap_14_reflection_swap,pixelgen_512,conditional,1.825012033804599e-05
swap_15_reflection_swap,pixelgen_512,conditional,-1.7601579893382346e-05
swap_16_reflection_swap,pixelgen_512,conditional,-2.6114592328669445e-05
swap_17_reflection_swap,pixelgen_512,conditional,-7.916605100039692e-06
swap_18_reflection_swap,pixelgen_512,conditional,2.9140284750608925e-05
swap_19_reflection_swap,pixelgen_512,conditional,-4.9784716684368735e-05
swap_20_reflection_swap,pixelgen_512,conditional,3.039429662748949e-05
swap_21_reflection_swap,pixelgen_512,conditional,-5.233641713855985e-06
swap_22_reflection_swap,pixelgen_512,conditional,1.7990495543927787e-05
swap_23_reflection_swap,pixelgen_512,conditional,4.019639454778262e-06
swap_24_reflection_swap,pixelgen_512,conditional,-2.3229573853311702e-05
swap_25_reflection_swap,pixelgen_512,conditional,-2.119867131115255e-06
swap_26_reflection_swap,pixelgen_512,conditional,-0.0001571351941674
swap_27_reflection_swap,pixelgen_512,conditional,0.0001202921476215
swap_28_reflection_swap,pixelgen_512,conditional,-2.9220711439847943e-05
swap_29_reflection_swap,pixelgen_512,conditional,5.8885030448433545e-05
swap_30_reflection_swap,pixelgen_512,conditional,3.4136180765927115e-05
swap_31_reflection_swap,pixelgen_512,conditional,-1.94837711751418e-05
swap_32_reflection_swap,pixelgen_512,conditional,-4.471135325732206e-06
swap_33_reflection_swap,pixelgen_512,conditional,-4.726224578917998e-06
swap_34_reflection_swap,pixelgen_512,conditional,-2.954727271571936e-05
swap_35_reflection_swap,pixelgen_512,conditional,5.262808408589004e-06
swap_36_reflection_swap,pixelgen_512,conditional,1.7873372416942618e-05
swap_37_reflection_swap,pixelgen_512,conditional,3.633215790614652e-05
swap_38_reflection_swap,pixelgen_512,conditional,-4.638888640325772e-06
swap_39_reflection_swap,pixelgen_512,conditional,3.826093859970667e-05
swap_40_reflection_swap,pixelgen_512,conditional,1.2657872866840558e-05
swap_41_reflection_swap,pixelgen_512,conditional,1.6476507298645443e-05
swap_42_reflection_swap,pixelgen_512,conditional,1.4222057070578664e-05
swap_43_reflection_swap,pixelgen_512,conditional,1.2469508219512676e-05
swap_44_reflection_swap,pixelgen_512,conditional,-2.5918905157594485e-05
swap_45_reflection_swap,pixelgen_512,conditional,9.812148520723513e-05
swap_46_reflection_swap,pixelgen_512,conditional,1.4283163473009786e-05
swap_47_reflection_swap,pixelgen_512,conditional,7.894486188892574e-06
swap_48_reflection_swap,pixelgen_512,conditional,4.06502280384663e-06
swap_49_reflection_swap,pixelgen_512,conditional,2.917181700506921e-07
swap_50_reflection_swap,pixelgen_512,conditional,5.411438178271055e-05
swap_51_reflection_swap,pixelgen_512,conditional,-6.08577532693784e-05
swap_52_reflection_swap,pixelgen_512,conditional,-4.776083864271516e-05
swap_53_reflection_swap,pixelgen_512,conditional,0.0001231728610582
swap_54_reflection_swap,pixelgen_512,conditional,-5.515505559742368e-05
swap_55_reflection_swap,pixelgen_512,conditional,0.0001070288824848
swap_56_reflection_swap,pixelgen_512,conditional,-1.862117322162099e-05
swap_57_reflection_swap,pixelgen_512,conditional,8.510405663400902e-05
swap_58_reflection_swap,pixelgen_512,conditional,0.0001413007755763
swap_59_reflection_swap,pixelgen_512,conditional,-9.337501367554304e-05
swap_60_reflection_swap,pixelgen_512,conditional,-1.407855655998283e-05
swap_61_reflection_swap,pixelgen_512,conditional,0.0001223068824037
swap_62_reflection_swap,pixelgen_512,conditional,3.39319789782154e-05
swap_63_reflection_swap,pixelgen_512,conditional,9.298091754320751e-06
swap_64_reflection_swap,pixelgen_512,conditional,1.5835303347561114e-05
swap_65_reflection_swap,pixelgen_512,conditional,7.898393087093364e-06
swap_66_reflection_swap,pixelgen_512,conditional,5.716460291297493e-06
swap_67_reflection_swap,pixelgen_512,conditional,5.327861290427283e-06
swap_68_reflection_swap,pixelgen_512,conditional,8.4420805796976e-05
swap_69_reflection_swap,pixelgen_512,conditional,5.8112670667472e-05
swap_70_reflection_swap,pixelgen_512,conditional,2.5338456034657703e-05
swap_71_reflection_swap,pixelgen_512,conditional,8.308277931064548e-05
swap_72_reflection_swap,pixelgen_512,conditional,-3.370943013576017e-06
swap_73_reflection_swap,pixelgen_512,conditional,7.704151794320907e-06
swap_74_reflection_swap,pixelgen_512,conditional,3.3844471909114104e-06
swap_75_reflection_swap,pixelgen_512,conditional,4.477172624323816e-06
swap_76_reflection_swap,pixelgen_512,conditional,6.569425575435328e-05
swap_77_reflection_swap,pixelgen_512,conditional,-3.185903769917231e-05
swap_78_reflection_swap,pixelgen_512,conditional,1.234922558069826e-05
swap_79_reflection_swap,pixelgen_512,conditional,3.384903771802908e-05
swap_80_reflection_swap,pixelgen_512,conditional,2.8282091952859523e-05
swap_81_reflection_swap,pixelgen_512,conditional,-8.860912639650775e-06
swap_82_reflection_swap,pixelgen_512,conditional,1.682536676522045e-06
swap_83_reflection_swap,pixelgen_512,conditional,1.680664485320324e-05
swap_84_reflection_swap,pixelgen_512,conditional,3.572130808606952e-05
swap_85_reflection_swap,pixelgen_512,conditional,9.997287532314757e-05
swap_86_reflection_swap,pixelgen_512,conditional,2.5689823087305524e-05
swap_87_reflection_swap,pixelgen_512,conditional,1.569287385791776e-05
swap_88_reflection_swap,pixelgen_512,conditional,3.5550587344914536e-05
swap_89_reflection_swap,pixelgen_512,conditional,-2.429913729423694e-06
swap_90_reflection_swap,pixelgen_512,conditional,2.2395839914673976e-05
swap_91_reflection_swap,pixelgen_512,conditional,-4.513808526094426e-06
swap_92_reflection_swap,pixelgen_512,conditional,6.936079356819475e-05
swap_93_reflection_swap,pixelgen_512,conditional,5.361232906581776e-06
swap_94_reflection_swap,pixelgen_512,conditional,5.467520095409767e-06
swap_95_reflection_swap,pixelgen_512,conditional,2.2920623887333347e-05
swap_0_lightdir_swap,wan21_1_3b,empty,5.566226318476364e-06
swap_1_lightdir_swap,wan21_1_3b,empty,1.3678977265924042e-05
swap_2_lightdir_swap,wan21_1_3b,empty,2.885169349609029e-05
swap_3_lightdir_swap,wan21_1_3b,empty,0.000141661465168
swap_4_lightdir_swap,wan21_1_3b,empty,-7.579499855636662e-05
swap_5_lightdir_swap,wan21_1_3b,empty,5.061035975817418e-05
swap_6_lightdir_swap,wan21_1_3b,empty,-4.339653067289562e-05
swap_7_lightdir_swap,wan21_1_3b,empty,0.0001850118488072
swap_8_lightdir_swap,wan21_1_3b,empty,2.996210008862632e-05
swap_9_lightdir_swap,wan21_1_3b,empty,2.8661321848671983e-05
swap_10_lightdir_swap,wan21_1_3b,empty,6.525187753139705e-05
swap_11_lightdir_swap,wan21_1_3b,empty,6.071008741853623e-05
swap_12_lightdir_swap,wan21_1_3b,empty,2.368159592147645e-05
swap_13_lightdir_swap,wan21_1_3b,empty,4.271035082639707e-05
swap_14_lightdir_swap,wan21_1_3b,empty,4.209135659036245e-05
swap_15_lightdir_swap,wan21_1_3b,empty,3.755626268683865e-05
swap_16_lightdir_swap,wan21_1_3b,empty,0.0001560525409877
swap_17_lightdir_swap,wan21_1_3b,empty,0.0001440174411982
swap_18_lightdir_swap,wan21_1_3b,empty,0.0001532941497862
swap_19_lightdir_swap,wan21_1_3b,empty,0.0002796392422169
swap_20_lightdir_swap,wan21_1_3b,empty,7.24009890109567e-05
swap_21_lightdir_swap,wan21_1_3b,empty,0.0001910020411014
swap_22_lightdir_swap,wan21_1_3b,empty,0.0001424947101622
swap_23_lightdir_swap,wan21_1_3b,empty,0.0002642952743917
swap_24_lightdir_swap,wan21_1_3b,empty,1.8025822937473013e-05
swap_25_lightdir_swap,wan21_1_3b,empty,0.0001213353313505
swap_26_lightdir_swap,wan21_1_3b,empty,2.433670684695577e-05
swap_27_lightdir_swap,wan21_1_3b,empty,5.77872432768467e-05
swap_28_lightdir_swap,wan21_1_3b,empty,-1.540362834931419e-05
swap_29_lightdir_swap,wan21_1_3b,empty,8.563302457328947e-05
swap_30_lightdir_swap,wan21_1_3b,empty,3.256034106030592e-06
swap_31_lightdir_swap,wan21_1_3b,empty,0.0001249436661601
swap_32_lightdir_swap,wan21_1_3b,empty,2.3719202727062735e-05
swap_33_lightdir_swap,wan21_1_3b,empty,6.844339892270179e-05
swap_34_lightdir_swap,wan21_1_3b,empty,3.905501216650009e-05
swap_35_lightdir_swap,wan21_1_3b,empty,0.0001200838014483
swap_36_lightdir_swap,wan21_1_3b,empty,-5.065059289338647e-05
swap_37_lightdir_swap,wan21_1_3b,empty,2.1721441298749863e-05
swap_38_lightdir_swap,wan21_1_3b,empty,-2.787411212928914e-06
swap_39_lightdir_swap,wan21_1_3b,empty,7.461594417693118e-05
swap_40_lightdir_swap,wan21_1_3b,empty,0.0001287427172064
swap_41_lightdir_swap,wan21_1_3b,empty,1.3546850532314414e-05
swap_42_lightdir_swap,wan21_1_3b,empty,0.0002647905610501
swap_43_lightdir_swap,wan21_1_3b,empty,0.0002123449742793
swap_44_lightdir_swap,wan21_1_3b,empty,6.725467741489077e-05
swap_45_lightdir_swap,wan21_1_3b,empty,6.783900782467156e-05
swap_46_lightdir_swap,wan21_1_3b,empty,0.0002122572064399
swap_47_lightdir_swap,wan21_1_3b,empty,0.0002003277093172
swap_48_lightdir_swap,wan21_1_3b,empty,4.614577628672678e-05
swap_49_lightdir_swap,wan21_1_3b,empty,9.680995717645248e-05
swap_50_lightdir_swap,wan21_1_3b,empty,0.0001357428077608
swap_51_lightdir_swap,wan21_1_3b,empty,0.0001703651621938
swap_52_lightdir_swap,wan21_1_3b,empty,4.457018338141494e-05
swap_53_lightdir_swap,wan21_1_3b,empty,8.762156590816361e-05
swap_54_lightdir_swap,wan21_1_3b,empty,9.33776702731759e-05
swap_55_lightdir_swap,wan21_1_3b,empty,0.0002089510113
swap_56_lightdir_swap,wan21_1_3b,empty,7.935630157590579e-05
swap_57_lightdir_swap,wan21_1_3b,empty,0.0001242305897176
swap_58_lightdir_swap,wan21_1_3b,empty,0.0001994579192251
swap_59_lightdir_swap,wan21_1_3b,empty,0.0002443745173513
swap_60_lightdir_swap,wan21_1_3b,empty,4.280418157578958e-05
swap_61_lightdir_swap,wan21_1_3b,empty,0.0001429367065429
swap_62_lightdir_swap,wan21_1_3b,empty,0.0001291796937584
swap_63_lightdir_swap,wan21_1_3b,empty,0.0002635092474519
swap_64_lightdir_swap,wan21_1_3b,empty,4.63104341179299e-05
swap_65_lightdir_swap,wan21_1_3b,empty,9.693026542664795e-05
swap_66_lightdir_swap,wan21_1_3b,empty,0.0001472970098257
swap_67_lightdir_swap,wan21_1_3b,empty,0.0001866204012185
swap_68_lightdir_swap,wan21_1_3b,empty,1.069961115718332e-05
swap_69_lightdir_swap,wan21_1_3b,empty,6.936167366802803e-05
swap_70_lightdir_swap,wan21_1_3b,empty,7.548428140577434e-05
swap_71_lightdir_swap,wan21_1_3b,empty,0.0001618769392371
swap_72_lightdir_swap,wan21_1_3b,empty,0.0002204905636608
swap_73_lightdir_swap,wan21_1_3b,empty,8.061639964579426e-05
swap_74_lightdir_swap,wan21_1_3b,empty,0.0003123607113957
swap_75_lightdir_swap,wan21_1_3b,empty,0.0001104450784623
swap_76_lightdir_swap,wan21_1_3b,empty,0.00025564936921
swap_77_lightdir_swap,wan21_1_3b,empty,6.129958666861723e-05
swap_78_lightdir_swap,wan21_1_3b,empty,0.0003490302991122
swap_79_lightdir_swap,wan21_1_3b,empty,0.0001312229223549
swap_80_lightdir_swap,wan21_1_3b,empty,0.0001024449430406
swap_81_lightdir_swap,wan21_1_3b,empty,9.362835437057292e-05
swap_82_lightdir_swap,wan21_1_3b,empty,0.000202183034271
swap_83_lightdir_swap,wan21_1_3b,empty,0.0001808236539363
swap_84_lightdir_swap,wan21_1_3b,empty,0.0001031645014882
swap_85_lightdir_swap,wan21_1_3b,empty,6.898768246174636e-05
swap_86_lightdir_swap,wan21_1_3b,empty,0.0001832443661987
swap_87_lightdir_swap,wan21_1_3b,empty,0.0001762776449322
swap_88_lightdir_swap,wan21_1_3b,empty,0.0001036292593925
swap_89_lightdir_swap,wan21_1_3b,empty,9.699067100882308e-05
swap_90_lightdir_swap,wan21_1_3b,empty,0.0002251141145825
swap_91_lightdir_swap,wan21_1_3b,empty,0.0001561108790338
swap_92_lightdir_swap,wan21_1_3b,empty,0.0001194251142442
swap_93_lightdir_swap,wan21_1_3b,empty,1.987420022486752e-05
swap_94_lightdir_swap,wan21_1_3b,empty,0.0001813167426735
swap_95_lightdir_swap,wan21_1_3b,empty,0.0001350324787199
swap_0_shadow_swap,wan21_1_3b,empty,1.6846247017365812e-05
swap_1_shadow_swap,wan21_1_3b,empty,-2.1599577739839223e-05
swap_2_shadow_swap,wan21_1_3b,empty,-4.703760147095615e-05
swap_3_shadow_swap,wan21_1_3b,empty,6.8816542625471655e-06
swap_4_shadow_swap,wan21_1_3b,empty,-0.0001156473439186
swap_5_shadow_swap,wan21_1_3b,empty,7.21852947026258e-05
swap_6_shadow_swap,wan21_1_3b,empty,-5.488957278429463e-05
swap_7_shadow_swap,wan21_1_3b,empty,2.2557200863915217e-05
swap_8_shadow_swap,wan21_1_3b,empty,-8.441140875223296e-05
swap_9_shadow_swap,wan21_1_3b,empty,4.964847117663873e-05
swap_10_shadow_swap,wan21_1_3b,empty,-4.75859455764116e-05
swap_11_shadow_swap,wan21_1_3b,empty,9.188134223217514e-05
swap_12_shadow_swap,wan21_1_3b,empty,-0.0001606549508869
swap_13_shadow_swap,wan21_1_3b,empty,0.0001768557168543
swap_14_shadow_swap,wan21_1_3b,empty,2.8919801116022992e-05
swap_15_shadow_swap,wan21_1_3b,empty,1.18929613381058e-05
swap_16_shadow_swap,wan21_1_3b,empty,-6.302053108808714e-05
swap_17_shadow_swap,wan21_1_3b,empty,6.845781579611909e-05
swap_18_shadow_swap,wan21_1_3b,empty,-0.0001458438113332
swap_19_shadow_swap,wan21_1_3b,empty,0.0001451500132679
swap_20_shadow_swap,wan21_1_3b,empty,-7.847638800739798e-05
swap_21_shadow_swap,wan21_1_3b,empty,0.0001340814307331
swap_22_shadow_swap,wan21_1_3b,empty,-6.50923326611097e-05
swap_23_shadow_swap,wan21_1_3b,empty,2.4277865886684905e-05
swap_24_shadow_swap,wan21_1_3b,empty,0.0002168846689164
swap_25_shadow_swap,wan21_1_3b,empty,0.0001186399906873
swap_26_shadow_swap,wan21_1_3b,empty,1.254492439328736e-05
swap_27_shadow_swap,wan21_1_3b,empty,0.0001188687700778
swap_28_shadow_swap,wan21_1_3b,empty,6.0381758958116816e-05
swap_29_shadow_swap,wan21_1_3b,empty,1.011978834875027e-05
swap_30_shadow_swap,wan21_1_3b,empty,-8.993596769871215e-05
swap_31_shadow_swap,wan21_1_3b,empty,7.961365394293374e-05
swap_32_shadow_swap,wan21_1_3b,empty,2.3531746119243024e-05
swap_33_shadow_swap,wan21_1_3b,empty,0.0001441867835819
swap_34_shadow_swap,wan21_1_3b,empty,1.3811765238652685e-05
swap_35_shadow_swap,wan21_1_3b,empty,6.96587283164074e-05
swap_36_shadow_swap,wan21_1_3b,empty,-0.0001882581692188
swap_37_shadow_swap,wan21_1_3b,empty,0.0002531003579497
swap_38_shadow_swap,wan21_1_3b,empty,-4.018785431983418e-05
swap_39_shadow_swap,wan21_1_3b,empty,6.671223789453395e-05
swap_40_shadow_swap,wan21_1_3b,empty,0.0001756869256496
swap_41_shadow_swap,wan21_1_3b,empty,5.4429192096028256e-05
swap_42_shadow_swap,wan21_1_3b,empty,7.3839817195942015e-06
swap_43_shadow_swap,wan21_1_3b,empty,7.291452959179434e-05
swap_44_shadow_swap,wan21_1_3b,empty,0.0002148664463311
swap_45_shadow_swap,wan21_1_3b,empty,-8.849082514666984e-06
swap_46_shadow_swap,wan21_1_3b,empty,9.008189663234356e-06
swap_47_shadow_swap,wan21_1_3b,empty,-1.0199835523971856e-05
swap_48_shadow_swap,wan21_1_3b,empty,5.186515860258756e-05
swap_49_shadow_swap,wan21_1_3b,empty,4.280610010029551e-05
swap_50_shadow_swap,wan21_1_3b,empty,-8.497014641783984e-06
swap_51_shadow_swap,wan21_1_3b,empty,0.0001088558509945
swap_52_shadow_swap,wan21_1_3b,empty,5.090825259682075e-05
swap_53_shadow_swap,wan21_1_3b,empty,0.000119496807456
swap_54_shadow_swap,wan21_1_3b,empty,-6.180861964821815e-05
swap_55_shadow_swap,wan21_1_3b,empty,5.222992040218588e-05
swap_56_shadow_swap,wan21_1_3b,empty,-7.515596225859955e-06
swap_57_shadow_swap,wan21_1_3b,empty,0.0001553351990878
swap_58_shadow_swap,wan21_1_3b,empty,8.589690551119578e-06
swap_59_shadow_swap,wan21_1_3b,empty,8.670843206343148e-05
swap_60_shadow_swap,wan21_1_3b,empty,-2.124294638633506e-05
swap_61_shadow_swap,wan21_1_3b,empty,0.0002066061273217
swap_62_shadow_swap,wan21_1_3b,empty,1.1603385210084973e-05
swap_63_shadow_swap,wan21_1_3b,empty,3.482430242005008e-05
swap_64_shadow_swap,wan21_1_3b,empty,0.0001885529141872
swap_65_shadow_swap,wan21_1_3b,empty,4.356432706115188e-05
swap_66_shadow_swap,wan21_1_3b,empty,-6.1228871345297975e-06
swap_67_shadow_swap,wan21_1_3b,empty,9.792539291078596e-05
swap_68_shadow_swap,wan21_1_3b,empty,-4.2192824184911215e-05
swap_69_shadow_swap,wan21_1_3b,empty,1.9954415038214712e-05
swap_70_shadow_swap,wan21_1_3b,empty,-7.250244729220534e-05
swap_71_shadow_swap,wan21_1_3b,empty,0.0001018706336617
swap_72_shadow_swap,wan21_1_3b,empty,-0.0001038342528045
swap_73_shadow_swap,wan21_1_3b,empty,0.0002175804786383
swap_74_shadow_swap,wan21_1_3b,empty,-6.66011683642942e-05
swap_75_shadow_swap,wan21_1_3b,empty,2.326169982555526e-05
swap_76_shadow_swap,wan21_1_3b,empty,-3.7501752376600805e-05
swap_77_shadow_swap,wan21_1_3b,empty,6.283506751059154e-05
swap_78_shadow_swap,wan21_1_3b,empty,-3.377372398974399e-05
swap_79_shadow_swap,wan21_1_3b,empty,4.69104293733813e-05
swap_80_shadow_swap,wan21_1_3b,empty,0.0003352396003901
swap_81_shadow_swap,wan21_1_3b,empty,3.767712041735649e-05
swap_82_shadow_swap,wan21_1_3b,empty,7.573762908583137e-05
swap_83_shadow_swap,wan21_1_3b,empty,6.878202781082643e-05
swap_84_shadow_swap,wan21_1_3b,empty,0.000165081731975
swap_85_shadow_swap,wan21_1_3b,empty,2.120131626723309e-05
swap_86_shadow_swap,wan21_1_3b,empty,-0.000122240409255
swap_87_shadow_swap,wan21_1_3b,empty,0.0001307542063295
swap_88_shadow_swap,wan21_1_3b,empty,0.0001151434332132
swap_89_shadow_swap,wan21_1_3b,empty,0.0002653318829834
swap_90_shadow_swap,wan21_1_3b,empty,0.0001564059872179
swap_91_shadow_swap,wan21_1_3b,empty,5.3893979638813816e-05
swap_92_shadow_swap,wan21_1_3b,empty,6.321916356683e-05
swap_93_shadow_swap,wan21_1_3b,empty,0.0001768295466899
swap_94_shadow_swap,wan21_1_3b,empty,0.0001347518246621
swap_95_shadow_swap,wan21_1_3b,empty,-2.6984876021762805e-05
swap_0_reflection_swap,wan21_1_3b,empty,-3.089134581388264e-05
swap_1_reflection_swap,wan21_1_3b,empty,1.9710306078168927e-05
swap_2_reflection_swap,wan21_1_3b,empty,-6.125580519436569e-05
swap_3_reflection_swap,wan21_1_3b,empty,5.071059800684785e-05
swap_4_reflection_swap,wan21_1_3b,empty,-7.945967838171586e-05
swap_5_reflection_swap,wan21_1_3b,empty,4.401896148922835e-05
swap_6_reflection_swap,wan21_1_3b,empty,-7.335096597615998e-07
swap_7_reflection_swap,wan21_1_3b,empty,-5.982099100965144e-06
swap_8_reflection_swap,wan21_1_3b,empty,9.769843891263565e-05
swap_9_reflection_swap,wan21_1_3b,empty,0.0001343151926994
swap_10_reflection_swap,wan21_1_3b,empty,-3.058198839422932e-05
swap_11_reflection_swap,wan21_1_3b,empty,0.0001305134035647
swap_12_reflection_swap,wan21_1_3b,empty,0.000221389979124
swap_13_reflection_swap,wan21_1_3b,empty,0.0005133805796503
swap_14_reflection_swap,wan21_1_3b,empty,0.0001153576932847
swap_15_reflection_swap,wan21_1_3b,empty,0.0003107531368732
swap_16_reflection_swap,wan21_1_3b,empty,-0.0001324438862502
swap_17_reflection_swap,wan21_1_3b,empty,0.0002002399042248
swap_18_reflection_swap,wan21_1_3b,empty,9.671598672877924e-06
swap_19_reflection_swap,wan21_1_3b,empty,6.065199151636391e-05
swap_20_reflection_swap,wan21_1_3b,empty,6.93604722618868e-05
swap_21_reflection_swap,wan21_1_3b,empty,-0.0001819862332194
swap_22_reflection_swap,wan21_1_3b,empty,7.695424370468551e-05
swap_23_reflection_swap,wan21_1_3b,empty,-0.0001244003977626
swap_24_reflection_swap,wan21_1_3b,empty,0.00035115968436
swap_25_reflection_swap,wan21_1_3b,empty,0.0004714096337556
swap_26_reflection_swap,wan21_1_3b,empty,0.0001997816190123
swap_27_reflection_swap,wan21_1_3b,empty,0.0001236555539071
swap_28_reflection_swap,wan21_1_3b,empty,0.0008634484745561
swap_29_reflection_swap,wan21_1_3b,empty,0.0005188786052167
swap_30_reflection_swap,wan21_1_3b,empty,0.0006177676096558
swap_31_reflection_swap,wan21_1_3b,empty,0.0004438316263258
swap_32_reflection_swap,wan21_1_3b,empty,1.4959834515604342e-07
swap_33_reflection_swap,wan21_1_3b,empty,0.0001414403598755
swap_34_reflection_swap,wan21_1_3b,empty,2.1520070731667618e-05
swap_35_reflection_swap,wan21_1_3b,empty,4.9762688577148495e-05
swap_36_reflection_swap,wan21_1_3b,empty,0.000127778770402
swap_37_reflection_swap,wan21_1_3b,empty,0.000160391870886
swap_38_reflection_swap,wan21_1_3b,empty,7.508207112549847e-05
swap_39_reflection_swap,wan21_1_3b,empty,7.552725262940929e-05
swap_40_reflection_swap,wan21_1_3b,empty,0.00011270259507
swap_41_reflection_swap,wan21_1_3b,empty,0.0002947797253727
swap_42_reflection_swap,wan21_1_3b,empty,3.395874053238601e-05
swap_43_reflection_swap,wan21_1_3b,empty,7.233469747006116e-05
swap_44_reflection_swap,wan21_1_3b,empty,0.0003520763199776
swap_45_reflection_swap,wan21_1_3b,empty,0.000301967523992
swap_46_reflection_swap,wan21_1_3b,empty,0.0001691808272153
swap_47_reflection_swap,wan21_1_3b,empty,0.0001582379173487
swap_48_reflection_swap,wan21_1_3b,empty,0.0004153679125011
swap_49_reflection_swap,wan21_1_3b,empty,-7.092000916600338e-05
swap_50_reflection_swap,wan21_1_3b,empty,0.0001645610854029
swap_51_reflection_swap,wan21_1_3b,empty,8.965496905141701e-05
swap_52_reflection_swap,wan21_1_3b,empty,0.0004144152533263
swap_53_reflection_swap,wan21_1_3b,empty,-8.561243303120691e-05
swap_54_reflection_swap,wan21_1_3b,empty,0.0002031842898577
swap_55_reflection_swap,wan21_1_3b,empty,3.553493879734915e-05
swap_56_reflection_swap,wan21_1_3b,empty,0.0004230922553688
swap_57_reflection_swap,wan21_1_3b,empty,-5.194082856174731e-05
swap_58_reflection_swap,wan21_1_3b,empty,0.0002137494739145
swap_59_reflection_swap,wan21_1_3b,empty,3.572341986002314e-05
swap_60_reflection_swap,wan21_1_3b,empty,0.0006078649498522
swap_61_reflection_swap,wan21_1_3b,empty,0.0009000285714864
swap_62_reflection_swap,wan21_1_3b,empty,0.0004367418587207
swap_63_reflection_swap,wan21_1_3b,empty,0.0008322132751345
swap_64_reflection_swap,wan21_1_3b,empty,0.0001140128169208
swap_65_reflection_swap,wan21_1_3b,empty,1.3809651136509338e-06
swap_66_reflection_swap,wan21_1_3b,empty,-4.422498866918368e-05
swap_67_reflection_swap,wan21_1_3b,empty,0.0001086199097335
swap_68_reflection_swap,wan21_1_3b,empty,0.0006832831352948
swap_69_reflection_swap,wan21_1_3b,empty,0.0004304285999387
swap_70_reflection_swap,wan21_1_3b,empty,0.0003983606118709
swap_71_reflection_swap,wan21_1_3b,empty,0.0002727047633379
swap_72_reflection_swap,wan21_1_3b,empty,-0.0001475673634558
swap_73_reflection_swap,wan21_1_3b,empty,0.0002567401714622
swap_74_reflection_swap,wan21_1_3b,empty,-8.166041225193821e-05
swap_75_reflection_swap,wan21_1_3b,empty,0.0001808103639632
swap_76_reflection_swap,wan21_1_3b,empty,0.0002719170507043
swap_77_reflection_swap,wan21_1_3b,empty,0.0002191251702606
swap_78_reflection_swap,wan21_1_3b,empty,0.0001705235894769
swap_79_reflection_swap,wan21_1_3b,empty,0.0001190212368964
swap_80_reflection_swap,wan21_1_3b,empty,6.0783103108391634e-05
swap_81_reflection_swap,wan21_1_3b,empty,-5.220714956455375e-07
swap_82_reflection_swap,wan21_1_3b,empty,4.094040021296319e-05
swap_83_reflection_swap,wan21_1_3b,empty,2.6555219665158614e-05
swap_84_reflection_swap,wan21_1_3b,empty,0.000245552752167
swap_85_reflection_swap,wan21_1_3b,empty,9.403339587155112e-05
swap_86_reflection_swap,wan21_1_3b,empty,9.9177397787531e-05
swap_87_reflection_swap,wan21_1_3b,empty,-0.0001105655357241
swap_88_reflection_swap,wan21_1_3b,empty,-5.751670338213777e-05
swap_89_reflection_swap,wan21_1_3b,empty,1.6796020790937893e-05
swap_90_reflection_swap,wan21_1_3b,empty,3.0468888580797996e-05
swap_91_reflection_swap,wan21_1_3b,empty,5.332361906768002e-05
swap_92_reflection_swap,wan21_1_3b,empty,0.0001028672885149
swap_93_reflection_swap,wan21_1_3b,empty,0.0001938752271234
swap_94_reflection_swap,wan21_1_3b,empty,-7.103096693758526e-05
swap_95_reflection_swap,wan21_1_3b,empty,0.0002151281293481
swap_0_lightdir_swap,wan21_1_3b,conditional,-2.9622726142375377e-05
swap_1_lightdir_swap,wan21_1_3b,conditional,7.789431139829106e-05
swap_2_lightdir_swap,wan21_1_3b,conditional,1.8845330923777937e-05
swap_3_lightdir_swap,wan21_1_3b,conditional,0.0001761760562658
swap_4_lightdir_swap,wan21_1_3b,conditional,-6.121233105658985e-05
swap_5_lightdir_swap,wan21_1_3b,conditional,4.11424878984934e-05
swap_6_lightdir_swap,wan21_1_3b,conditional,-2.2827312350273687e-05
swap_7_lightdir_swap,wan21_1_3b,conditional,0.0001754647307097
swap_8_lightdir_swap,wan21_1_3b,conditional,6.800341419874179e-05
swap_9_lightdir_swap,wan21_1_3b,conditional,3.227087669072093e-05
swap_10_lightdir_swap,wan21_1_3b,conditional,7.343347184363136e-05
swap_11_lightdir_swap,wan21_1_3b,conditional,7.256897166374454e-05
swap_12_lightdir_swap,wan21_1_3b,conditional,1.517764292653656e-05
swap_13_lightdir_swap,wan21_1_3b,conditional,8.04965384307299e-06
swap_14_lightdir_swap,wan21_1_3b,conditional,5.052051506937438e-05
swap_15_lightdir_swap,wan21_1_3b,conditional,5.799269303680133e-05
swap_16_lightdir_swap,wan21_1_3b,conditional,0.0002090429700911
swap_17_lightdir_swap,wan21_1_3b,conditional,0.0001888778805732
swap_18_lightdir_swap,wan21_1_3b,conditional,0.0001963922102004
swap_19_lightdir_swap,wan21_1_3b,conditional,0.0003245182521641
swap_20_lightdir_swap,wan21_1_3b,conditional,0.000115812709555
swap_21_lightdir_swap,wan21_1_3b,conditional,0.0001667352113872
swap_22_lightdir_swap,wan21_1_3b,conditional,0.0001455170847475
swap_23_lightdir_swap,wan21_1_3b,conditional,0.0003131500445305
swap_24_lightdir_swap,wan21_1_3b,conditional,3.745783120392976e-05
swap_25_lightdir_swap,wan21_1_3b,conditional,0.0001006790623069
swap_26_lightdir_swap,wan21_1_3b,conditional,-9.296033531475125e-06
swap_27_lightdir_swap,wan21_1_3b,conditional,3.240767866372063e-05
swap_28_lightdir_swap,wan21_1_3b,conditional,-8.943870663642717e-05
swap_29_lightdir_swap,wan21_1_3b,conditional,0.0002072726376354
swap_30_lightdir_swap,wan21_1_3b,conditional,-7.392076775432355e-05
swap_31_lightdir_swap,wan21_1_3b,conditional,0.0002102544531226
swap_32_lightdir_swap,wan21_1_3b,conditional,1.5399828553197548e-05
swap_33_lightdir_swap,wan21_1_3b,conditional,6.319239735602666e-05
swap_34_lightdir_swap,wan21_1_3b,conditional,4.2957607656685104e-05
swap_35_lightdir_swap,wan21_1_3b,conditional,0.0001435482129454
swap_36_lightdir_swap,wan21_1_3b,conditional,-9.458402171730328e-05
swap_37_lightdir_swap,wan21_1_3b,conditional,-4.756301641456462e-06
swap_38_lightdir_swap,wan21_1_3b,conditional,1.4846529811624045e-05
swap_39_lightdir_swap,wan21_1_3b,conditional,0.0001097864098847
swap_40_lightdir_swap,wan21_1_3b,conditional,0.0001587242819368
swap_41_lightdir_swap,wan21_1_3b,conditional,0.0001352373883128
swap_42_lightdir_swap,wan21_1_3b,conditional,0.0002972435764968
swap_43_lightdir_swap,wan21_1_3b,conditional,0.0003532698191702
swap_44_lightdir_swap,wan21_1_3b,conditional,0.0001381250098347
swap_45_lightdir_swap,wan21_1_3b,conditional,6.038473919034448e-05
swap_46_lightdir_swap,wan21_1_3b,conditional,0.0002487833797931
swap_47_lightdir_swap,wan21_1_3b,conditional,0.0002378973551094
swap_48_lightdir_swap,wan21_1_3b,conditional,8.318875916307755e-05
swap_49_lightdir_swap,wan21_1_3b,conditional,0.000109572680667
swap_50_lightdir_swap,wan21_1_3b,conditional,0.0001588179543614
swap_51_lightdir_swap,wan21_1_3b,conditional,0.0002096572052687
swap_52_lightdir_swap,wan21_1_3b,conditional,4.216791130599862e-05
swap_53_lightdir_swap,wan21_1_3b,conditional,6.567183881994731e-05
swap_54_lightdir_swap,wan21_1_3b,conditional,0.0001454625837504
swap_55_lightdir_swap,wan21_1_3b,conditional,0.0002492183633148
swap_56_lightdir_swap,wan21_1_3b,conditional,6.574759259822538e-05
swap_57_lightdir_swap,wan21_1_3b,conditional,0.0001598091609776
swap_58_lightdir_swap,wan21_1_3b,conditional,0.000305646546185
swap_59_lightdir_swap,wan21_1_3b,conditional,0.0002781346067786
swap_60_lightdir_swap,wan21_1_3b,conditional,9.38556343316882e-05
swap_61_lightdir_swap,wan21_1_3b,conditional,0.0001593153737485
swap_62_lightdir_swap,wan21_1_3b,conditional,0.0002209573518484
swap_63_lightdir_swap,wan21_1_3b,conditional,0.0002375237271189
swap_64_lightdir_swap,wan21_1_3b,conditional,6.706601008771296e-05
swap_65_lightdir_swap,wan21_1_3b,conditional,0.0001086928881705
swap_66_lightdir_swap,wan21_1_3b,conditional,0.0001530198473482
swap_67_lightdir_swap,wan21_1_3b,conditional,0.0002504237927495
swap_68_lightdir_swap,wan21_1_3b,conditional,7.126714102922982e-05
swap_69_lightdir_swap,wan21_1_3b,conditional,0.0001247270405292
swap_70_lightdir_swap,wan21_1_3b,conditional,0.0001047449093311
swap_71_lightdir_swap,wan21_1_3b,conditional,0.000244252057746
swap_72_lightdir_swap,wan21_1_3b,conditional,0.0002151077985763
swap_73_lightdir_swap,wan21_1_3b,conditional,5.5760685354455664e-05
swap_74_lightdir_swap,wan21_1_3b,conditional,0.0003567141294479
swap_75_lightdir_swap,wan21_1_3b,conditional,7.695965468881849e-05
swap_76_lightdir_swap,wan21_1_3b,conditional,0.0001079984754324
swap_77_lightdir_swap,wan21_1_3b,conditional,-3.134999424211915e-06
swap_78_lightdir_swap,wan21_1_3b,conditional,0.0002320764306932
swap_79_lightdir_swap,wan21_1_3b,conditional,0.0001671065855771
swap_80_lightdir_swap,wan21_1_3b,conditional,7.413208484646772e-05
swap_81_lightdir_swap,wan21_1_3b,conditional,8.595688268539514e-05
swap_82_lightdir_swap,wan21_1_3b,conditional,0.0002184471301734
swap_83_lightdir_swap,wan21_1_3b,conditional,0.0002534986287355
swap_84_lightdir_swap,wan21_1_3b,conditional,0.0001259118318557
swap_85_lightdir_swap,wan21_1_3b,conditional,7.207822054625113e-05
swap_86_lightdir_swap,wan21_1_3b,conditional,0.0002020305022597
swap_87_lightdir_swap,wan21_1_3b,conditional,0.0002309916727245
swap_88_lightdir_swap,wan21_1_3b,conditional,7.05124344676511e-05
swap_89_lightdir_swap,wan21_1_3b,conditional,3.131821751592434e-05
swap_90_lightdir_swap,wan21_1_3b,conditional,0.00023277817294
swap_91_lightdir_swap,wan21_1_3b,conditional,0.000265485132113
swap_92_lightdir_swap,wan21_1_3b,conditional,0.0001271179225295
swap_93_lightdir_swap,wan21_1_3b,conditional,3.7687215954054776e-05
swap_94_lightdir_swap,wan21_1_3b,conditional,0.0001856270153075
swap_95_lightdir_swap,wan21_1_3b,conditional,0.0001536249555647
swap_0_shadow_swap,wan21_1_3b,conditional,5.2042892202744384e-05
swap_1_shadow_swap,wan21_1_3b,conditional,-4.089194349943259e-05
swap_2_shadow_swap,wan21_1_3b,conditional,-8.455077186220183e-06
swap_3_shadow_swap,wan21_1_3b,conditional,-4.91982325911966e-06
swap_4_shadow_swap,wan21_1_3b,conditional,-5.788200534879995e-05
swap_5_shadow_swap,wan21_1_3b,conditional,2.188283950094183e-05
swap_6_shadow_swap,wan21_1_3b,conditional,-7.916062138975388e-05
swap_7_shadow_swap,wan21_1_3b,conditional,4.093727096916855e-05
swap_8_shadow_swap,wan21_1_3b,conditional,-6.545107811692374e-05
swap_9_shadow_swap,wan21_1_3b,conditional,5.624647252262805e-05
swap_10_shadow_swap,wan21_1_3b,conditional,-7.835580036058554e-06
swap_11_shadow_swap,wan21_1_3b,conditional,8.442517369988689e-05
swap_12_shadow_swap,wan21_1_3b,conditional,-0.000146754020825
swap_13_shadow_swap,wan21_1_3b,conditional,0.0001541244331747
swap_14_shadow_swap,wan21_1_3b,conditional,-1.1151935905284738e-06
swap_15_shadow_swap,wan21_1_3b,conditional,1.1373125016686523e-05
swap_16_shadow_swap,wan21_1_3b,conditional,-0.0001830714382231
swap_17_shadow_swap,wan21_1_3b,conditional,7.182970643042352e-05
swap_18_shadow_swap,wan21_1_3b,conditional,-0.0001826247945427
swap_19_shadow_swap,wan21_1_3b,conditional,0.000125657133758
swap_20_shadow_swap,wan21_1_3b,conditional,-0.0001122244447469
swap_21_shadow_swap,wan21_1_3b,conditional,0.0001240956969559
swap_22_shadow_swap,wan21_1_3b,conditional,-5.9261526912449125e-05
swap_23_shadow_swap,wan21_1_3b,conditional,2.2152634337552213e-05
swap_24_shadow_swap,wan21_1_3b,conditional,0.0001263222657144
swap_25_shadow_swap,wan21_1_3b,conditional,9.36630927026727e-05
swap_26_shadow_swap,wan21_1_3b,conditional,6.69762492179482e-06
swap_27_shadow_swap,wan21_1_3b,conditional,0.0001213291566819
swap_28_shadow_swap,wan21_1_3b,conditional,-2.4089757353046304e-05
swap_29_shadow_swap,wan21_1_3b,conditional,3.559719771159542e-06
swap_30_shadow_swap,wan21_1_3b,conditional,-6.681557744742106e-05
swap_31_shadow_swap,wan21_1_3b,conditional,0.0001533698569983
swap_32_shadow_swap,wan21_1_3b,conditional,2.4149473756701623e-06
swap_33_shadow_swap,wan21_1_3b,conditional,0.0001287017669528
swap_34_shadow_swap,wan21_1_3b,conditional,5.85588533430631e-05
swap_35_shadow_swap,wan21_1_3b,conditional,0.0001115471310913
swap_36_shadow_swap,wan21_1_3b,conditional,-0.0001193399820476
swap_37_shadow_swap,wan21_1_3b,conditional,0.0002684645447879
swap_38_shadow_swap,wan21_1_3b,conditional,-4.391986876724208e-05
swap_39_shadow_swap,wan21_1_3b,conditional,6.424711085856183e-05
swap_40_shadow_swap,wan21_1_3b,conditional,0.0002344153169542
swap_41_shadow_swap,wan21_1_3b,conditional,0.0001878298074007
swap_42_shadow_swap,wan21_1_3b,conditional,9.58946999162491e-05
swap_43_shadow_swap,wan21_1_3b,conditional,5.369756370783574e-05
swap_44_shadow_swap,wan21_1_3b,conditional,0.0003018287476152
swap_45_shadow_swap,wan21_1_3b,conditional,-2.616585232317892e-05
swap_46_shadow_swap,wan21_1_3b,conditional,4.398127086460701e-05
swap_47_shadow_swap,wan21_1_3b,conditional,-2.1039992570900945e-05
swap_48_shadow_swap,wan21_1_3b,conditional,3.0164392665038564e-05
swap_49_shadow_swap,wan21_1_3b,conditional,7.324774749579988e-05
swap_50_shadow_swap,wan21_1_3b,conditional,-1.0416544973843034e-05
swap_51_shadow_swap,wan21_1_3b,conditional,7.019896991547481e-05
swap_52_shadow_swap,wan21_1_3b,conditional,9.578792378284184e-06
swap_53_shadow_swap,wan21_1_3b,conditional,0.0001383515354246
swap_54_shadow_swap,wan21_1_3b,conditional,-7.232628762722515e-05
swap_55_shadow_swap,wan21_1_3b,conditional,2.8316937386987928e-05
swap_56_shadow_swap,wan21_1_3b,conditional,0.0001507684215903
swap_57_shadow_swap,wan21_1_3b,conditional,0.0001634251791983
swap_58_shadow_swap,wan21_1_3b,conditional,1.6283588483934075e-05
swap_59_shadow_swap,wan21_1_3b,conditional,0.0001181591115891
swap_60_shadow_swap,wan21_1_3b,conditional,6.921385414900005e-05
swap_61_shadow_swap,wan21_1_3b,conditional,0.0001194483507424
swap_62_shadow_swap,wan21_1_3b,conditional,-3.832174465059901e-05
swap_63_shadow_swap,wan21_1_3b,conditional,5.567817948758103e-05
swap_64_shadow_swap,wan21_1_3b,conditional,0.0001054299995303
swap_65_shadow_swap,wan21_1_3b,conditional,2.8154728934165485e-05
swap_66_shadow_swap,wan21_1_3b,conditional,2.9125902801754863e-05
swap_67_shadow_swap,wan21_1_3b,conditional,0.0001089387852698
swap_68_shadow_swap,wan21_1_3b,conditional,-0.0001308448333293
swap_69_shadow_swap,wan21_1_3b,conditional,0.0001865302771329
swap_70_shadow_swap,wan21_1_3b,conditional,-1.0633897036316233e-05
swap_71_shadow_swap,wan21_1_3b,conditional,4.300170578061535e-05
swap_72_shadow_swap,wan21_1_3b,conditional,-5.203180946408703e-05
swap_73_shadow_swap,wan21_1_3b,conditional,0.000162405623123
swap_74_shadow_swap,wan21_1_3b,conditional,-3.590743057428625e-05
swap_75_shadow_swap,wan21_1_3b,conditional,6.341738626319815e-06
swap_76_shadow_swap,wan21_1_3b,conditional,3.164641559125214e-05
swap_77_shadow_swap,wan21_1_3b,conditional,0.0001123302709311
swap_78_shadow_swap,wan21_1_3b,conditional,-4.631008021536986e-05
swap_79_shadow_swap,wan21_1_3b,conditional,2.385852858423354e-05
swap_80_shadow_swap,wan21_1_3b,conditional,0.0002510417159646
swap_81_shadow_swap,wan21_1_3b,conditional,0.0001178892515599
swap_82_shadow_swap,wan21_1_3b,conditional,4.999604076146025e-05
swap_83_shadow_swap,wan21_1_3b,conditional,0.0001308610849081
swap_84_shadow_swap,wan21_1_3b,conditional,0.0001217784546315
swap_85_shadow_swap,wan21_1_3b,conditional,3.1489841640003347e-05
swap_86_shadow_swap,wan21_1_3b,conditional,-0.0001080081053078
swap_87_shadow_swap,wan21_1_3b,conditional,0.0001210884563624
swap_88_shadow_swap,wan21_1_3b,conditional,0.0001675143279135
swap_89_shadow_swap,wan21_1_3b,conditional,0.0002944703958928
swap_90_shadow_swap,wan21_1_3b,conditional,0.0001817792002111
swap_91_shadow_swap,wan21_1_3b,conditional,-2.347741276027826e-05
swap_92_shadow_swap,wan21_1_3b,conditional,0.0001123107224702
swap_93_shadow_swap,wan21_1_3b,conditional,0.0001743661798536
swap_94_shadow_swap,wan21_1_3b,conditional,0.0001045385655015
swap_95_shadow_swap,wan21_1_3b,conditional,4.015546292064631e-05
swap_0_reflection_swap,wan21_1_3b,conditional,-1.946486532686253e-05
swap_1_reflection_swap,wan21_1_3b,conditional,7.875381037594775e-05
swap_2_reflection_swap,wan21_1_3b,conditional,-3.998253494502668e-05
swap_3_reflection_swap,wan21_1_3b,conditional,5.076227709653602e-05
swap_4_reflection_swap,wan21_1_3b,conditional,-1.924523152406488e-05
swap_5_reflection_swap,wan21_1_3b,conditional,3.614082932472396e-05
swap_6_reflection_swap,wan21_1_3b,conditional,-2.2655930370082955e-05
swap_7_reflection_swap,wan21_1_3b,conditional,1.1840416118485964e-05
swap_8_reflection_swap,wan21_1_3b,conditional,0.0001169043593108
swap_9_reflection_swap,wan21_1_3b,conditional,0.000188808813691
swap_10_reflection_swap,wan21_1_3b,conditional,-4.228213801978076e-05
swap_11_reflection_swap,wan21_1_3b,conditional,0.0001656582206487
swap_12_reflection_swap,wan21_1_3b,conditional,0.0002437938190996
swap_13_reflection_swap,wan21_1_3b,conditional,0.0004601082205772
swap_14_reflection_swap,wan21_1_3b,conditional,0.0001248587947338
swap_15_reflection_swap,wan21_1_3b,conditional,0.0003113382868468
swap_16_reflection_swap,wan21_1_3b,conditional,-6.002465263006685e-05
swap_17_reflection_swap,wan21_1_3b,conditional,0.0001175733376294
swap_18_reflection_swap,wan21_1_3b,conditional,-2.0785946398982347e-05
swap_19_reflection_swap,wan21_1_3b,conditional,7.79857486485902e-05
swap_20_reflection_swap,wan21_1_3b,conditional,7.359877228736711e-05
swap_21_reflection_swap,wan21_1_3b,conditional,-0.0002331987489014
swap_22_reflection_swap,wan21_1_3b,conditional,6.419766694308604e-05
swap_23_reflection_swap,wan21_1_3b,conditional,-0.0001343642175197
swap_24_reflection_swap,wan21_1_3b,conditional,0.0002702833712101
swap_25_reflection_swap,wan21_1_3b,conditional,0.0004794049821793
swap_26_reflection_swap,wan21_1_3b,conditional,0.0002539696358143
swap_27_reflection_swap,wan21_1_3b,conditional,0.0002619899995625
swap_28_reflection_swap,wan21_1_3b,conditional,0.0007344313338398
swap_29_reflection_swap,wan21_1_3b,conditional,0.0004040194489061
swap_30_reflection_swap,wan21_1_3b,conditional,0.0007642756402492
swap_31_reflection_swap,wan21_1_3b,conditional,0.000623238235712
swap_32_reflection_swap,wan21_1_3b,conditional,-4.166916012764144e-05
swap_33_reflection_swap,wan21_1_3b,conditional,0.000148560591042
swap_34_reflection_swap,wan21_1_3b,conditional,-1.7017833888494094e-05
swap_35_reflection_swap,wan21_1_3b,conditional,5.996235646303638e-05
swap_36_reflection_swap,wan21_1_3b,conditional,0.000153664285317
swap_37_reflection_swap,wan21_1_3b,conditional,0.0001862045936286
swap_38_reflection_swap,wan21_1_3b,conditional,4.090559668834537e-05
swap_39_reflection_swap,wan21_1_3b,conditional,7.372703403234204e-05
swap_40_reflection_swap,wan21_1_3b,conditional,0.0001165540423244
swap_41_reflection_swap,wan21_1_3b,conditional,0.0002748931851237
swap_42_reflection_swap,wan21_1_3b,conditional,8.554699830709556e-05
swap_43_reflection_swap,wan21_1_3b,conditional,0.0001069003809243
swap_44_reflection_swap,wan21_1_3b,conditional,0.0003420120384544
swap_45_reflection_swap,wan21_1_3b,conditional,0.0003319486789405
swap_46_reflection_swap,wan21_1_3b,conditional,0.0001770961750299
swap_47_reflection_swap,wan21_1_3b,conditional,0.0002806197758764
swap_48_reflection_swap,wan21_1_3b,conditional,0.0004451622068882
swap_49_reflection_swap,wan21_1_3b,conditional,5.026207305491859e-05
swap_50_reflection_swap,wan21_1_3b,conditional,0.0002150632347911
swap_51_reflection_swap,wan21_1_3b,conditional,0.0001397934090346
swap_52_reflection_swap,wan21_1_3b,conditional,0.0005113074555992
swap_53_reflection_swap,wan21_1_3b,conditional,-6.956448778530633e-06
swap_54_reflection_swap,wan21_1_3b,conditional,0.0003209861088544
swap_55_reflection_swap,wan21_1_3b,conditional,0.0001808425784111
swap_56_reflection_swap,wan21_1_3b,conditional,0.0005592198763042
swap_57_reflection_swap,wan21_1_3b,conditional,-8.061753585934806e-05
swap_58_reflection_swap,wan21_1_3b,conditional,0.0003238673880696
swap_59_reflection_swap,wan21_1_3b,conditional,0.0001428188569843
swap_60_reflection_swap,wan21_1_3b,conditional,0.0006410717219114
swap_61_reflection_swap,wan21_1_3b,conditional,0.0008727480471134
swap_62_reflection_swap,wan21_1_3b,conditional,0.0004723365418612
swap_63_reflection_swap,wan21_1_3b,conditional,0.0009415644034743
swap_64_reflection_swap,wan21_1_3b,conditional,3.642462193967355e-05
swap_65_reflection_swap,wan21_1_3b,conditional,8.867514319718661e-05
swap_66_reflection_swap,wan21_1_3b,conditional,-5.051274783909876e-05
swap_67_reflection_swap,wan21_1_3b,conditional,9.62368305772454e-05
swap_68_reflection_swap,wan21_1_3b,conditional,0.0007632337324321
swap_69_reflection_swap,wan21_1_3b,conditional,0.0006057659443467
swap_70_reflection_swap,wan21_1_3b,conditional,0.0004570626933128
swap_71_reflection_swap,wan21_1_3b,conditional,0.0004517559707164
swap_72_reflection_swap,wan21_1_3b,conditional,-4.1933935135574085e-05
swap_73_reflection_swap,wan21_1_3b,conditional,0.0001956965681165
swap_74_reflection_swap,wan21_1_3b,conditional,-1.3262741267644484e-05
swap_75_reflection_swap,wan21_1_3b,conditional,0.0001107196044176
swap_76_reflection_swap,wan21_1_3b,conditional,0.0002565154246985
swap_77_reflection_swap,wan21_1_3b,conditional,0.0001898249238729
swap_78_reflection_swap,wan21_1_3b,conditional,0.0001172613352537
swap_79_reflection_swap,wan21_1_3b,conditional,0.0001048226747661
swap_80_reflection_swap,wan21_1_3b,conditional,0.0001062662992626
swap_81_reflection_swap,wan21_1_3b,conditional,4.0887100622055694e-05
swap_82_reflection_swap,wan21_1_3b,conditional,-2.8400234878114827e-05
swap_83_reflection_swap,wan21_1_3b,conditional,3.196339122950309e-05
swap_84_reflection_swap,wan21_1_3b,conditional,0.0002775256708264
swap_85_reflection_swap,wan21_1_3b,conditional,8.69069993495869e-05
swap_86_reflection_swap,wan21_1_3b,conditional,0.0001783358491957
swap_87_reflection_swap,wan21_1_3b,conditional,-0.0001386332791298
swap_88_reflection_swap,wan21_1_3b,conditional,1.3049067929385427e-05
swap_89_reflection_swap,wan21_1_3b,conditional,3.338690847155823e-05
swap_90_reflection_swap,wan21_1_3b,conditional,3.619666211304717e-05
swap_91_reflection_swap,wan21_1_3b,conditional,8.731922134755377e-06
swap_92_reflection_swap,wan21_1_3b,conditional,8.538389578460759e-05
swap_93_reflection_swap,wan21_1_3b,conditional,0.0002236182801425
swap_94_reflection_swap,wan21_1_3b,conditional,-0.000219051297754
swap_95_reflection_swap,wan21_1_3b,conditional,0.0003139365185052
swap_0_lightdir_swap,sdxl,empty,-0.0001980232843197
swap_1_lightdir_swap,sdxl,empty,0.0005071667931042
swap_2_lightdir_swap,sdxl,empty,-0.0004696524562314
swap_3_lightdir_swap,sdxl,empty,2.0839362405239426e-05
swap_4_lightdir_swap,sdxl,empty,-6.435503717511226e-05
swap_5_lightdir_swap,sdxl,empty,4.882631357758238e-05
swap_6_lightdir_swap,sdxl,empty,0.000498017007485
swap_7_lightdir_swap,sdxl,empty,-0.0004172806837596
swap_8_lightdir_swap,sdxl,empty,0.0001234455429948
swap_9_lightdir_swap,sdxl,empty,0.0003366339253261
swap_10_lightdir_swap,sdxl,empty,0.0001281135273165
swap_11_lightdir_swap,sdxl,empty,0.0008727417746558
swap_12_lightdir_swap,sdxl,empty,-0.0003553968737833
swap_13_lightdir_swap,sdxl,empty,0.0003682231320999
swap_14_lightdir_swap,sdxl,empty,-0.0002805047365836
swap_15_lightdir_swap,sdxl,empty,0.0001923267357051
swap_16_lightdir_swap,sdxl,empty,0.0012015361990779
swap_17_lightdir_swap,sdxl,empty,0.0002928843954577
swap_18_lightdir_swap,sdxl,empty,0.0003777926578186
swap_19_lightdir_swap,sdxl,empty,0.0002845567348413
swap_20_lightdir_swap,sdxl,empty,0.0001499396609142
swap_21_lightdir_swap,sdxl,empty,0.0004260777542367
swap_22_lightdir_swap,sdxl,empty,0.000107082852628
swap_23_lightdir_swap,sdxl,empty,0.0008492940827272
swap_24_lightdir_swap,sdxl,empty,0.0006558355735614
swap_25_lightdir_swap,sdxl,empty,-0.0005874637258239
swap_26_lightdir_swap,sdxl,empty,0.0007369399466551
swap_27_lightdir_swap,sdxl,empty,-5.111628212035868e-05
swap_28_lightdir_swap,sdxl,empty,0.0003831195039674
swap_29_lightdir_swap,sdxl,empty,0.0002494664210826
swap_30_lightdir_swap,sdxl,empty,0.0004213810921646
swap_31_lightdir_swap,sdxl,empty,-0.0003161251172423
swap_32_lightdir_swap,sdxl,empty,0.0002047284832224
swap_33_lightdir_swap,sdxl,empty,-0.0003072328818961
swap_34_lightdir_swap,sdxl,empty,0.0004418631177395
swap_35_lightdir_swap,sdxl,empty,0.0001721766893751
swap_36_lightdir_swap,sdxl,empty,0.0006802136520855
swap_37_lightdir_swap,sdxl,empty,-2.647685585543957e-05
swap_38_lightdir_swap,sdxl,empty,0.0004284535674378
swap_39_lightdir_swap,sdxl,empty,6.731111789122501e-05
swap_40_lightdir_swap,sdxl,empty,0.0003782270057126
swap_41_lightdir_swap,sdxl,empty,-6.528672995045892e-05
swap_42_lightdir_swap,sdxl,empty,0.0002923947991803
swap_43_lightdir_swap,sdxl,empty,0.0004316684696823
swap_44_lightdir_swap,sdxl,empty,0.000506280423142
swap_45_lightdir_swap,sdxl,empty,-0.0001692674634978
swap_46_lightdir_swap,sdxl,empty,0.0002139761834405
swap_47_lightdir_swap,sdxl,empty,-0.0001799301663413
swap_48_lightdir_swap,sdxl,empty,0.0004749018582515
swap_49_lightdir_swap,sdxl,empty,-0.000269735159818
swap_50_lightdir_swap,sdxl,empty,0.000234713058453
swap_51_lightdir_swap,sdxl,empty,8.291694335639532e-05
swap_52_lightdir_swap,sdxl,empty,0.0005693725869059
swap_53_lightdir_swap,sdxl,empty,-0.0001958133769221
swap_54_lightdir_swap,sdxl,empty,0.0002147610276006
swap_55_lightdir_swap,sdxl,empty,0.0003745275363326
swap_56_lightdir_swap,sdxl,empty,0.0006213810341432
swap_57_lightdir_swap,sdxl,empty,6.654441822320778e-05
swap_58_lightdir_swap,sdxl,empty,0.0003630735375918
swap_59_lightdir_swap,sdxl,empty,0.0010961556690745
swap_60_lightdir_swap,sdxl,empty,-5.818304372952332e-05
swap_61_lightdir_swap,sdxl,empty,0.000205071689561
swap_62_lightdir_swap,sdxl,empty,0.0001174915232695
swap_63_lightdir_swap,sdxl,empty,0.0011177655099891
swap_64_lightdir_swap,sdxl,empty,0.0005830772989429
swap_65_lightdir_swap,sdxl,empty,0.0002643174375407
swap_66_lightdir_swap,sdxl,empty,0.0006592556717805
swap_67_lightdir_swap,sdxl,empty,-1.817094162107069e-05
swap_68_lightdir_swap,sdxl,empty,0.0006780966930091
swap_69_lightdir_swap,sdxl,empty,-0.0008038954157382
swap_70_lightdir_swap,sdxl,empty,0.000476095159538
swap_71_lightdir_swap,sdxl,empty,0.0001341603766195
swap_72_lightdir_swap,sdxl,empty,0.0015784969390369
swap_73_lightdir_swap,sdxl,empty,-0.0002066552918404
swap_74_lightdir_swap,sdxl,empty,0.0020569285983219
swap_75_lightdir_swap,sdxl,empty,-0.0004037518263794
swap_76_lightdir_swap,sdxl,empty,0.0009498244686983
swap_77_lightdir_swap,sdxl,empty,-0.000650099213235
swap_78_lightdir_swap,sdxl,empty,0.0014512277580797
swap_79_lightdir_swap,sdxl,empty,-0.0004677512380294
swap_80_lightdir_swap,sdxl,empty,9.623787831515572e-05
swap_81_lightdir_swap,sdxl,empty,0.0005869150534272
swap_82_lightdir_swap,sdxl,empty,0.0004629283118992
swap_83_lightdir_swap,sdxl,empty,0.0003345410455949
swap_84_lightdir_swap,sdxl,empty,0.0002271731500513
swap_85_lightdir_swap,sdxl,empty,0.0011416713707149
swap_86_lightdir_swap,sdxl,empty,0.0003736647334881
swap_87_lightdir_swap,sdxl,empty,0.0001971841184422
swap_88_lightdir_swap,sdxl,empty,0.0005131677608005
swap_89_lightdir_swap,sdxl,empty,0.0003927858034148
swap_90_lightdir_swap,sdxl,empty,0.0003497043484821
swap_91_lightdir_swap,sdxl,empty,0.0004943326162174
swap_92_lightdir_swap,sdxl,empty,0.0005442409287206
swap_93_lightdir_swap,sdxl,empty,-0.0004692013049498
swap_94_lightdir_swap,sdxl,empty,0.0006543659046292
swap_95_lightdir_swap,sdxl,empty,0.0003731129434891
swap_0_shadow_swap,sdxl,empty,0.0008137630240526
swap_1_shadow_swap,sdxl,empty,-0.0010552371491212
swap_2_shadow_swap,sdxl,empty,0.0004451338364742
swap_3_shadow_swap,sdxl,empty,-0.0005683117790613
swap_4_shadow_swap,sdxl,empty,0.001759285867447
swap_5_shadow_swap,sdxl,empty,-0.0019028875790536
swap_6_shadow_swap,sdxl,empty,0.0007557198905851
swap_7_shadow_swap,sdxl,empty,-0.0013949565158691
swap_8_shadow_swap,sdxl,empty,0.0003560641617514
swap_9_shadow_swap,sdxl,empty,-0.001050790840527
swap_10_shadow_swap,sdxl,empty,-0.0003011277678888
swap_11_shadow_swap,sdxl,empty,-0.0006834709853865
swap_12_shadow_swap,sdxl,empty,0.0005682913097552
swap_13_shadow_swap,sdxl,empty,-0.0013742579845711
swap_14_shadow_swap,sdxl,empty,0.0007112401002086
swap_15_shadow_swap,sdxl,empty,-0.0014075732056517
swap_16_shadow_swap,sdxl,empty,0.0029048768663778
swap_17_shadow_swap,sdxl,empty,-0.0030057627125643
swap_18_shadow_swap,sdxl,empty,-0.0004621656192466
swap_19_shadow_swap,sdxl,empty,0.0003332159726414
swap_20_shadow_swap,sdxl,empty,-2.840548288077227e-05
swap_21_shadow_swap,sdxl,empty,-0.0010736003075726
swap_22_shadow_swap,sdxl,empty,-0.0006635510805062
swap_23_shadow_swap,sdxl,empty,6.153175607323536e-05
swap_24_shadow_swap,sdxl,empty,0.0020728542527649
swap_25_shadow_swap,sdxl,empty,-0.0014758811332285
swap_26_shadow_swap,sdxl,empty,0.0010834381612949
swap_27_shadow_swap,sdxl,empty,-0.0006445665191859
swap_28_shadow_swap,sdxl,empty,0.0006801863666623
swap_29_shadow_swap,sdxl,empty,-0.0005696255364455
swap_30_shadow_swap,sdxl,empty,0.0015073263132944
swap_31_shadow_swap,sdxl,empty,-0.0014266727492213
swap_32_shadow_swap,sdxl,empty,0.0006001658109016
swap_33_shadow_swap,sdxl,empty,-0.0003172587498556
swap_34_shadow_swap,sdxl,empty,0.0005511731700971
swap_35_shadow_swap,sdxl,empty,-0.0004158992564771
swap_36_shadow_swap,sdxl,empty,0.0009946383023634
swap_37_shadow_swap,sdxl,empty,-0.0004540794913191
swap_38_shadow_swap,sdxl,empty,0.0007410096563398
swap_39_shadow_swap,sdxl,empty,-0.0007047574827447
swap_40_shadow_swap,sdxl,empty,0.0009965524135623
swap_41_shadow_swap,sdxl,empty,-0.0004306404781527
swap_42_shadow_swap,sdxl,empty,0.001920175118139
swap_43_shadow_swap,sdxl,empty,-0.0019268601154908
swap_44_shadow_swap,sdxl,empty,0.0006371265044435
swap_45_shadow_swap,sdxl,empty,-0.0008053611475042
swap_46_shadow_swap,sdxl,empty,0.0016378196387086
swap_47_shadow_swap,sdxl,empty,-0.0016235395381227
swap_48_shadow_swap,sdxl,empty,0.0014537010388448
swap_49_shadow_swap,sdxl,empty,-0.0013294374686665
swap_50_shadow_swap,sdxl,empty,0.0003870017232839
swap_51_shadow_swap,sdxl,empty,0.0008312763029243
swap_52_shadow_swap,sdxl,empty,0.0007648315280675
swap_53_shadow_swap,sdxl,empty,-0.0005091551155783
swap_54_shadow_swap,sdxl,empty,5.012330133467857e-05
swap_55_shadow_swap,sdxl,empty,-4.1519982041784975e-05
swap_56_shadow_swap,sdxl,empty,0.0003937588329426
swap_57_shadow_swap,sdxl,empty,-0.0011323492415249
swap_58_shadow_swap,sdxl,empty,0.0007473083829972
swap_59_shadow_swap,sdxl,empty,-0.0012290393433068
swap_60_shadow_swap,sdxl,empty,0.0009906987356953
swap_61_shadow_swap,sdxl,empty,-0.0015021416358649
swap_62_shadow_swap,sdxl,empty,-0.000320837914478
swap_63_shadow_swap,sdxl,empty,-3.6981948651371166e-05
swap_64_shadow_swap,sdxl,empty,0.0026601641753222
swap_65_shadow_swap,sdxl,empty,-0.0015457928110845
swap_66_shadow_swap,sdxl,empty,0.0004074836615473
swap_67_shadow_swap,sdxl,empty,-0.0004073902219533
swap_68_shadow_swap,sdxl,empty,-0.0001132026035338
swap_69_shadow_swap,sdxl,empty,0.0005924852984026
swap_70_shadow_swap,sdxl,empty,0.001045456881402
swap_71_shadow_swap,sdxl,empty,-0.0014971077931113
swap_72_shadow_swap,sdxl,empty,0.0014690706960391
swap_73_shadow_swap,sdxl,empty,-0.001097976504825
swap_74_shadow_swap,sdxl,empty,0.0005842913128435
swap_75_shadow_swap,sdxl,empty,-0.0003765958524309
swap_76_shadow_swap,sdxl,empty,0.000724902129732
swap_77_shadow_swap,sdxl,empty,-0.0004013449163176
swap_78_shadow_swap,sdxl,empty,-0.0002095295442268
swap_79_shadow_swap,sdxl,empty,2.7562258765101436e-05
swap_80_shadow_swap,sdxl,empty,0.001418255448807
swap_81_shadow_swap,sdxl,empty,-0.0007249084487557
swap_82_shadow_swap,sdxl,empty,0.000788374596741
swap_83_shadow_swap,sdxl,empty,-1.6970003489408247e-05
swap_84_shadow_swap,sdxl,empty,0.0023324896441772
swap_85_shadow_swap,sdxl,empty,-0.0013129499508068
swap_86_shadow_swap,sdxl,empty,-0.0008601122663822
swap_87_shadow_swap,sdxl,empty,0.0008498941513244
swap_88_shadow_swap,sdxl,empty,0.0020667709701228
swap_89_shadow_swap,sdxl,empty,-0.0007208541431464
swap_90_shadow_swap,sdxl,empty,0.0018116378458216
swap_91_shadow_swap,sdxl,empty,-0.0006794274668209
swap_92_shadow_swap,sdxl,empty,0.0019664827664382
swap_93_shadow_swap,sdxl,empty,-0.0001361501775681
swap_94_shadow_swap,sdxl,empty,0.0014551604958251
swap_95_shadow_swap,sdxl,empty,-0.0003323577763512
swap_0_reflection_swap,sdxl,empty,0.0015121005428954
swap_1_reflection_swap,sdxl,empty,-0.0015407543675974
swap_2_reflection_swap,sdxl,empty,0.001038628508104
swap_3_reflection_swap,sdxl,empty,-4.724798141977904e-05
swap_4_reflection_swap,sdxl,empty,-9.773223660886066e-05
swap_5_reflection_swap,sdxl,empty,-0.0004636507527902
swap_6_reflection_swap,sdxl,empty,0.0006642472185194
swap_7_reflection_swap,sdxl,empty,-0.0001911625463981
swap_8_reflection_swap,sdxl,empty,0.0009922147577162
swap_9_reflection_swap,sdxl,empty,-9.644821286201866e-05
swap_10_reflection_swap,sdxl,empty,0.0008863581705372
swap_11_reflection_swap,sdxl,empty,-0.0007768186554312
swap_12_reflection_swap,sdxl,empty,0.0019974049355369
swap_13_reflection_swap,sdxl,empty,-8.205737569369487e-05
swap_14_reflection_swap,sdxl,empty,0.0003924512967932
swap_15_reflection_swap,sdxl,empty,0.0004084441624581
swap_16_reflection_swap,sdxl,empty,0.0038181618438102
swap_17_reflection_swap,sdxl,empty,-0.0016732463426887
swap_18_reflection_swap,sdxl,empty,0.0018595174571964
swap_19_reflection_swap,sdxl,empty,-0.0010121939913369
swap_20_reflection_swap,sdxl,empty,0.0020130398357287
swap_21_reflection_swap,sdxl,empty,-0.0008402585342992
swap_22_reflection_swap,sdxl,empty,0.0008985393354669
swap_23_reflection_swap,sdxl,empty,0.0001901434781029
swap_24_reflection_swap,sdxl,empty,0.0020068413298577
swap_25_reflection_swap,sdxl,empty,0.0006840878934599
swap_26_reflection_swap,sdxl,empty,0.0002634768397547
swap_27_reflection_swap,sdxl,empty,0.0012264872272498
swap_28_reflection_swap,sdxl,empty,0.0043447735800873
swap_29_reflection_swap,sdxl,empty,-0.0011068805784452
swap_30_reflection_swap,sdxl,empty,0.001733189667575
swap_31_reflection_swap,sdxl,empty,0.0014563282742165
swap_32_reflection_swap,sdxl,empty,0.0015814919886179
swap_33_reflection_swap,sdxl,empty,-0.0008651505666784
swap_34_reflection_swap,sdxl,empty,0.0005361664528027
swap_35_reflection_swap,sdxl,empty,-0.0009057507338002
swap_36_reflection_swap,sdxl,empty,0.0027060107223223
swap_37_reflection_swap,sdxl,empty,-0.0015552457526791
swap_38_reflection_swap,sdxl,empty,0.0010084577731322
swap_39_reflection_swap,sdxl,empty,-0.0007134964095894
swap_40_reflection_swap,sdxl,empty,-0.0001359904406126
swap_41_reflection_swap,sdxl,empty,0.000359945440432
swap_42_reflection_swap,sdxl,empty,0.0012213148432783
swap_43_reflection_swap,sdxl,empty,6.736600771550805e-06
swap_44_reflection_swap,sdxl,empty,0.0008990956249181
swap_45_reflection_swap,sdxl,empty,-0.0001785046991426
swap_46_reflection_swap,sdxl,empty,2.2779335267925083e-06
swap_47_reflection_swap,sdxl,empty,0.0006053343892563
swap_48_reflection_swap,sdxl,empty,0.0035351913084741
swap_49_reflection_swap,sdxl,empty,-0.0013896988693159
swap_50_reflection_swap,sdxl,empty,0.0023378800577484
swap_51_reflection_swap,sdxl,empty,0.0010063885978888
swap_52_reflection_swap,sdxl,empty,0.0034391370485536
swap_53_reflection_swap,sdxl,empty,-0.0010640933539252
swap_54_reflection_swap,sdxl,empty,0.002262094937032
swap_55_reflection_swap,sdxl,empty,-5.474117235280962e-05
swap_56_reflection_swap,sdxl,empty,0.0034438849485013
swap_57_reflection_swap,sdxl,empty,-0.0002957101515494
swap_58_reflection_swap,sdxl,empty,0.0025068128074053
swap_59_reflection_swap,sdxl,empty,0.000296931216726
swap_60_reflection_swap,sdxl,empty,0.0049092572880908
swap_61_reflection_swap,sdxl,empty,0.0011200802598614
swap_62_reflection_swap,sdxl,empty,0.0030600737908389
swap_63_reflection_swap,sdxl,empty,0.0024298886861652
swap_64_reflection_swap,sdxl,empty,0.001631897825282
swap_65_reflection_swap,sdxl,empty,-0.0007118714461103
swap_66_reflection_swap,sdxl,empty,0.0003461862064432
swap_67_reflection_swap,sdxl,empty,-0.0008741050073877
swap_68_reflection_swap,sdxl,empty,0.001629991865484
swap_69_reflection_swap,sdxl,empty,-0.0002390513813588
swap_70_reflection_swap,sdxl,empty,0.0010857645189389
swap_71_reflection_swap,sdxl,empty,1.8407099414613493e-05
swap_72_reflection_swap,sdxl,empty,0.0017181569547392
swap_73_reflection_swap,sdxl,empty,-0.0007954279182013
swap_74_reflection_swap,sdxl,empty,0.0003543113835621
swap_75_reflection_swap,sdxl,empty,-0.0001448391878511
swap_76_reflection_swap,sdxl,empty,0.002257739653578
swap_77_reflection_swap,sdxl,empty,-0.0009192968369461
swap_78_reflection_swap,sdxl,empty,0.0008595796534791
swap_79_reflection_swap,sdxl,empty,-0.0004271889501251
swap_80_reflection_swap,sdxl,empty,0.0033713016356341
swap_81_reflection_swap,sdxl,empty,-0.0022531567641999
swap_82_reflection_swap,sdxl,empty,0.0009672464174218
swap_83_reflection_swap,sdxl,empty,0.000135048511438
swap_84_reflection_swap,sdxl,empty,0.0022560012980829
swap_85_reflection_swap,sdxl,empty,-0.0019835231616161
swap_86_reflection_swap,sdxl,empty,0.0010770936950575
swap_87_reflection_swap,sdxl,empty,1.010954147215304e-06
swap_88_reflection_swap,sdxl,empty,0.0038357215782161
swap_89_reflection_swap,sdxl,empty,-0.0026541818934492
swap_90_reflection_swap,sdxl,empty,0.000200257821707
swap_91_reflection_swap,sdxl,empty,7.966688135638278e-05
swap_92_reflection_swap,sdxl,empty,0.0041123452538158
swap_93_reflection_swap,sdxl,empty,-0.0027139369479846
swap_94_reflection_swap,sdxl,empty,0.0001716531033161
swap_95_reflection_swap,sdxl,empty,-6.29112590104508e-06
swap_0_lightdir_swap,sdxl,conditional,-0.000234686161857
swap_1_lightdir_swap,sdxl,conditional,0.000260307455901
swap_2_lightdir_swap,sdxl,conditional,-0.0005088119092397
swap_3_lightdir_swap,sdxl,conditional,-8.420134661718537e-05
swap_4_lightdir_swap,sdxl,conditional,6.695818388835484e-05
swap_5_lightdir_swap,sdxl,conditional,0.0001008016243577
swap_6_lightdir_swap,sdxl,conditional,0.0005625172005966
swap_7_lightdir_swap,sdxl,conditional,-0.0003294011205434
swap_8_lightdir_swap,sdxl,conditional,0.0002175322768744
swap_9_lightdir_swap,sdxl,conditional,0.0003785014245659
swap_10_lightdir_swap,sdxl,conditional,0.0001626328460406
swap_11_lightdir_swap,sdxl,conditional,0.0008188211359083
swap_12_lightdir_swap,sdxl,conditional,-0.0003927931608632
swap_13_lightdir_swap,sdxl,conditional,0.0003399310307577
swap_14_lightdir_swap,sdxl,conditional,-0.0002125408279243
swap_15_lightdir_swap,sdxl,conditional,0.0002362907794304
swap_16_lightdir_swap,sdxl,conditional,0.0013253140286542
swap_17_lightdir_swap,sdxl,conditional,0.0002026568446308
swap_18_lightdir_swap,sdxl,conditional,0.0005327792256139
swap_19_lightdir_swap,sdxl,conditional,0.0002437894861213
swap_20_lightdir_swap,sdxl,conditional,0.0002639482473023
swap_21_lightdir_swap,sdxl,conditional,0.0004088747524656
swap_22_lightdir_swap,sdxl,conditional,0.000234244109597
swap_23_lightdir_swap,sdxl,conditional,0.0007681241026148
swap_24_lightdir_swap,sdxl,conditional,0.0004511383548378
swap_25_lightdir_swap,sdxl,conditional,-0.0005435722065158
swap_26_lightdir_swap,sdxl,conditional,0.000819311433006
swap_27_lightdir_swap,sdxl,conditional,-0.0002311340649612
swap_28_lightdir_swap,sdxl,conditional,9.553526528180424e-05
swap_29_lightdir_swap,sdxl,conditional,0.0002732621016912
swap_30_lightdir_swap,sdxl,conditional,0.0004123420547693
swap_31_lightdir_swap,sdxl,conditional,-0.0002915134001523
swap_32_lightdir_swap,sdxl,conditional,0.0002626751945354
swap_33_lightdir_swap,sdxl,conditional,-0.0002690298389643
swap_34_lightdir_swap,sdxl,conditional,0.0004311802098527
swap_35_lightdir_swap,sdxl,conditional,0.0001971211167983
swap_36_lightdir_swap,sdxl,conditional,0.000787656395696
swap_37_lightdir_swap,sdxl,conditional,-0.0001399905281141
swap_38_lightdir_swap,sdxl,conditional,0.0003564683580771
swap_39_lightdir_swap,sdxl,conditional,-7.744338363410708e-06
swap_40_lightdir_swap,sdxl,conditional,0.0004880784125998
swap_41_lightdir_swap,sdxl,conditional,-0.000124852922745
swap_42_lightdir_swap,sdxl,conditional,0.0001517119584605
swap_43_lightdir_swap,sdxl,conditional,0.0004205298563465
swap_44_lightdir_swap,sdxl,conditional,0.0005015248688869
swap_45_lightdir_swap,sdxl,conditional,-9.44699347019129e-05
swap_46_lightdir_swap,sdxl,conditional,0.0001522362651303
swap_47_lightdir_swap,sdxl,conditional,-0.0001773198368027
swap_48_lightdir_swap,sdxl,conditional,0.0005369997443631
swap_49_lightdir_swap,sdxl,conditional,-0.0002419232879765
swap_50_lightdir_swap,sdxl,conditional,0.0003136395942419
swap_51_lightdir_swap,sdxl,conditional,0.0001459159469231
swap_52_lightdir_swap,sdxl,conditional,0.0005752227967604
swap_53_lightdir_swap,sdxl,conditional,-0.0001734638656489
swap_54_lightdir_swap,sdxl,conditional,0.0002402322296984
swap_55_lightdir_swap,sdxl,conditional,0.0002513924567028
swap_56_lightdir_swap,sdxl,conditional,0.0007818487798795
swap_57_lightdir_swap,sdxl,conditional,0.0001967199228238
swap_58_lightdir_swap,sdxl,conditional,0.0003980512055568
swap_59_lightdir_swap,sdxl,conditional,0.0011918892734684
swap_60_lightdir_swap,sdxl,conditional,-8.933701552450712e-05
swap_61_lightdir_swap,sdxl,conditional,0.0002625751332379
swap_62_lightdir_swap,sdxl,conditional,0.0001741796964779
swap_63_lightdir_swap,sdxl,conditional,0.0010760705661959
swap_64_lightdir_swap,sdxl,conditional,0.0007089554634876
swap_65_lightdir_swap,sdxl,conditional,0.0003081391355954
swap_66_lightdir_swap,sdxl,conditional,0.0007238704222254
swap_67_lightdir_swap,sdxl,conditional,9.498198051005602e-05
swap_68_lightdir_swap,sdxl,conditional,0.0006091583147645
swap_69_lightdir_swap,sdxl,conditional,-0.000817147353664
swap_70_lightdir_swap,sdxl,conditional,0.0004363496345467
swap_71_lightdir_swap,sdxl,conditional,-5.207774229354367e-06
swap_72_lightdir_swap,sdxl,conditional,0.001343646836467
swap_73_lightdir_swap,sdxl,conditional,-0.0002200716827064
swap_74_lightdir_swap,sdxl,conditional,0.0020476805814541
swap_75_lightdir_swap,sdxl,conditional,-0.0003209601878188
swap_76_lightdir_swap,sdxl,conditional,0.0007619850849732
swap_77_lightdir_swap,sdxl,conditional,-0.0007148421113379
swap_78_lightdir_swap,sdxl,conditional,0.0012418491812422
swap_79_lightdir_swap,sdxl,conditional,-0.0002122051501646
swap_80_lightdir_swap,sdxl,conditional,0.0002027811529114
swap_81_lightdir_swap,sdxl,conditional,0.0005417826003395
swap_82_lightdir_swap,sdxl,conditional,0.0005429608747363
swap_83_lightdir_swap,sdxl,conditional,0.0003007124038413
swap_84_lightdir_swap,sdxl,conditional,0.0002995659178122
swap_85_lightdir_swap,sdxl,conditional,0.0010326364031061
swap_86_lightdir_swap,sdxl,conditional,0.0004132236680015
swap_87_lightdir_swap,sdxl,conditional,0.0001027251360938
swap_88_lightdir_swap,sdxl,conditional,0.0004786401975434
swap_89_lightdir_swap,sdxl,conditional,0.0004112307087052
swap_90_lightdir_swap,sdxl,conditional,0.0004499852645676
swap_91_lightdir_swap,sdxl,conditional,0.0004432016122154
swap_92_lightdir_swap,sdxl,conditional,0.0005563860456459
swap_93_lightdir_swap,sdxl,conditional,-0.000381536791101
swap_94_lightdir_swap,sdxl,conditional,0.0006984658492729
swap_95_lightdir_swap,sdxl,conditional,0.0004383418615907
swap_0_shadow_swap,sdxl,conditional,0.0012046085880138
swap_1_shadow_swap,sdxl,conditional,-0.0008359852037392
swap_2_shadow_swap,sdxl,conditional,0.0009729318937752
swap_3_shadow_swap,sdxl,conditional,-0.0006986551487352
swap_4_shadow_swap,sdxl,conditional,0.0011766292410902
swap_5_shadow_swap,sdxl,conditional,-0.0010653905954677
swap_6_shadow_swap,sdxl,conditional,0.0001025318098254
swap_7_shadow_swap,sdxl,conditional,-0.0009569886291865
swap_8_shadow_swap,sdxl,conditional,0.000524117546156
swap_9_shadow_swap,sdxl,conditional,-0.0009409768029581
swap_10_shadow_swap,sdxl,conditional,9.97754978013243e-07
swap_11_shadow_swap,sdxl,conditional,-0.0012701257667504
swap_12_shadow_swap,sdxl,conditional,0.000411005844362
swap_13_shadow_swap,sdxl,conditional,-0.0010795043013058
swap_14_shadow_swap,sdxl,conditional,0.0008229372522327
swap_15_shadow_swap,sdxl,conditional,-0.001455952724209
swap_16_shadow_swap,sdxl,conditional,0.002929613830056
swap_17_shadow_swap,sdxl,conditional,-0.0029037943761795
swap_18_shadow_swap,sdxl,conditional,-0.000137704409426
swap_19_shadow_swap,sdxl,conditional,-3.084921278059816e-05
swap_20_shadow_swap,sdxl,conditional,-0.0002688380540348
swap_21_shadow_swap,sdxl,conditional,-0.0008203637157566
swap_22_shadow_swap,sdxl,conditional,-0.0004327335732523
swap_23_shadow_swap,sdxl,conditional,-0.0001774262404069
swap_24_shadow_swap,sdxl,conditional,0.0020312737533822
swap_25_shadow_swap,sdxl,conditional,-0.0012338507908861
swap_26_shadow_swap,sdxl,conditional,0.001528507504845
swap_27_shadow_swap,sdxl,conditional,-0.0012455221777781
swap_28_shadow_swap,sdxl,conditional,0.0004143520398065
swap_29_shadow_swap,sdxl,conditional,-0.0002791192673612
swap_30_shadow_swap,sdxl,conditional,0.001213700666558
swap_31_shadow_swap,sdxl,conditional,-0.0010715162579435
swap_32_shadow_swap,sdxl,conditional,0.0009523464425001
swap_33_shadow_swap,sdxl,conditional,-0.0005680232367012
swap_34_shadow_swap,sdxl,conditional,0.000496947254287
swap_35_shadow_swap,sdxl,conditional,-0.0004762043838855
swap_36_shadow_swap,sdxl,conditional,0.0009534145146608
swap_37_shadow_swap,sdxl,conditional,-0.0005669278139248
swap_38_shadow_swap,sdxl,conditional,0.0007011111208703
swap_39_shadow_swap,sdxl,conditional,-0.0006685825216118
swap_40_shadow_swap,sdxl,conditional,0.0009108370216563
swap_41_shadow_swap,sdxl,conditional,-0.0001401033252477
swap_42_shadow_swap,sdxl,conditional,0.002242756957421
swap_43_shadow_swap,sdxl,conditional,-0.0023098472692072
swap_44_shadow_swap,sdxl,conditional,0.0007839586643967
swap_45_shadow_swap,sdxl,conditional,-0.0005434746784157
swap_46_shadow_swap,sdxl,conditional,0.0013229149777907
swap_47_shadow_swap,sdxl,conditional,-0.0012264654343016
swap_48_shadow_swap,sdxl,conditional,0.0018041680310852
swap_49_shadow_swap,sdxl,conditional,-0.0013952270278241
swap_50_shadow_swap,sdxl,conditional,0.0002363438764587
swap_51_shadow_swap,sdxl,conditional,0.0009570487239398
swap_52_shadow_swap,sdxl,conditional,0.0008777657093014
swap_53_shadow_swap,sdxl,conditional,-0.0005007631401531
swap_54_shadow_swap,sdxl,conditional,-4.240354173816463e-05
swap_55_shadow_swap,sdxl,conditional,2.8058926109228444e-05
swap_56_shadow_swap,sdxl,conditional,0.0005949411727488
swap_57_shadow_swap,sdxl,conditional,-0.0009716780006419
swap_58_shadow_swap,sdxl,conditional,0.000687857074663
swap_59_shadow_swap,sdxl,conditional,-0.0009544523316435
swap_60_shadow_swap,sdxl,conditional,0.0011688216845505
swap_61_shadow_swap,sdxl,conditional,-0.0013354321499355
swap_62_shadow_swap,sdxl,conditional,-0.0002461895323358
swap_63_shadow_swap,sdxl,conditional,0.0001002082088962
swap_64_shadow_swap,sdxl,conditional,0.0028264610096812
swap_65_shadow_swap,sdxl,conditional,-0.0014038472413085
swap_66_shadow_swap,sdxl,conditional,0.00041915180278
swap_67_shadow_swap,sdxl,conditional,-0.0005666036473121
swap_68_shadow_swap,sdxl,conditional,-0.0005677191482391
swap_69_shadow_swap,sdxl,conditional,0.0009667163458652
swap_70_shadow_swap,sdxl,conditional,0.0009556009504012
swap_71_shadow_swap,sdxl,conditional,-0.0014390601601917
swap_72_shadow_swap,sdxl,conditional,0.0017941185436211
swap_73_shadow_swap,sdxl,conditional,-0.0009013755375053
swap_74_shadow_swap,sdxl,conditional,0.0006165067735128
swap_75_shadow_swap,sdxl,conditional,-0.0005734992853831
swap_76_shadow_swap,sdxl,conditional,0.0008072299463674
swap_77_shadow_swap,sdxl,conditional,-0.0003081705945078
swap_78_shadow_swap,sdxl,conditional,-0.0001811839151196
swap_79_shadow_swap,sdxl,conditional,6.955350865610332e-05
swap_80_shadow_swap,sdxl,conditional,0.0014857129950541
swap_81_shadow_swap,sdxl,conditional,-0.0007536254904698
swap_82_shadow_swap,sdxl,conditional,0.0009291392064187
swap_83_shadow_swap,sdxl,conditional,-0.0004078175872564
swap_84_shadow_swap,sdxl,conditional,0.0017706055240705
swap_85_shadow_swap,sdxl,conditional,-0.0010109996900428
swap_86_shadow_swap,sdxl,conditional,-0.0009981305908877
swap_87_shadow_swap,sdxl,conditional,0.0009061140601988
swap_88_shadow_swap,sdxl,conditional,0.0021479142655152
swap_89_shadow_swap,sdxl,conditional,-0.00078560938593
swap_90_shadow_swap,sdxl,conditional,0.0018805289617739
swap_91_shadow_swap,sdxl,conditional,-0.0007669699494727
swap_92_shadow_swap,sdxl,conditional,0.0015192897478118
swap_93_shadow_swap,sdxl,conditional,4.55236993730096e-05
swap_94_shadow_swap,sdxl,conditional,0.0011089838959742
swap_95_shadow_swap,sdxl,conditional,2.4752285098655905e-05
swap_0_reflection_swap,sdxl,conditional,0.0016156568657606
swap_1_reflection_swap,sdxl,conditional,-0.0013774484477471
swap_2_reflection_swap,sdxl,conditional,0.0009796819172333
swap_3_reflection_swap,sdxl,conditional,-0.0003043390577659
swap_4_reflection_swap,sdxl,conditional,4.089189576915453e-05
swap_5_reflection_swap,sdxl,conditional,-0.0006927752296905
swap_6_reflection_swap,sdxl,conditional,0.000569880233379
swap_7_reflection_swap,sdxl,conditional,-0.0004156847903504
swap_8_reflection_swap,sdxl,conditional,0.0008695635560434
swap_9_reflection_swap,sdxl,conditional,-0.0002397671667858
swap_10_reflection_swap,sdxl,conditional,0.000783778988989
swap_11_reflection_swap,sdxl,conditional,-0.0007466517877764
swap_12_reflection_swap,sdxl,conditional,0.00161573417834
swap_13_reflection_swap,sdxl,conditional,7.901400909759992e-05
swap_14_reflection_swap,sdxl,conditional,0.0002002272114623
swap_15_reflection_swap,sdxl,conditional,0.0005747143784538
swap_16_reflection_swap,sdxl,conditional,0.0037017357198055
swap_17_reflection_swap,sdxl,conditional,-0.0012919826363213
swap_18_reflection_swap,sdxl,conditional,0.0013584273820742
swap_19_reflection_swap,sdxl,conditional,-0.0008683901804033
swap_20_reflection_swap,sdxl,conditional,0.0020227498968597
swap_21_reflection_swap,sdxl,conditional,-0.0006854341865982
swap_22_reflection_swap,sdxl,conditional,0.0009874665155075
swap_23_reflection_swap,sdxl,conditional,0.0001669985253829
swap_24_reflection_swap,sdxl,conditional,0.0017475302075035
swap_25_reflection_swap,sdxl,conditional,0.0011385241011157
swap_26_reflection_swap,sdxl,conditional,0.0004697633534669
swap_27_reflection_swap,sdxl,conditional,0.0010066086403094
swap_28_reflection_swap,sdxl,conditional,0.0040969019662588
swap_29_reflection_swap,sdxl,conditional,-0.0007665718835778
swap_30_reflection_swap,sdxl,conditional,0.0015582534496206
swap_31_reflection_swap,sdxl,conditional,0.0011131327133625
swap_32_reflection_swap,sdxl,conditional,0.0016675287135876
swap_33_reflection_swap,sdxl,conditional,-0.000842663537478
swap_34_reflection_swap,sdxl,conditional,0.0006238325010053
swap_35_reflection_swap,sdxl,conditional,-0.0009429385198745
swap_36_reflection_swap,sdxl,conditional,0.0028411218954715
swap_37_reflection_swap,sdxl,conditional,-0.0016533472354058
swap_38_reflection_swap,sdxl,conditional,0.0010628273640759
swap_39_reflection_swap,sdxl,conditional,-0.001016530485358
swap_40_reflection_swap,sdxl,conditional,-0.0001538188825361
swap_41_reflection_swap,sdxl,conditional,0.000538574081147
swap_42_reflection_swap,sdxl,conditional,0.0014134568313602
swap_43_reflection_swap,sdxl,conditional,6.522329407744609e-05
swap_44_reflection_swap,sdxl,conditional,0.0008286410127766
swap_45_reflection_swap,sdxl,conditional,-9.61771816945789e-06
swap_46_reflection_swap,sdxl,conditional,9.660213021561724e-05
swap_47_reflection_swap,sdxl,conditional,0.0005701521760784
swap_48_reflection_swap,sdxl,conditional,0.0032037325028795
swap_49_reflection_swap,sdxl,conditional,-0.0011030133708845
swap_50_reflection_swap,sdxl,conditional,0.0017857622168958
swap_51_reflection_swap,sdxl,conditional,0.0011373201443348
swap_52_reflection_swap,sdxl,conditional,0.0032843718770891
swap_53_reflection_swap,sdxl,conditional,-0.0009532651607878
swap_54_reflection_swap,sdxl,conditional,0.0020050982595421
swap_55_reflection_swap,sdxl,conditional,-3.5940482048316125e-05
swap_56_reflection_swap,sdxl,conditional,0.0031817456241697
swap_57_reflection_swap,sdxl,conditional,-2.097320975735784e-05
swap_58_reflection_swap,sdxl,conditional,0.0022981407749466
swap_59_reflection_swap,sdxl,conditional,-6.793176406062751e-05
swap_60_reflection_swap,sdxl,conditional,0.0044868498109281
swap_61_reflection_swap,sdxl,conditional,0.0014598082203883
swap_62_reflection_swap,sdxl,conditional,0.0026130543509498
swap_63_reflection_swap,sdxl,conditional,0.0021499683288857
swap_64_reflection_swap,sdxl,conditional,0.001392728916835
swap_65_reflection_swap,sdxl,conditional,-0.0007790840009693
swap_66_reflection_swap,sdxl,conditional,0.0003356608434114
swap_67_reflection_swap,sdxl,conditional,-0.0010863862885162
swap_68_reflection_swap,sdxl,conditional,0.0016542389360256
swap_69_reflection_swap,sdxl,conditional,-0.0005044330668169
swap_70_reflection_swap,sdxl,conditional,0.0008826797897927
swap_71_reflection_swap,sdxl,conditional,0.0001109041890594
swap_72_reflection_swap,sdxl,conditional,0.0018385964108165
swap_73_reflection_swap,sdxl,conditional,-0.0004390451742801
swap_74_reflection_swap,sdxl,conditional,0.0004663175938185
swap_75_reflection_swap,sdxl,conditional,-0.0002257325092796
swap_76_reflection_swap,sdxl,conditional,0.0022419281222391
swap_77_reflection_swap,sdxl,conditional,-0.0011979157279711
swap_78_reflection_swap,sdxl,conditional,0.0008291907887905
swap_79_reflection_swap,sdxl,conditional,-0.0005392966326326
swap_80_reflection_swap,sdxl,conditional,0.0031403730565216
swap_81_reflection_swap,sdxl,conditional,-0.0022523013141471
swap_82_reflection_swap,sdxl,conditional,0.0007085123728029
swap_83_reflection_swap,sdxl,conditional,2.7429545298218727e-05
swap_84_reflection_swap,sdxl,conditional,0.0022482787887565
swap_85_reflection_swap,sdxl,conditional,-0.0021846155659295
swap_86_reflection_swap,sdxl,conditional,0.0013086228014435
swap_87_reflection_swap,sdxl,conditional,-0.0001636720192618
swap_88_reflection_swap,sdxl,conditional,0.0038883684889879
swap_89_reflection_swap,sdxl,conditional,-0.0025048524828162
swap_90_reflection_swap,sdxl,conditional,0.0003867669694591
swap_91_reflection_swap,sdxl,conditional,-0.0002520758775062
swap_92_reflection_swap,sdxl,conditional,0.0038082983926869
swap_93_reflection_swap,sdxl,conditional,-0.0024242841103114
swap_94_reflection_swap,sdxl,conditional,0.0005348956165835
swap_95_reflection_swap,sdxl,conditional,-0.0003720966004766
swap_0_lightdir_swap,qwen_image,empty,0.0001024268753826
swap_1_lightdir_swap,qwen_image,empty,0.000187220973894
swap_2_lightdir_swap,qwen_image,empty,0.0002226943243295
swap_3_lightdir_swap,qwen_image,empty,0.0002444549743086
swap_4_lightdir_swap,qwen_image,empty,3.789504989984427e-06
swap_5_lightdir_swap,qwen_image,empty,8.600830100476131e-05
swap_6_lightdir_swap,qwen_image,empty,0.0002189218625426
swap_7_lightdir_swap,qwen_image,empty,0.0001692792400717
swap_8_lightdir_swap,qwen_image,empty,0.0001933982782065
swap_9_lightdir_swap,qwen_image,empty,0.0002463456522673
swap_10_lightdir_swap,qwen_image,empty,0.0002206989750266
swap_11_lightdir_swap,qwen_image,empty,0.0003131986036896
swap_12_lightdir_swap,qwen_image,empty,0.0001140518439933
swap_13_lightdir_swap,qwen_image,empty,0.0001488630846142
swap_14_lightdir_swap,qwen_image,empty,0.0001672968221828
swap_15_lightdir_swap,qwen_image,empty,0.0002352903084829
swap_16_lightdir_swap,qwen_image,empty,0.0008293121680617
swap_17_lightdir_swap,qwen_image,empty,0.0005018889065831
swap_18_lightdir_swap,qwen_image,empty,0.0008594906795769
swap_19_lightdir_swap,qwen_image,empty,0.0007098779268562
swap_20_lightdir_swap,qwen_image,empty,0.0003196869278326
swap_21_lightdir_swap,qwen_image,empty,0.0002721465518698
swap_22_lightdir_swap,qwen_image,empty,0.0004137701727449
swap_23_lightdir_swap,qwen_image,empty,0.0004116341471672
swap_24_lightdir_swap,qwen_image,empty,0.0004693581908941
swap_25_lightdir_swap,qwen_image,empty,1.4856141060587412e-05
swap_26_lightdir_swap,qwen_image,empty,0.0005267008114606
swap_27_lightdir_swap,qwen_image,empty,0.0001761558186262
swap_28_lightdir_swap,qwen_image,empty,0.0001285945810377
swap_29_lightdir_swap,qwen_image,empty,-3.874051384626653e-05
swap_30_lightdir_swap,qwen_image,empty,0.0002417793497443
swap_31_lightdir_swap,qwen_image,empty,0.0001229014340788
swap_32_lightdir_swap,qwen_image,empty,0.000172395799309
swap_33_lightdir_swap,qwen_image,empty,0.0002401277050376
swap_34_lightdir_swap,qwen_image,empty,0.0003138843737542
swap_35_lightdir_swap,qwen_image,empty,0.0003937216103076
swap_36_lightdir_swap,qwen_image,empty,-3.604739904404519e-05
swap_37_lightdir_swap,qwen_image,empty,0.0001730714552104
swap_38_lightdir_swap,qwen_image,empty,0.0001568224094808
swap_39_lightdir_swap,qwen_image,empty,0.0002466792613267
swap_40_lightdir_swap,qwen_image,empty,0.0003829110227525
swap_41_lightdir_swap,qwen_image,empty,0.00026521156542
swap_42_lightdir_swap,qwen_image,empty,0.0006750917993485
swap_43_lightdir_swap,qwen_image,empty,0.0003531381115317
swap_44_lightdir_swap,qwen_image,empty,0.0002327752485871
swap_45_lightdir_swap,qwen_image,empty,0.0002575028315186
swap_46_lightdir_swap,qwen_image,empty,0.0004034050088375
swap_47_lightdir_swap,qwen_image,empty,0.0001336830016225
swap_48_lightdir_swap,qwen_image,empty,0.0002450573584064
swap_49_lightdir_swap,qwen_image,empty,0.0003142856340855
swap_50_lightdir_swap,qwen_image,empty,0.0003959645004942
swap_51_lightdir_swap,qwen_image,empty,0.0005181366251781
swap_52_lightdir_swap,qwen_image,empty,0.0003021099092438
swap_53_lightdir_swap,qwen_image,empty,0.0002568363351747
swap_54_lightdir_swap,qwen_image,empty,0.0003394473576918
swap_55_lightdir_swap,qwen_image,empty,0.0002996604703366
swap_56_lightdir_swap,qwen_image,empty,0.0002185998670756
swap_57_lightdir_swap,qwen_image,empty,0.0002588308462873
swap_58_lightdir_swap,qwen_image,empty,0.0004782704915851
swap_59_lightdir_swap,qwen_image,empty,0.0004327672580257
swap_60_lightdir_swap,qwen_image,empty,4.965580068529152e-05
swap_61_lightdir_swap,qwen_image,empty,0.0001254939706996
swap_62_lightdir_swap,qwen_image,empty,0.0002306613791734
swap_63_lightdir_swap,qwen_image,empty,0.0002127537317574
swap_64_lightdir_swap,qwen_image,empty,0.000354988691397
swap_65_lightdir_swap,qwen_image,empty,0.0003041434893384
swap_66_lightdir_swap,qwen_image,empty,0.0005357474507764
swap_67_lightdir_swap,qwen_image,empty,0.0004064838448539
swap_68_lightdir_swap,qwen_image,empty,0.0002026079408824
swap_69_lightdir_swap,qwen_image,empty,0.0002001981902867
swap_70_lightdir_swap,qwen_image,empty,0.0002548197936266
swap_71_lightdir_swap,qwen_image,empty,0.0003409782005473
swap_72_lightdir_swap,qwen_image,empty,0.0005851947702467
swap_73_lightdir_swap,qwen_image,empty,-2.08024960011155e-05
swap_74_lightdir_swap,qwen_image,empty,0.0006786664202809
swap_75_lightdir_swap,qwen_image,empty,0.0001364311017096
swap_76_lightdir_swap,qwen_image,empty,0.0003414214309304
swap_77_lightdir_swap,qwen_image,empty,-0.0001152279693633
swap_78_lightdir_swap,qwen_image,empty,0.0004849700722843
swap_79_lightdir_swap,qwen_image,empty,-6.7398045212052615e-06
swap_80_lightdir_swap,qwen_image,empty,0.0003503117896616
swap_81_lightdir_swap,qwen_image,empty,0.000261890348047
swap_82_lightdir_swap,qwen_image,empty,0.0005489449575543
swap_83_lightdir_swap,qwen_image,empty,0.0005522579047829
swap_84_lightdir_swap,qwen_image,empty,0.0001035505812615
swap_85_lightdir_swap,qwen_image,empty,0.0001186004094779
swap_86_lightdir_swap,qwen_image,empty,0.0003337082825601
swap_87_lightdir_swap,qwen_image,empty,0.0002508238330483
swap_88_lightdir_swap,qwen_image,empty,0.0004542137868702
swap_89_lightdir_swap,qwen_image,empty,0.0004069520253688
swap_90_lightdir_swap,qwen_image,empty,0.0007352516707032
swap_91_lightdir_swap,qwen_image,empty,0.0006793410144746
swap_92_lightdir_swap,qwen_image,empty,0.0002056414540857
swap_93_lightdir_swap,qwen_image,empty,0.0002229789085686
swap_94_lightdir_swap,qwen_image,empty,0.0004413814283907
swap_95_lightdir_swap,qwen_image,empty,0.0003329553548246
swap_0_shadow_swap,qwen_image,empty,0.0001549420505762
swap_1_shadow_swap,qwen_image,empty,-1.1930894106698675e-06
swap_2_shadow_swap,qwen_image,empty,4.498359747232006e-05
swap_3_shadow_swap,qwen_image,empty,-2.704716287553477e-05
swap_4_shadow_swap,qwen_image,empty,-2.0644534379221646e-06
swap_5_shadow_swap,qwen_image,empty,1.2916019186376417e-05
swap_6_shadow_swap,qwen_image,empty,5.747436545788798e-05
swap_7_shadow_swap,qwen_image,empty,-7.028408348559723e-05
swap_8_shadow_swap,qwen_image,empty,-0.0001100217737257
swap_9_shadow_swap,qwen_image,empty,0.0001702976413071
swap_10_shadow_swap,qwen_image,empty,0.0001540051214396
swap_11_shadow_swap,qwen_image,empty,-4.707826301450502e-06
swap_12_shadow_swap,qwen_image,empty,9.011518210172433e-05
swap_13_shadow_swap,qwen_image,empty,-7.517528720200894e-05
swap_14_shadow_swap,qwen_image,empty,0.0001034124754369
swap_15_shadow_swap,qwen_image,empty,2.51588691025928e-05
swap_16_shadow_swap,qwen_image,empty,0.0003409085795283
swap_17_shadow_swap,qwen_image,empty,0.0003754357248544
swap_18_shadow_swap,qwen_image,empty,0.0001981225050985
swap_19_shadow_swap,qwen_image,empty,0.00032036264427
swap_20_shadow_swap,qwen_image,empty,0.000405775969848
swap_21_shadow_swap,qwen_image,empty,-1.3922294601786955e-05
swap_22_shadow_swap,qwen_image,empty,0.0001006253343075
swap_23_shadow_swap,qwen_image,empty,0.0002141756471246
swap_24_shadow_swap,qwen_image,empty,0.0008068229444325
swap_25_shadow_swap,qwen_image,empty,0.0006316846236586
swap_26_shadow_swap,qwen_image,empty,0.000383454915136
swap_27_shadow_swap,qwen_image,empty,0.0001796448789537
swap_28_shadow_swap,qwen_image,empty,0.000721973227337
swap_29_shadow_swap,qwen_image,empty,0.0004377854149788
swap_30_shadow_swap,qwen_image,empty,6.963650695979151e-05
swap_31_shadow_swap,qwen_image,empty,0.0001449789758771
swap_32_shadow_swap,qwen_image,empty,0.0005467055365443
swap_33_shadow_swap,qwen_image,empty,0.0004490905441343
swap_34_shadow_swap,qwen_image,empty,0.0002788944449275
swap_35_shadow_swap,qwen_image,empty,0.00020098362118
swap_36_shadow_swap,qwen_image,empty,0.0004364119749516
swap_37_shadow_swap,qwen_image,empty,0.0004727249313145
swap_38_shadow_swap,qwen_image,empty,0.0001236378541216
swap_39_shadow_swap,qwen_image,empty,6.619975436479575e-05
swap_40_shadow_swap,qwen_image,empty,0.0005353664048016
swap_41_shadow_swap,qwen_image,empty,0.0008208108972758
swap_42_shadow_swap,qwen_image,empty,0.0003641547169536
swap_43_shadow_swap,qwen_image,empty,0.0002782702911645
swap_44_shadow_swap,qwen_image,empty,0.0006486324314028
swap_45_shadow_swap,qwen_image,empty,0.0002351037040352
swap_46_shadow_swap,qwen_image,empty,0.0001790824159979
swap_47_shadow_swap,qwen_image,empty,2.6491964235902943e-05
swap_48_shadow_swap,qwen_image,empty,0.0002836914453655
swap_49_shadow_swap,qwen_image,empty,0.0005700326105579
swap_50_shadow_swap,qwen_image,empty,0.0002741022920235
swap_51_shadow_swap,qwen_image,empty,0.0001414885930716
swap_52_shadow_swap,qwen_image,empty,0.0002653200132772
swap_53_shadow_swap,qwen_image,empty,0.0004291254747658
swap_54_shadow_swap,qwen_image,empty,8.583968039602152e-05
swap_55_shadow_swap,qwen_image,empty,8.577545639126827e-05
swap_56_shadow_swap,qwen_image,empty,0.0005597224924713
swap_57_shadow_swap,qwen_image,empty,0.0002331410069018
swap_58_shadow_swap,qwen_image,empty,0.0003194703813642
swap_59_shadow_swap,qwen_image,empty,5.759766325355575e-05
swap_60_shadow_swap,qwen_image,empty,0.0003980025742202
swap_61_shadow_swap,qwen_image,empty,0.0002760638669133
swap_62_shadow_swap,qwen_image,empty,0.0001543090865015
swap_63_shadow_swap,qwen_image,empty,8.832969702780857e-05
swap_64_shadow_swap,qwen_image,empty,0.0002738396916538
swap_65_shadow_swap,qwen_image,empty,0.0005201951134949
swap_66_shadow_swap,qwen_image,empty,0.0003519754018634
swap_67_shadow_swap,qwen_image,empty,0.0002919844025745
swap_68_shadow_swap,qwen_image,empty,0.0006313997786492
swap_69_shadow_swap,qwen_image,empty,0.0002535753184929
swap_70_shadow_swap,qwen_image,empty,0.0002685582172125
swap_71_shadow_swap,qwen_image,empty,9.257094003259358e-05
swap_72_shadow_swap,qwen_image,empty,0.0003636824805289
swap_73_shadow_swap,qwen_image,empty,0.000536542115733
swap_74_shadow_swap,qwen_image,empty,0.0002280683210119
swap_75_shadow_swap,qwen_image,empty,4.724940285086299e-05
swap_76_shadow_swap,qwen_image,empty,0.0002693871874362
swap_77_shadow_swap,qwen_image,empty,0.0006954235397279
swap_78_shadow_swap,qwen_image,empty,0.0001310188649222
swap_79_shadow_swap,qwen_image,empty,6.175278685986718e-05
swap_80_shadow_swap,qwen_image,empty,0.0007687565591186
swap_81_shadow_swap,qwen_image,empty,0.0007736586779356
swap_82_shadow_swap,qwen_image,empty,0.0004580682888627
swap_83_shadow_swap,qwen_image,empty,0.0003899869695305
swap_84_shadow_swap,qwen_image,empty,0.0006728979293257
swap_85_shadow_swap,qwen_image,empty,0.0004895228985696
swap_86_shadow_swap,qwen_image,empty,0.0001702108886092
swap_87_shadow_swap,qwen_image,empty,0.0001750014163553
swap_88_shadow_swap,qwen_image,empty,0.0014934297837317
swap_89_shadow_swap,qwen_image,empty,0.0011902263853699
swap_90_shadow_swap,qwen_image,empty,0.0006849975604563
swap_91_shadow_swap,qwen_image,empty,0.0005022068321704
swap_92_shadow_swap,qwen_image,empty,0.0009783685673028
swap_93_shadow_swap,qwen_image,empty,0.0011020539421588
swap_94_shadow_swap,qwen_image,empty,0.0004148693475872
swap_95_shadow_swap,qwen_image,empty,0.000148744424805
swap_0_reflection_swap,qwen_image,empty,0.0001774555072188
swap_1_reflection_swap,qwen_image,empty,3.704617731273285e-05
swap_2_reflection_swap,qwen_image,empty,0.0001068516727536
swap_3_reflection_swap,qwen_image,empty,8.127741515637221e-05
swap_4_reflection_swap,qwen_image,empty,0.0002055556513369
swap_5_reflection_swap,qwen_image,empty,0.0001248906739056
swap_6_reflection_swap,qwen_image,empty,0.0001845176424831
swap_7_reflection_swap,qwen_image,empty,3.0221240594971444e-05
swap_8_reflection_swap,qwen_image,empty,0.0005425178445875
swap_9_reflection_swap,qwen_image,empty,0.0005109600163996
swap_10_reflection_swap,qwen_image,empty,0.000273139225319
swap_11_reflection_swap,qwen_image,empty,0.0002625011280179
swap_12_reflection_swap,qwen_image,empty,0.0010419497545808
swap_13_reflection_swap,qwen_image,empty,0.0005501376744359
swap_14_reflection_swap,qwen_image,empty,0.0004444281104952
swap_15_reflection_swap,qwen_image,empty,0.0004425004310906
swap_16_reflection_swap,qwen_image,empty,4.069237038492601e-05
swap_17_reflection_swap,qwen_image,empty,0.0004130228143185
swap_18_reflection_swap,qwen_image,empty,0.0003824337571859
swap_19_reflection_swap,qwen_image,empty,-4.694100469350426e-05
swap_20_reflection_swap,qwen_image,empty,1.3332413509495322e-05
swap_21_reflection_swap,qwen_image,empty,-3.001634962856992e-05
swap_22_reflection_swap,qwen_image,empty,-0.0001054024603217
swap_23_reflection_swap,qwen_image,empty,8.404769003390877e-05
swap_24_reflection_swap,qwen_image,empty,0.0011846565920859
swap_25_reflection_swap,qwen_image,empty,0.0012609494850039
swap_26_reflection_swap,qwen_image,empty,0.0007205102499574
swap_27_reflection_swap,qwen_image,empty,0.0008695611357689
swap_28_reflection_swap,qwen_image,empty,0.0011700525041669
swap_29_reflection_swap,qwen_image,empty,0.0010881365370005
swap_30_reflection_swap,qwen_image,empty,0.0009328656457364
swap_31_reflection_swap,qwen_image,empty,0.0016715369466692
swap_32_reflection_swap,qwen_image,empty,0.0002859683521092
swap_33_reflection_swap,qwen_image,empty,0.0002299699373543
swap_34_reflection_swap,qwen_image,empty,0.0001298602391034
swap_35_reflection_swap,qwen_image,empty,0.0001578432694077
swap_36_reflection_swap,qwen_image,empty,0.0003922934317961
swap_37_reflection_swap,qwen_image,empty,0.0003639462264254
swap_38_reflection_swap,qwen_image,empty,0.0002095887577161
swap_39_reflection_swap,qwen_image,empty,0.0002103326423093
swap_40_reflection_swap,qwen_image,empty,0.000651289075613
swap_41_reflection_swap,qwen_image,empty,0.000426330929622
swap_42_reflection_swap,qwen_image,empty,0.0002924196515232
swap_43_reflection_swap,qwen_image,empty,0.0002577049005776
swap_44_reflection_swap,qwen_image,empty,0.0008546031359583
swap_45_reflection_swap,qwen_image,empty,0.0010657276306301
swap_46_reflection_swap,qwen_image,empty,0.0006082882452756
swap_47_reflection_swap,qwen_image,empty,0.000515595935285
swap_48_reflection_swap,qwen_image,empty,0.0002202506270259
swap_49_reflection_swap,qwen_image,empty,0.0009635086450725
swap_50_reflection_swap,qwen_image,empty,0.0004928015265613
swap_51_reflection_swap,qwen_image,empty,0.0004365029558539
swap_52_reflection_swap,qwen_image,empty,0.000935758780688
swap_53_reflection_swap,qwen_image,empty,0.0004769366979598
swap_54_reflection_swap,qwen_image,empty,0.0007760239345952
swap_55_reflection_swap,qwen_image,empty,0.0004060570942237
swap_56_reflection_swap,qwen_image,empty,0.000466224849224
swap_57_reflection_swap,qwen_image,empty,0.000888022435829
swap_58_reflection_swap,qwen_image,empty,0.0002698551863431
swap_59_reflection_swap,qwen_image,empty,0.0005000811908394
swap_60_reflection_swap,qwen_image,empty,0.0010160158667713
swap_61_reflection_swap,qwen_image,empty,0.0019954881351441
swap_62_reflection_swap,qwen_image,empty,0.0017181803658604
swap_63_reflection_swap,qwen_image,empty,0.0012003283761441
swap_64_reflection_swap,qwen_image,empty,0.0003114082617685
swap_65_reflection_swap,qwen_image,empty,0.0001266034785658
swap_66_reflection_swap,qwen_image,empty,0.0002298200922086
swap_67_reflection_swap,qwen_image,empty,9.06185433268425e-05
swap_68_reflection_swap,qwen_image,empty,0.0009998949756845
swap_69_reflection_swap,qwen_image,empty,0.0009476300654932
swap_70_reflection_swap,qwen_image,empty,0.0013316119229421
swap_71_reflection_swap,qwen_image,empty,0.0004555114544927
swap_72_reflection_swap,qwen_image,empty,0.0002132749836891
swap_73_reflection_swap,qwen_image,empty,0.000283671519719
swap_74_reflection_swap,qwen_image,empty,0.0001290613505989
swap_75_reflection_swap,qwen_image,empty,0.0002427912689745
swap_76_reflection_swap,qwen_image,empty,0.0006885141320526
swap_77_reflection_swap,qwen_image,empty,0.0004070778051391
swap_78_reflection_swap,qwen_image,empty,0.000393509180285
swap_79_reflection_swap,qwen_image,empty,0.0004385954467579
swap_80_reflection_swap,qwen_image,empty,0.0001764161419123
swap_81_reflection_swap,qwen_image,empty,0.0001813902985304
swap_82_reflection_swap,qwen_image,empty,9.098486974835895e-05
swap_83_reflection_swap,qwen_image,empty,0.0001576036401092
swap_84_reflection_swap,qwen_image,empty,0.0004461580561474
swap_85_reflection_swap,qwen_image,empty,0.0007772626914084
swap_86_reflection_swap,qwen_image,empty,0.0007885876763612
swap_87_reflection_swap,qwen_image,empty,0.0005086952634155
swap_88_reflection_swap,qwen_image,empty,0.000113142421469
swap_89_reflection_swap,qwen_image,empty,0.0002182876458391
swap_90_reflection_swap,qwen_image,empty,0.0001718355342745
swap_91_reflection_swap,qwen_image,empty,2.996078692375781e-05
swap_92_reflection_swap,qwen_image,empty,0.0004224345413968
swap_93_reflection_swap,qwen_image,empty,0.0005347879603505
swap_94_reflection_swap,qwen_image,empty,0.0002434523915871
swap_95_reflection_swap,qwen_image,empty,0.0002649661293253
swap_0_lightdir_swap,qwen_image,conditional,0.0001608330383896
swap_1_lightdir_swap,qwen_image,conditional,0.0001695211511105
swap_2_lightdir_swap,qwen_image,conditional,0.000221023755148
swap_3_lightdir_swap,qwen_image,conditional,0.0001888488419354
swap_4_lightdir_swap,qwen_image,conditional,3.405390307307382e-05
swap_5_lightdir_swap,qwen_image,conditional,9.315208531916752e-05
swap_6_lightdir_swap,qwen_image,conditional,0.0001051277201622
swap_7_lightdir_swap,qwen_image,conditional,0.0001334525551646
swap_8_lightdir_swap,qwen_image,conditional,0.0002172975800931
swap_9_lightdir_swap,qwen_image,conditional,0.0002580073382705
swap_10_lightdir_swap,qwen_image,conditional,0.0002457364741712
swap_11_lightdir_swap,qwen_image,conditional,0.0003594635240733
swap_12_lightdir_swap,qwen_image,conditional,0.0001044596452265
swap_13_lightdir_swap,qwen_image,conditional,0.0001313975499942
swap_14_lightdir_swap,qwen_image,conditional,0.0001919500902295
swap_15_lightdir_swap,qwen_image,conditional,0.0002203735290095
swap_16_lightdir_swap,qwen_image,conditional,0.0007598965521901
swap_17_lightdir_swap,qwen_image,conditional,0.0004099466791376
swap_18_lightdir_swap,qwen_image,conditional,0.0008230524882674
swap_19_lightdir_swap,qwen_image,conditional,0.0006096639297902
swap_20_lightdir_swap,qwen_image,conditional,0.0003676764853298
swap_21_lightdir_swap,qwen_image,conditional,0.0003130027977749
swap_22_lightdir_swap,qwen_image,conditional,0.0004601153964176
swap_23_lightdir_swap,qwen_image,conditional,0.00043489290867
swap_24_lightdir_swap,qwen_image,conditional,0.0002984357625246
swap_25_lightdir_swap,qwen_image,conditional,0.0001485141925513
swap_26_lightdir_swap,qwen_image,conditional,0.0003966536838561
swap_27_lightdir_swap,qwen_image,conditional,0.0002697892673313
swap_28_lightdir_swap,qwen_image,conditional,-6.947387009847983e-07
swap_29_lightdir_swap,qwen_image,conditional,0.0001322377379983
swap_30_lightdir_swap,qwen_image,conditional,0.0001412180718034
swap_31_lightdir_swap,qwen_image,conditional,0.0002550676744431
swap_32_lightdir_swap,qwen_image,conditional,6.278822198510503e-05
swap_33_lightdir_swap,qwen_image,conditional,0.0002492683194577
swap_34_lightdir_swap,qwen_image,conditional,0.0002964736707508
swap_35_lightdir_swap,qwen_image,conditional,0.0003371130302548
swap_36_lightdir_swap,qwen_image,conditional,-2.749415114521037e-05
swap_37_lightdir_swap,qwen_image,conditional,0.0001549309305846
swap_38_lightdir_swap,qwen_image,conditional,0.0002252100035548
swap_39_lightdir_swap,qwen_image,conditional,0.0001719223521649
swap_40_lightdir_swap,qwen_image,conditional,0.0003746858797967
swap_41_lightdir_swap,qwen_image,conditional,0.0002902398910373
swap_42_lightdir_swap,qwen_image,conditional,0.0007329848129302
swap_43_lightdir_swap,qwen_image,conditional,0.0003947133664041
swap_44_lightdir_swap,qwen_image,conditional,0.0002606644295155
swap_45_lightdir_swap,qwen_image,conditional,0.0002815773151814
swap_46_lightdir_swap,qwen_image,conditional,0.0004625909496098
swap_47_lightdir_swap,qwen_image,conditional,0.0002271639555692
swap_48_lightdir_swap,qwen_image,conditional,0.0002640494145452
swap_49_lightdir_swap,qwen_image,conditional,0.0002947001997381
swap_50_lightdir_swap,qwen_image,conditional,0.0005114503763616
swap_51_lightdir_swap,qwen_image,conditional,0.0005239683482795
swap_52_lightdir_swap,qwen_image,conditional,0.0002488936157897
swap_53_lightdir_swap,qwen_image,conditional,0.0002790309488773
swap_54_lightdir_swap,qwen_image,conditional,0.0003395327273756
swap_55_lightdir_swap,qwen_image,conditional,0.0002979797264561
swap_56_lightdir_swap,qwen_image,conditional,0.0002259380696341
swap_57_lightdir_swap,qwen_image,conditional,0.0002951363706961
swap_58_lightdir_swap,qwen_image,conditional,0.0004449599608778
swap_59_lightdir_swap,qwen_image,conditional,0.0004893459239974
swap_60_lightdir_swap,qwen_image,conditional,0.0001307420572266
swap_61_lightdir_swap,qwen_image,conditional,9.3482467345897e-05
swap_62_lightdir_swap,qwen_image,conditional,0.0003004023153334
swap_63_lightdir_swap,qwen_image,conditional,0.0001252518501132
swap_64_lightdir_swap,qwen_image,conditional,0.0003693734575062
swap_65_lightdir_swap,qwen_image,conditional,0.0002658900246024
swap_66_lightdir_swap,qwen_image,conditional,0.0004693933296948
swap_67_lightdir_swap,qwen_image,conditional,0.0004488581232726
swap_68_lightdir_swap,qwen_image,conditional,0.0002739691082388
swap_69_lightdir_swap,qwen_image,conditional,0.0001427573012188
swap_70_lightdir_swap,qwen_image,conditional,0.0003633735282346
swap_71_lightdir_swap,qwen_image,conditional,0.0003498841123655
swap_72_lightdir_swap,qwen_image,conditional,0.0007264395151287
swap_73_lightdir_swap,qwen_image,conditional,0.0001229155901819
swap_74_lightdir_swap,qwen_image,conditional,0.0009006931632757
swap_75_lightdir_swap,qwen_image,conditional,0.0002677338942885
swap_76_lightdir_swap,qwen_image,conditional,0.0003334112931042
swap_77_lightdir_swap,qwen_image,conditional,-2.81801726669112e-05
swap_78_lightdir_swap,qwen_image,conditional,0.0005190650559961
swap_79_lightdir_swap,qwen_image,conditional,0.0001514875236898
swap_80_lightdir_swap,qwen_image,conditional,0.0004190275631845
swap_81_lightdir_swap,qwen_image,conditional,0.0002657180093228
swap_82_lightdir_swap,qwen_image,conditional,0.0006078758835792
swap_83_lightdir_swap,qwen_image,conditional,0.000542431557551
swap_84_lightdir_swap,qwen_image,conditional,0.0001600521523505
swap_85_lightdir_swap,qwen_image,conditional,0.0001164846867322
swap_86_lightdir_swap,qwen_image,conditional,0.0003078441601246
swap_87_lightdir_swap,qwen_image,conditional,0.0002332842070609
swap_88_lightdir_swap,qwen_image,conditional,0.0004078063461929
swap_89_lightdir_swap,qwen_image,conditional,0.0003904311265796
swap_90_lightdir_swap,qwen_image,conditional,0.0007076632883399
swap_91_lightdir_swap,qwen_image,conditional,0.0006015559565275
swap_92_lightdir_swap,qwen_image,conditional,0.0002643553633242
swap_93_lightdir_swap,qwen_image,conditional,0.0002741447743028
swap_94_lightdir_swap,qwen_image,conditional,0.00040068956092
swap_95_lightdir_swap,qwen_image,conditional,0.0003520538378506
swap_0_shadow_swap,qwen_image,conditional,0.0001508465688675
swap_1_shadow_swap,qwen_image,conditional,2.196039073169148e-05
swap_2_shadow_swap,qwen_image,conditional,5.491324700414996e-05
swap_3_shadow_swap,qwen_image,conditional,-1.6775475814939655e-05
swap_4_shadow_swap,qwen_image,conditional,8.877487853169858e-05
swap_5_shadow_swap,qwen_image,conditional,2.4974411353469173e-05
swap_6_shadow_swap,qwen_image,conditional,6.698910146951675e-05
swap_7_shadow_swap,qwen_image,conditional,-8.514841087162162e-05
swap_8_shadow_swap,qwen_image,conditional,-3.778546117245984e-05
swap_9_shadow_swap,qwen_image,conditional,0.0002410747949033
swap_10_shadow_swap,qwen_image,conditional,0.0001528453361243
swap_11_shadow_swap,qwen_image,conditional,2.7396511286498223e-05
swap_12_shadow_swap,qwen_image,conditional,0.0001108673680573
swap_13_shadow_swap,qwen_image,conditional,-4.637241363542044e-07
swap_14_shadow_swap,qwen_image,conditional,6.172440946101976e-05
swap_15_shadow_swap,qwen_image,conditional,4.11405414342883e-05
swap_16_shadow_swap,qwen_image,conditional,0.0001740308478474
swap_17_shadow_swap,qwen_image,conditional,0.0004086561314761
swap_18_shadow_swap,qwen_image,conditional,0.0001837432011961
swap_19_shadow_swap,qwen_image,conditional,0.0002802311070263
swap_20_shadow_swap,qwen_image,conditional,0.0004724777583032
swap_21_shadow_swap,qwen_image,conditional,-9.27894283086067e-05
swap_22_shadow_swap,qwen_image,conditional,8.855492807924997e-05
swap_23_shadow_swap,qwen_image,conditional,0.0001708542089909
swap_24_shadow_swap,qwen_image,conditional,0.0007407015096396
swap_25_shadow_swap,qwen_image,conditional,0.0005476824287325
swap_26_shadow_swap,qwen_image,conditional,0.0004045959375798
swap_27_shadow_swap,qwen_image,conditional,0.0002528042253106
swap_28_shadow_swap,qwen_image,conditional,0.0006525154784321
swap_29_shadow_swap,qwen_image,conditional,0.0004259720165282
swap_30_shadow_swap,qwen_image,conditional,0.0001242933329194
swap_31_shadow_swap,qwen_image,conditional,0.0001462779939174
swap_32_shadow_swap,qwen_image,conditional,0.0004989306861534
swap_33_shadow_swap,qwen_image,conditional,0.0004184957267716
swap_34_shadow_swap,qwen_image,conditional,0.0002426691865548
swap_35_shadow_swap,qwen_image,conditional,0.0002070877328515
swap_36_shadow_swap,qwen_image,conditional,0.0003104848554357
swap_37_shadow_swap,qwen_image,conditional,0.0004365977225825
swap_38_shadow_swap,qwen_image,conditional,0.0001303363218903
swap_39_shadow_swap,qwen_image,conditional,6.690233945846197e-05
swap_40_shadow_swap,qwen_image,conditional,0.0005488720256835
swap_41_shadow_swap,qwen_image,conditional,0.0006960525456815
swap_42_shadow_swap,qwen_image,conditional,0.0003886161278933
swap_43_shadow_swap,qwen_image,conditional,0.0002744624111801
swap_44_shadow_swap,qwen_image,conditional,0.0005949442740529
swap_45_shadow_swap,qwen_image,conditional,0.0002171582821756
swap_46_shadow_swap,qwen_image,conditional,0.0002130117453634
swap_47_shadow_swap,qwen_image,conditional,8.500419557094796e-05
swap_48_shadow_swap,qwen_image,conditional,0.0003307135775685
swap_49_shadow_swap,qwen_image,conditional,0.0005719312047585
swap_50_shadow_swap,qwen_image,conditional,0.0002933176653459
swap_51_shadow_swap,qwen_image,conditional,0.0001676052017137
swap_52_shadow_swap,qwen_image,conditional,0.000332012232393
swap_53_shadow_swap,qwen_image,conditional,0.0004099084157496
swap_54_shadow_swap,qwen_image,conditional,7.968829944730166e-05
swap_55_shadow_swap,qwen_image,conditional,8.227541577070924e-05
swap_56_shadow_swap,qwen_image,conditional,0.000656198170036
swap_57_shadow_swap,qwen_image,conditional,0.0002991961035877
swap_58_shadow_swap,qwen_image,conditional,0.0003138947952538
swap_59_shadow_swap,qwen_image,conditional,0.000171352205798
swap_60_shadow_swap,qwen_image,conditional,0.0004410880524665
swap_61_shadow_swap,qwen_image,conditional,0.0002539474330842
swap_62_shadow_swap,qwen_image,conditional,0.000151349324733
swap_63_shadow_swap,qwen_image,conditional,0.0001525961048901
swap_64_shadow_swap,qwen_image,conditional,0.0003122320398688
swap_65_shadow_swap,qwen_image,conditional,0.0007272910699248
swap_66_shadow_swap,qwen_image,conditional,0.0003569236677139
swap_67_shadow_swap,qwen_image,conditional,0.0003495334088802
swap_68_shadow_swap,qwen_image,conditional,0.0006368907215073
swap_69_shadow_swap,qwen_image,conditional,0.0003535670368
swap_70_shadow_swap,qwen_image,conditional,0.0003191541275009
swap_71_shadow_swap,qwen_image,conditional,0.0001180371735245
swap_72_shadow_swap,qwen_image,conditional,0.0002886892016977
swap_73_shadow_swap,qwen_image,conditional,0.000508311856538
swap_74_shadow_swap,qwen_image,conditional,0.0002261701086536
swap_75_shadow_swap,qwen_image,conditional,6.961507257074312e-05
swap_76_shadow_swap,qwen_image,conditional,0.0002194328606128
swap_77_shadow_swap,qwen_image,conditional,0.0005815490381792
swap_78_shadow_swap,qwen_image,conditional,0.0001242378866299
swap_79_shadow_swap,qwen_image,conditional,8.497613016515693e-05
swap_80_shadow_swap,qwen_image,conditional,0.0007169940136373
swap_81_shadow_swap,qwen_image,conditional,0.0007021518237888
swap_82_shadow_swap,qwen_image,conditional,0.0004136265907436
swap_83_shadow_swap,qwen_image,conditional,0.000344453305006
swap_84_shadow_swap,qwen_image,conditional,0.0007461506873369
swap_85_shadow_swap,qwen_image,conditional,0.0004185936320573
swap_86_shadow_swap,qwen_image,conditional,0.0001797252707183
swap_87_shadow_swap,qwen_image,conditional,0.0001809837669134
swap_88_shadow_swap,qwen_image,conditional,0.00135506933555
swap_89_shadow_swap,qwen_image,conditional,0.001183168105781
swap_90_shadow_swap,qwen_image,conditional,0.0007262551505118
swap_91_shadow_swap,qwen_image,conditional,0.0005170813482254
swap_92_shadow_swap,qwen_image,conditional,0.0009747794922441
swap_93_shadow_swap,qwen_image,conditional,0.0011107130534946
swap_94_shadow_swap,qwen_image,conditional,0.0004290504194796
swap_95_shadow_swap,qwen_image,conditional,0.0001702077593654
swap_0_reflection_swap,qwen_image,conditional,0.0001713783293962
swap_1_reflection_swap,qwen_image,conditional,5.732106044888802e-05
swap_2_reflection_swap,qwen_image,conditional,7.719606161117609e-05
swap_3_reflection_swap,qwen_image,conditional,9.591944515704998e-05
swap_4_reflection_swap,qwen_image,conditional,0.0002143401186913
swap_5_reflection_swap,qwen_image,conditional,0.0001161439996212
swap_6_reflection_swap,qwen_image,conditional,0.0001772742345929
swap_7_reflection_swap,qwen_image,conditional,3.814578987657719e-05
swap_8_reflection_swap,qwen_image,conditional,0.0004981627129018
swap_9_reflection_swap,qwen_image,conditional,0.0004511374048888
swap_10_reflection_swap,qwen_image,conditional,0.0002460947167128
swap_11_reflection_swap,qwen_image,conditional,0.0002738269045949
swap_12_reflection_swap,qwen_image,conditional,0.0011141031701117
swap_13_reflection_swap,qwen_image,conditional,0.0005625100433826
swap_14_reflection_swap,qwen_image,conditional,0.0004973597079515
swap_15_reflection_swap,qwen_image,conditional,0.0004744929727166
swap_16_reflection_swap,qwen_image,conditional,-2.812418155372781e-05
swap_17_reflection_swap,qwen_image,conditional,0.0004925699625164
swap_18_reflection_swap,qwen_image,conditional,0.0005450585391372
swap_19_reflection_swap,qwen_image,conditional,-0.0002305180951952
swap_20_reflection_swap,qwen_image,conditional,0.0001641339529305
swap_21_reflection_swap,qwen_image,conditional,-0.0001433154288679
swap_22_reflection_swap,qwen_image,conditional,-0.0001318943034857
swap_23_reflection_swap,qwen_image,conditional,0.000127110062167
swap_24_reflection_swap,qwen_image,conditional,0.0011903227679431
swap_25_reflection_swap,qwen_image,conditional,0.0012689437624067
swap_26_reflection_swap,qwen_image,conditional,0.0006815758533775
swap_27_reflection_swap,qwen_image,conditional,0.0010773928463459
swap_28_reflection_swap,qwen_image,conditional,0.0011990596354007
swap_29_reflection_swap,qwen_image,conditional,0.0010293246340006
swap_30_reflection_swap,qwen_image,conditional,0.0007407883554697
swap_31_reflection_swap,qwen_image,conditional,0.0010903646424412
swap_32_reflection_swap,qwen_image,conditional,0.000288675809279
swap_33_reflection_swap,qwen_image,conditional,0.0001694118278101
swap_34_reflection_swap,qwen_image,conditional,0.0001411484600976
swap_35_reflection_swap,qwen_image,conditional,0.0001431429106742
swap_36_reflection_swap,qwen_image,conditional,0.0004444824811071
swap_37_reflection_swap,qwen_image,conditional,0.0003760004788637
swap_38_reflection_swap,qwen_image,conditional,0.0002701904159039
swap_39_reflection_swap,qwen_image,conditional,0.0001764753926545
swap_40_reflection_swap,qwen_image,conditional,0.0006773499771952
swap_41_reflection_swap,qwen_image,conditional,0.0004575624782592
swap_42_reflection_swap,qwen_image,conditional,0.0003592523466795
swap_43_reflection_swap,qwen_image,conditional,0.0002652607392519
swap_44_reflection_swap,qwen_image,conditional,0.000918586840853
swap_45_reflection_swap,qwen_image,conditional,0.0010768032073974
swap_46_reflection_swap,qwen_image,conditional,0.0006143159419298
swap_47_reflection_swap,qwen_image,conditional,0.0005141889862716
swap_48_reflection_swap,qwen_image,conditional,0.0003603259846568
swap_49_reflection_swap,qwen_image,conditional,0.0009129098337143
swap_50_reflection_swap,qwen_image,conditional,0.0008295390475541
swap_51_reflection_swap,qwen_image,conditional,0.0003542142640799
swap_52_reflection_swap,qwen_image,conditional,0.0009893279289826
swap_53_reflection_swap,qwen_image,conditional,0.0002805767487734
swap_54_reflection_swap,qwen_image,conditional,0.000793610564433
swap_55_reflection_swap,qwen_image,conditional,0.0004276109812781
swap_56_reflection_swap,qwen_image,conditional,0.0006155778001993
swap_57_reflection_swap,qwen_image,conditional,0.0006523608509451
swap_58_reflection_swap,qwen_image,conditional,0.0002047473378479
swap_59_reflection_swap,qwen_image,conditional,0.0005622093845158
swap_60_reflection_swap,qwen_image,conditional,0.0010597464162856
swap_61_reflection_swap,qwen_image,conditional,0.001694328635931
swap_62_reflection_swap,qwen_image,conditional,0.0014304459281265
swap_63_reflection_swap,qwen_image,conditional,0.000850806729868
swap_64_reflection_swap,qwen_image,conditional,0.0003758650645613
swap_65_reflection_swap,qwen_image,conditional,0.0001307223271578
swap_66_reflection_swap,qwen_image,conditional,0.0003162331413477
swap_67_reflection_swap,qwen_image,conditional,0.0001214415766298
swap_68_reflection_swap,qwen_image,conditional,0.0008659186819568
swap_69_reflection_swap,qwen_image,conditional,0.0009695161739364
swap_70_reflection_swap,qwen_image,conditional,0.0011045923782512
swap_71_reflection_swap,qwen_image,conditional,0.0004560064477846
swap_72_reflection_swap,qwen_image,conditional,0.0002231159852817
swap_73_reflection_swap,qwen_image,conditional,0.000297128316015
swap_74_reflection_swap,qwen_image,conditional,0.0001478278869763
swap_75_reflection_swap,qwen_image,conditional,0.0002835596678778
swap_76_reflection_swap,qwen_image,conditional,0.0005812162766233
swap_77_reflection_swap,qwen_image,conditional,0.0003945027757435
swap_78_reflection_swap,qwen_image,conditional,0.0004638496087864
swap_79_reflection_swap,qwen_image,conditional,0.0003870033985003
swap_80_reflection_swap,qwen_image,conditional,0.0001765413722023
swap_81_reflection_swap,qwen_image,conditional,0.000168920867145
swap_82_reflection_swap,qwen_image,conditional,0.0001117106340825
swap_83_reflection_swap,qwen_image,conditional,0.0001683643367141
swap_84_reflection_swap,qwen_image,conditional,0.0002119578700512
swap_85_reflection_swap,qwen_image,conditional,0.0006903693033382
swap_86_reflection_swap,qwen_image,conditional,0.0008864484261721
swap_87_reflection_swap,qwen_image,conditional,0.0006837103515863
swap_88_reflection_swap,qwen_image,conditional,0.0001387229003012
swap_89_reflection_swap,qwen_image,conditional,8.793362416326805e-05
swap_90_reflection_swap,qwen_image,conditional,0.0001665029115974
swap_91_reflection_swap,qwen_image,conditional,8.320263586938242e-05
swap_92_reflection_swap,qwen_image,conditional,0.0003770396066829
swap_93_reflection_swap,qwen_image,conditional,1.6570314764978444e-05
swap_94_reflection_swap,qwen_image,conditional,0.0003719456726685
swap_95_reflection_swap,qwen_image,conditional,0.0001032411539927
swap_0_lightdir_swap,stable_diffusion_3,empty,-4.39701974391804e-05
swap_1_lightdir_swap,stable_diffusion_3,empty,-0.0001933027058839
swap_2_lightdir_swap,stable_diffusion_3,empty,0.0002557972818613
swap_3_lightdir_swap,stable_diffusion_3,empty,-5.549561232329192e-05
swap_4_lightdir_swap,stable_diffusion_3,empty,-8.626654744159357e-07
swap_5_lightdir_swap,stable_diffusion_3,empty,-0.0001390613988041
swap_6_lightdir_swap,stable_diffusion_3,empty,0.0001437593251466
swap_7_lightdir_swap,stable_diffusion_3,empty,-0.0001959406211972
swap_8_lightdir_swap,stable_diffusion_3,empty,-0.0001061160489916
swap_9_lightdir_swap,stable_diffusion_3,empty,0.0003535646572709
swap_10_lightdir_swap,stable_diffusion_3,empty,0.0004617245867848
swap_11_lightdir_swap,stable_diffusion_3,empty,0.0003776250779628
swap_12_lightdir_swap,stable_diffusion_3,empty,0.0004579676873981
swap_13_lightdir_swap,stable_diffusion_3,empty,0.0003778745047748
swap_14_lightdir_swap,stable_diffusion_3,empty,0.0005759263411164
swap_15_lightdir_swap,stable_diffusion_3,empty,0.0006064452417194
swap_16_lightdir_swap,stable_diffusion_3,empty,0.0002164999395609
swap_17_lightdir_swap,stable_diffusion_3,empty,0.0007810939848423
swap_18_lightdir_swap,stable_diffusion_3,empty,0.0005724141001701
swap_19_lightdir_swap,stable_diffusion_3,empty,-0.0002077297121286
swap_20_lightdir_swap,stable_diffusion_3,empty,0.0001592495664954
swap_21_lightdir_swap,stable_diffusion_3,empty,0.0005986087024211
swap_22_lightdir_swap,stable_diffusion_3,empty,0.0001516181230545
swap_23_lightdir_swap,stable_diffusion_3,empty,0.0002152621373534
swap_24_lightdir_swap,stable_diffusion_3,empty,0.0005520197749137
swap_25_lightdir_swap,stable_diffusion_3,empty,4.6179890632630505e-05
swap_26_lightdir_swap,stable_diffusion_3,empty,-0.0001037414371967
swap_27_lightdir_swap,stable_diffusion_3,empty,0.0004915805160999
swap_28_lightdir_swap,stable_diffusion_3,empty,-8.489999920127667e-05
swap_29_lightdir_swap,stable_diffusion_3,empty,0.0002786107733845
swap_30_lightdir_swap,stable_diffusion_3,empty,0.0007747473940253
swap_31_lightdir_swap,stable_diffusion_3,empty,0.0005788663402199
swap_32_lightdir_swap,stable_diffusion_3,empty,6.201416254042469e-05
swap_33_lightdir_swap,stable_diffusion_3,empty,0.0001852888613939
swap_34_lightdir_swap,stable_diffusion_3,empty,0.0002271862328052
swap_35_lightdir_swap,stable_diffusion_3,empty,-1.1389181017895655e-05
swap_36_lightdir_swap,stable_diffusion_3,empty,-0.0005612340569496
swap_37_lightdir_swap,stable_diffusion_3,empty,-5.1549337804324136e-05
swap_38_lightdir_swap,stable_diffusion_3,empty,-0.0003300280496477
swap_39_lightdir_swap,stable_diffusion_3,empty,-0.0004473016783594
swap_40_lightdir_swap,stable_diffusion_3,empty,0.0005222567915916
swap_41_lightdir_swap,stable_diffusion_3,empty,0.0007838742062449
swap_42_lightdir_swap,stable_diffusion_3,empty,0.0002580286934971
swap_43_lightdir_swap,stable_diffusion_3,empty,0.0007212544232606
swap_44_lightdir_swap,stable_diffusion_3,empty,0.0003030287846922
swap_45_lightdir_swap,stable_diffusion_3,empty,0.0002006483823061
swap_46_lightdir_swap,stable_diffusion_3,empty,0.0002437813952565
swap_47_lightdir_swap,stable_diffusion_3,empty,0.0003732688724994
swap_48_lightdir_swap,stable_diffusion_3,empty,0.0007563921064138
swap_49_lightdir_swap,stable_diffusion_3,empty,-0.0002695926278829
swap_50_lightdir_swap,stable_diffusion_3,empty,0.0009748684242367
swap_51_lightdir_swap,stable_diffusion_3,empty,-0.0004498773813247
swap_52_lightdir_swap,stable_diffusion_3,empty,0.0009270470589399
swap_53_lightdir_swap,stable_diffusion_3,empty,4.65545244515142e-05
swap_54_lightdir_swap,stable_diffusion_3,empty,0.0005077308416366
swap_55_lightdir_swap,stable_diffusion_3,empty,-0.0009705460816621
swap_56_lightdir_swap,stable_diffusion_3,empty,-0.0002160010673105
swap_57_lightdir_swap,stable_diffusion_3,empty,0.0006931200064718
swap_58_lightdir_swap,stable_diffusion_3,empty,0.0004392275959253
swap_59_lightdir_swap,stable_diffusion_3,empty,0.0002201351523399
swap_60_lightdir_swap,stable_diffusion_3,empty,4.556961357593536e-05
swap_61_lightdir_swap,stable_diffusion_3,empty,9.600197896361684e-05
swap_62_lightdir_swap,stable_diffusion_3,empty,0.0005633242055773
swap_63_lightdir_swap,stable_diffusion_3,empty,-5.0805080682059245e-05
swap_64_lightdir_swap,stable_diffusion_3,empty,0.0003080467879772
swap_65_lightdir_swap,stable_diffusion_3,empty,-0.0006351844221353
swap_66_lightdir_swap,stable_diffusion_3,empty,0.000181714836508
swap_67_lightdir_swap,stable_diffusion_3,empty,0.0002174373157322
swap_68_lightdir_swap,stable_diffusion_3,empty,0.000243552327156
swap_69_lightdir_swap,stable_diffusion_3,empty,6.967363879084587e-05
swap_70_lightdir_swap,stable_diffusion_3,empty,0.0003405372053384
swap_71_lightdir_swap,stable_diffusion_3,empty,0.0006112828664481
swap_72_lightdir_swap,stable_diffusion_3,empty,-1.7126239836212642e-05
swap_73_lightdir_swap,stable_diffusion_3,empty,0.0002718413993716
swap_74_lightdir_swap,stable_diffusion_3,empty,-8.035566657782489e-05
swap_75_lightdir_swap,stable_diffusion_3,empty,0.0009706832841038
swap_76_lightdir_swap,stable_diffusion_3,empty,-0.0007881476730108
swap_77_lightdir_swap,stable_diffusion_3,empty,-0.0001082039251923
swap_78_lightdir_swap,stable_diffusion_3,empty,0.0003003419190645
swap_79_lightdir_swap,stable_diffusion_3,empty,0.0010190478339791
swap_80_lightdir_swap,stable_diffusion_3,empty,0.0005116136372089
swap_81_lightdir_swap,stable_diffusion_3,empty,0.0007462312281131
swap_82_lightdir_swap,stable_diffusion_3,empty,-0.0001297710090875
swap_83_lightdir_swap,stable_diffusion_3,empty,0.0004671123623848
swap_84_lightdir_swap,stable_diffusion_3,empty,0.0005923680961132
swap_85_lightdir_swap,stable_diffusion_3,empty,0.0003503707423806
swap_86_lightdir_swap,stable_diffusion_3,empty,0.0004015899077057
swap_87_lightdir_swap,stable_diffusion_3,empty,-0.0003768678382039
swap_88_lightdir_swap,stable_diffusion_3,empty,0.0002667509019374
swap_89_lightdir_swap,stable_diffusion_3,empty,0.0001885683089494
swap_90_lightdir_swap,stable_diffusion_3,empty,0.0004152169823646
swap_91_lightdir_swap,stable_diffusion_3,empty,0.0006119319051504
swap_92_lightdir_swap,stable_diffusion_3,empty,0.000329432375729
swap_93_lightdir_swap,stable_diffusion_3,empty,0.0004000381380319
swap_94_lightdir_swap,stable_diffusion_3,empty,0.0003591240942477
swap_95_lightdir_swap,stable_diffusion_3,empty,-4.184618592262268e-05
swap_0_shadow_swap,stable_diffusion_3,empty,-0.0004570821300148
swap_1_shadow_swap,stable_diffusion_3,empty,-0.0001493965089321
swap_2_shadow_swap,stable_diffusion_3,empty,0.0001671597361564
swap_3_shadow_swap,stable_diffusion_3,empty,-0.0005790257081389
swap_4_shadow_swap,stable_diffusion_3,empty,-0.000163803435862
swap_5_shadow_swap,stable_diffusion_3,empty,-0.0002046609669923
swap_6_shadow_swap,stable_diffusion_3,empty,8.98027420044023e-05
swap_7_shadow_swap,stable_diffusion_3,empty,-0.0002470783516764
swap_8_shadow_swap,stable_diffusion_3,empty,0.0002577551081776
swap_9_shadow_swap,stable_diffusion_3,empty,0.0004995944350957
swap_10_shadow_swap,stable_diffusion_3,empty,-0.0003242162242531
swap_11_shadow_swap,stable_diffusion_3,empty,0.0001907622441649
swap_12_shadow_swap,stable_diffusion_3,empty,0.0004901088774204
swap_13_shadow_swap,stable_diffusion_3,empty,-0.0007132882624864
swap_14_shadow_swap,stable_diffusion_3,empty,-5.286712199450983e-05
swap_15_shadow_swap,stable_diffusion_3,empty,-0.0002931375056505
swap_16_shadow_swap,stable_diffusion_3,empty,-0.000563455671072
swap_17_shadow_swap,stable_diffusion_3,empty,-0.0003247431665658
swap_18_shadow_swap,stable_diffusion_3,empty,0.0001449284702539
swap_19_shadow_swap,stable_diffusion_3,empty,0.0005304853245615
swap_20_shadow_swap,stable_diffusion_3,empty,-0.0003192674741148
swap_21_shadow_swap,stable_diffusion_3,empty,0.0003014338761568
swap_22_shadow_swap,stable_diffusion_3,empty,-0.000305627733469
swap_23_shadow_swap,stable_diffusion_3,empty,3.844864666463499e-05
swap_24_shadow_swap,stable_diffusion_3,empty,0.0004529554396867
swap_25_shadow_swap,stable_diffusion_3,empty,0.0004302895069122
swap_26_shadow_swap,stable_diffusion_3,empty,7.641091942786615e-05
swap_27_shadow_swap,stable_diffusion_3,empty,-0.0003356953337788
swap_28_shadow_swap,stable_diffusion_3,empty,-0.000163193270564
swap_29_shadow_swap,stable_diffusion_3,empty,-0.0002600721269845
swap_30_shadow_swap,stable_diffusion_3,empty,-0.0001387913152575
swap_31_shadow_swap,stable_diffusion_3,empty,-0.0001164016127586
swap_32_shadow_swap,stable_diffusion_3,empty,0.0003159003332257
swap_33_shadow_swap,stable_diffusion_3,empty,-0.0004345325939357
swap_34_shadow_swap,stable_diffusion_3,empty,-0.0003284070268273
swap_35_shadow_swap,stable_diffusion_3,empty,-9.8716225475054e-05
swap_36_shadow_swap,stable_diffusion_3,empty,-0.0007931734248995
swap_37_shadow_swap,stable_diffusion_3,empty,6.971539929509496e-05
swap_38_shadow_swap,stable_diffusion_3,empty,-0.0002628306113183
swap_39_shadow_swap,stable_diffusion_3,empty,0.0001447382010519
swap_40_shadow_swap,stable_diffusion_3,empty,-0.0007229666411876
swap_41_shadow_swap,stable_diffusion_3,empty,-0.0001235445961356
swap_42_shadow_swap,stable_diffusion_3,empty,-0.0003221716731786
swap_43_shadow_swap,stable_diffusion_3,empty,8.341040462256366e-05
swap_44_shadow_swap,stable_diffusion_3,empty,0.000268695577979
swap_45_shadow_swap,stable_diffusion_3,empty,-0.0002292347326874
swap_46_shadow_swap,stable_diffusion_3,empty,-0.0001643033325672
swap_47_shadow_swap,stable_diffusion_3,empty,0.0003942958638072
swap_48_shadow_swap,stable_diffusion_3,empty,-1.5625953674297532e-05
swap_49_shadow_swap,stable_diffusion_3,empty,-3.865450620652022e-05
swap_50_shadow_swap,stable_diffusion_3,empty,0.0001788023114204
swap_51_shadow_swap,stable_diffusion_3,empty,4.572233185171082e-05
swap_52_shadow_swap,stable_diffusion_3,empty,0.0001646274514496
swap_53_shadow_swap,stable_diffusion_3,empty,0.0005714907124638
swap_54_shadow_swap,stable_diffusion_3,empty,0.000302592664957
swap_55_shadow_swap,stable_diffusion_3,empty,-0.0003137162141501
swap_56_shadow_swap,stable_diffusion_3,empty,-0.0001503318548202
swap_57_shadow_swap,stable_diffusion_3,empty,3.640301525592582e-05
swap_58_shadow_swap,stable_diffusion_3,empty,-7.484789937736713e-05
swap_59_shadow_swap,stable_diffusion_3,empty,0.0003363152220845
swap_60_shadow_swap,stable_diffusion_3,empty,-0.0001823957264423
swap_61_shadow_swap,stable_diffusion_3,empty,0.0001813608035445
swap_62_shadow_swap,stable_diffusion_3,empty,7.382337003947192e-05
swap_63_shadow_swap,stable_diffusion_3,empty,-4.684191197154575e-05
swap_64_shadow_swap,stable_diffusion_3,empty,0.0004147313162684
swap_65_shadow_swap,stable_diffusion_3,empty,9.09208692610186e-05
swap_66_shadow_swap,stable_diffusion_3,empty,6.476368755101158e-05
swap_67_shadow_swap,stable_diffusion_3,empty,9.608184918760698e-05
swap_68_shadow_swap,stable_diffusion_3,empty,-2.0602419972398645e-05
swap_69_shadow_swap,stable_diffusion_3,empty,-0.0006525885127484
swap_70_shadow_swap,stable_diffusion_3,empty,0.0002288710884749
swap_71_shadow_swap,stable_diffusion_3,empty,8.089251816273402e-05
swap_72_shadow_swap,stable_diffusion_3,empty,0.0004501320794224
swap_73_shadow_swap,stable_diffusion_3,empty,-0.0008486849069595
swap_74_shadow_swap,stable_diffusion_3,empty,-2.071654424071201e-05
swap_75_shadow_swap,stable_diffusion_3,empty,-0.0002189910970628
swap_76_shadow_swap,stable_diffusion_3,empty,-9.476285427809096e-05
swap_77_shadow_swap,stable_diffusion_3,empty,0.0002045731246471
swap_78_shadow_swap,stable_diffusion_3,empty,0.00029773844406
swap_79_shadow_swap,stable_diffusion_3,empty,0.0005283869057893
swap_80_shadow_swap,stable_diffusion_3,empty,-0.0004788864031434
swap_81_shadow_swap,stable_diffusion_3,empty,0.0004339969530701
swap_82_shadow_swap,stable_diffusion_3,empty,0.0003084649518132
swap_83_shadow_swap,stable_diffusion_3,empty,-4.537582397459716e-05
swap_84_shadow_swap,stable_diffusion_3,empty,0.0001119440793991
swap_85_shadow_swap,stable_diffusion_3,empty,8.985400199890137e-06
swap_86_shadow_swap,stable_diffusion_3,empty,-9.759873151779508e-05
swap_87_shadow_swap,stable_diffusion_3,empty,0.000153839290142
swap_88_shadow_swap,stable_diffusion_3,empty,-0.0003518330305814
swap_89_shadow_swap,stable_diffusion_3,empty,0.0006838356703519
swap_90_shadow_swap,stable_diffusion_3,empty,-0.0002813564240932
swap_91_shadow_swap,stable_diffusion_3,empty,0.0003533566370606
swap_92_shadow_swap,stable_diffusion_3,empty,0.0009023640304803
swap_93_shadow_swap,stable_diffusion_3,empty,-0.0010985687375068
swap_94_shadow_swap,stable_diffusion_3,empty,0.0004352122917771
swap_95_shadow_swap,stable_diffusion_3,empty,-0.00082374535501
swap_0_reflection_swap,stable_diffusion_3,empty,0.0001279674842953
swap_1_reflection_swap,stable_diffusion_3,empty,-0.0004555153474211
swap_2_reflection_swap,stable_diffusion_3,empty,0.0007898722589015
swap_3_reflection_swap,stable_diffusion_3,empty,-0.0002678135037421
swap_4_reflection_swap,stable_diffusion_3,empty,0.0001390773057937
swap_5_reflection_swap,stable_diffusion_3,empty,-0.000260599553585
swap_6_reflection_swap,stable_diffusion_3,empty,0.0002249928936362
swap_7_reflection_swap,stable_diffusion_3,empty,0.0002025364339351
swap_8_reflection_swap,stable_diffusion_3,empty,0.0003828964382409
swap_9_reflection_swap,stable_diffusion_3,empty,0.0003473901376128
swap_10_reflection_swap,stable_diffusion_3,empty,0.0008438950031995
swap_11_reflection_swap,stable_diffusion_3,empty,0.0002001093327999
swap_12_reflection_swap,stable_diffusion_3,empty,0.0010552987456321
swap_13_reflection_swap,stable_diffusion_3,empty,0.0004780426248907
swap_14_reflection_swap,stable_diffusion_3,empty,0.0004095150530338
swap_15_reflection_swap,stable_diffusion_3,empty,0.0001891527324914
swap_16_reflection_swap,stable_diffusion_3,empty,-0.000148180834949
swap_17_reflection_swap,stable_diffusion_3,empty,0.0005181068927049
swap_18_reflection_swap,stable_diffusion_3,empty,0.0001310532912612
swap_19_reflection_swap,stable_diffusion_3,empty,0.0005588464438915
swap_20_reflection_swap,stable_diffusion_3,empty,0.0004802713543176
swap_21_reflection_swap,stable_diffusion_3,empty,-0.0009779717028141
swap_22_reflection_swap,stable_diffusion_3,empty,0.0005004152655601
swap_23_reflection_swap,stable_diffusion_3,empty,-0.0004666072875261
swap_24_reflection_swap,stable_diffusion_3,empty,0.0011330693215131
swap_25_reflection_swap,stable_diffusion_3,empty,-0.0003528358414769
swap_26_reflection_swap,stable_diffusion_3,empty,0.0001638212800025
swap_27_reflection_swap,stable_diffusion_3,empty,0.000742512717843
swap_28_reflection_swap,stable_diffusion_3,empty,0.0032002299278974
swap_29_reflection_swap,stable_diffusion_3,empty,0.0009727812558412
swap_30_reflection_swap,stable_diffusion_3,empty,0.0015252520889043
swap_31_reflection_swap,stable_diffusion_3,empty,0.0007592967152595
swap_32_reflection_swap,stable_diffusion_3,empty,1.4005117118354171e-05
swap_33_reflection_swap,stable_diffusion_3,empty,7.889058440924135e-05
swap_34_reflection_swap,stable_diffusion_3,empty,-6.761718541384298e-05
swap_35_reflection_swap,stable_diffusion_3,empty,-1.007895916699253e-05
swap_36_reflection_swap,stable_diffusion_3,empty,-1.6216300427918107e-05
swap_37_reflection_swap,stable_diffusion_3,empty,0.0001628520712256
swap_38_reflection_swap,stable_diffusion_3,empty,0.0006190415844321
swap_39_reflection_swap,stable_diffusion_3,empty,-0.00052579222247
swap_40_reflection_swap,stable_diffusion_3,empty,0.0002439074963331
swap_41_reflection_swap,stable_diffusion_3,empty,-9.528085589408096e-05
swap_42_reflection_swap,stable_diffusion_3,empty,0.000528491847217
swap_43_reflection_swap,stable_diffusion_3,empty,8.159797638654376e-05
swap_44_reflection_swap,stable_diffusion_3,empty,0.0008350501209497
swap_45_reflection_swap,stable_diffusion_3,empty,0.000203656964004
swap_46_reflection_swap,stable_diffusion_3,empty,0.0004969009011983
swap_47_reflection_swap,stable_diffusion_3,empty,0.0002686193957924
swap_48_reflection_swap,stable_diffusion_3,empty,0.0004217933863401
swap_49_reflection_swap,stable_diffusion_3,empty,0.0014092106744647
swap_50_reflection_swap,stable_diffusion_3,empty,0.0002686995267868
swap_51_reflection_swap,stable_diffusion_3,empty,0.0014208057895302
swap_52_reflection_swap,stable_diffusion_3,empty,0.0008062884770333
swap_53_reflection_swap,stable_diffusion_3,empty,0.0003426753357052
swap_54_reflection_swap,stable_diffusion_3,empty,0.0003682946041226
swap_55_reflection_swap,stable_diffusion_3,empty,-0.0001769837364554
swap_56_reflection_swap,stable_diffusion_3,empty,0.000787396505475
swap_57_reflection_swap,stable_diffusion_3,empty,0.0007544362917542
swap_58_reflection_swap,stable_diffusion_3,empty,0.0005541594326496
swap_59_reflection_swap,stable_diffusion_3,empty,0.0009108762070536
swap_60_reflection_swap,stable_diffusion_3,empty,0.0022200711071491
swap_61_reflection_swap,stable_diffusion_3,empty,0.0011694209277629
swap_62_reflection_swap,stable_diffusion_3,empty,0.0008864593878388
swap_63_reflection_swap,stable_diffusion_3,empty,0.0027906926348805
swap_64_reflection_swap,stable_diffusion_3,empty,0.0002139407023787
swap_65_reflection_swap,stable_diffusion_3,empty,8.505802601574408e-05
swap_66_reflection_swap,stable_diffusion_3,empty,0.0003593959659337
swap_67_reflection_swap,stable_diffusion_3,empty,0.0001034145057201
swap_68_reflection_swap,stable_diffusion_3,empty,0.0013579975254833
swap_69_reflection_swap,stable_diffusion_3,empty,0.0003747687116265
swap_70_reflection_swap,stable_diffusion_3,empty,0.0007426922395825
swap_71_reflection_swap,stable_diffusion_3,empty,0.0005198468640446
swap_72_reflection_swap,stable_diffusion_3,empty,-0.0006200378388166
swap_73_reflection_swap,stable_diffusion_3,empty,0.0002275139093399
swap_74_reflection_swap,stable_diffusion_3,empty,0.0004495168477296
swap_75_reflection_swap,stable_diffusion_3,empty,2.2319462150338643e-05
swap_76_reflection_swap,stable_diffusion_3,empty,7.28889927268106e-05
swap_77_reflection_swap,stable_diffusion_3,empty,0.0006818450242281
swap_78_reflection_swap,stable_diffusion_3,empty,0.0003294584341347
swap_79_reflection_swap,stable_diffusion_3,empty,0.0002584015764296
swap_80_reflection_swap,stable_diffusion_3,empty,0.0004088886454701
swap_81_reflection_swap,stable_diffusion_3,empty,2.585574984559358e-06
swap_82_reflection_swap,stable_diffusion_3,empty,3.536537289619557e-05
swap_83_reflection_swap,stable_diffusion_3,empty,-8.527919650078153e-05
swap_84_reflection_swap,stable_diffusion_3,empty,0.0005786088481545
swap_85_reflection_swap,stable_diffusion_3,empty,8.875686675310912e-05
swap_86_reflection_swap,stable_diffusion_3,empty,0.0003668702021241
swap_87_reflection_swap,stable_diffusion_3,empty,0.0006654140353202
swap_88_reflection_swap,stable_diffusion_3,empty,0.0004144048690795
swap_89_reflection_swap,stable_diffusion_3,empty,0.0006229913420975
swap_90_reflection_swap,stable_diffusion_3,empty,0.0002342602796852
swap_91_reflection_swap,stable_diffusion_3,empty,-0.0002197198010981
swap_92_reflection_swap,stable_diffusion_3,empty,0.0010146445222199
swap_93_reflection_swap,stable_diffusion_3,empty,0.0003786924853921
swap_94_reflection_swap,stable_diffusion_3,empty,0.0006652837991714
swap_95_reflection_swap,stable_diffusion_3,empty,0.0002610733732581
swap_0_lightdir_swap,stable_diffusion_3,conditional,0.0002697779238224
swap_1_lightdir_swap,stable_diffusion_3,conditional,-0.0004695031419396
swap_2_lightdir_swap,stable_diffusion_3,conditional,0.0002263486385345
swap_3_lightdir_swap,stable_diffusion_3,conditional,-5.038928240538865e-05
swap_4_lightdir_swap,stable_diffusion_3,conditional,0.0001146957278251
swap_5_lightdir_swap,stable_diffusion_3,conditional,-0.0006348794326186
swap_6_lightdir_swap,stable_diffusion_3,conditional,0.0007532856613397
swap_7_lightdir_swap,stable_diffusion_3,conditional,-0.0001465291157364
swap_8_lightdir_swap,stable_diffusion_3,conditional,-0.0001982540264725
swap_9_lightdir_swap,stable_diffusion_3,conditional,0.0001697328314185
swap_10_lightdir_swap,stable_diffusion_3,conditional,0.0001920292899012
swap_11_lightdir_swap,stable_diffusion_3,conditional,0.000337608680129
swap_12_lightdir_swap,stable_diffusion_3,conditional,0.0002204896323382
swap_13_lightdir_swap,stable_diffusion_3,conditional,0.0003359447605907
swap_14_lightdir_swap,stable_diffusion_3,conditional,0.0003629159554839
swap_15_lightdir_swap,stable_diffusion_3,conditional,0.0004647195152938
swap_16_lightdir_swap,stable_diffusion_3,conditional,0.0002987026423215
swap_17_lightdir_swap,stable_diffusion_3,conditional,0.0010295418277382
swap_18_lightdir_swap,stable_diffusion_3,conditional,0.0006180803477764
swap_19_lightdir_swap,stable_diffusion_3,conditional,-0.0002789177000522
swap_20_lightdir_swap,stable_diffusion_3,conditional,0.0001065418869257
swap_21_lightdir_swap,stable_diffusion_3,conditional,0.0001414728537201
swap_22_lightdir_swap,stable_diffusion_3,conditional,-6.596695631744254e-05
swap_23_lightdir_swap,stable_diffusion_3,conditional,9.35085117816925e-05
swap_24_lightdir_swap,stable_diffusion_3,conditional,0.0005816574022173
swap_25_lightdir_swap,stable_diffusion_3,conditional,7.230319082737746e-05
swap_26_lightdir_swap,stable_diffusion_3,conditional,-5.641132593159348e-06
swap_27_lightdir_swap,stable_diffusion_3,conditional,0.0002848003804683
swap_28_lightdir_swap,stable_diffusion_3,conditional,-0.0002834885194897
swap_29_lightdir_swap,stable_diffusion_3,conditional,0.000666578374803
swap_30_lightdir_swap,stable_diffusion_3,conditional,0.0003367501497268
swap_31_lightdir_swap,stable_diffusion_3,conditional,0.0005347654968499
swap_32_lightdir_swap,stable_diffusion_3,conditional,-0.0001064580678939
swap_33_lightdir_swap,stable_diffusion_3,conditional,8.628003299238074e-05
swap_34_lightdir_swap,stable_diffusion_3,conditional,-9.404227137566056e-05
swap_35_lightdir_swap,stable_diffusion_3,conditional,-0.000205086916685
swap_36_lightdir_swap,stable_diffusion_3,conditional,-0.0002478706464171
swap_37_lightdir_swap,stable_diffusion_3,conditional,-0.0001240586116909
swap_38_lightdir_swap,stable_diffusion_3,conditional,5.177386105059689e-05
swap_39_lightdir_swap,stable_diffusion_3,conditional,-0.0005259159579873
swap_40_lightdir_swap,stable_diffusion_3,conditional,0.000339231416583
swap_41_lightdir_swap,stable_diffusion_3,conditional,0.0009849365800619
swap_42_lightdir_swap,stable_diffusion_3,conditional,-0.0001195121183991
swap_43_lightdir_swap,stable_diffusion_3,conditional,0.000260882154107
swap_44_lightdir_swap,stable_diffusion_3,conditional,-1.1175870895385744e-07
swap_45_lightdir_swap,stable_diffusion_3,conditional,0.0001585895568132
swap_46_lightdir_swap,stable_diffusion_3,conditional,0.0002668818086385
swap_47_lightdir_swap,stable_diffusion_3,conditional,0.0003131771460175
swap_48_lightdir_swap,stable_diffusion_3,conditional,0.0003936983272433
swap_49_lightdir_swap,stable_diffusion_3,conditional,-0.0002205528318882
swap_50_lightdir_swap,stable_diffusion_3,conditional,0.0010213170945644
swap_51_lightdir_swap,stable_diffusion_3,conditional,-0.0004351460374891
swap_52_lightdir_swap,stable_diffusion_3,conditional,0.0010420129448175
swap_53_lightdir_swap,stable_diffusion_3,conditional,0.0001709962263703
swap_54_lightdir_swap,stable_diffusion_3,conditional,0.0009162698686122
swap_55_lightdir_swap,stable_diffusion_3,conditional,-0.0004954520985483
swap_56_lightdir_swap,stable_diffusion_3,conditional,-0.0001499884016811
swap_57_lightdir_swap,stable_diffusion_3,conditional,0.0006753140874206
swap_58_lightdir_swap,stable_diffusion_3,conditional,0.0008948575519025
swap_59_lightdir_swap,stable_diffusion_3,conditional,-0.0001969432272017
swap_60_lightdir_swap,stable_diffusion_3,conditional,-6.958587095143298e-05
swap_61_lightdir_swap,stable_diffusion_3,conditional,2.895034849645373e-05
swap_62_lightdir_swap,stable_diffusion_3,conditional,0.0008624766767025
swap_63_lightdir_swap,stable_diffusion_3,conditional,-6.459480151532748e-05
swap_64_lightdir_swap,stable_diffusion_3,conditional,0.0006212587095797
swap_65_lightdir_swap,stable_diffusion_3,conditional,-0.0004487320594489
swap_66_lightdir_swap,stable_diffusion_3,conditional,0.000795628093183
swap_67_lightdir_swap,stable_diffusion_3,conditional,0.0003412960655987
swap_68_lightdir_swap,stable_diffusion_3,conditional,0.0002793864905834
swap_69_lightdir_swap,stable_diffusion_3,conditional,0.0002204070240259
swap_70_lightdir_swap,stable_diffusion_3,conditional,0.0006447721086442
swap_71_lightdir_swap,stable_diffusion_3,conditional,0.0005524202436208
swap_72_lightdir_swap,stable_diffusion_3,conditional,-0.0001812228560447
swap_73_lightdir_swap,stable_diffusion_3,conditional,0.0005538940057158
swap_74_lightdir_swap,stable_diffusion_3,conditional,-0.0002630707249045
swap_75_lightdir_swap,stable_diffusion_3,conditional,0.000842163041234
swap_76_lightdir_swap,stable_diffusion_3,conditional,-0.001048271395266
swap_77_lightdir_swap,stable_diffusion_3,conditional,0.000561397857964
swap_78_lightdir_swap,stable_diffusion_3,conditional,5.22807240486145e-05
swap_79_lightdir_swap,stable_diffusion_3,conditional,0.001084501966834
swap_80_lightdir_swap,stable_diffusion_3,conditional,0.000568126142025
swap_81_lightdir_swap,stable_diffusion_3,conditional,0.0007799554243683
swap_82_lightdir_swap,stable_diffusion_3,conditional,1.727771013973478e-05
swap_83_lightdir_swap,stable_diffusion_3,conditional,0.000226243250072
swap_84_lightdir_swap,stable_diffusion_3,conditional,0.0003507469967007
swap_85_lightdir_swap,stable_diffusion_3,conditional,0.0001862572133541
swap_86_lightdir_swap,stable_diffusion_3,conditional,0.0004281802102923
swap_87_lightdir_swap,stable_diffusion_3,conditional,-0.0002874678745865
swap_88_lightdir_swap,stable_diffusion_3,conditional,0.0005897317081689
swap_89_lightdir_swap,stable_diffusion_3,conditional,0.0002401092275977
swap_90_lightdir_swap,stable_diffusion_3,conditional,0.0007995994016528
swap_91_lightdir_swap,stable_diffusion_3,conditional,0.0004031791910529
swap_92_lightdir_swap,stable_diffusion_3,conditional,0.000606917142868
swap_93_lightdir_swap,stable_diffusion_3,conditional,0.0002716490626335
swap_94_lightdir_swap,stable_diffusion_3,conditional,0.0004678589850664
swap_95_lightdir_swap,stable_diffusion_3,conditional,2.7380585670477853e-05
swap_0_shadow_swap,stable_diffusion_3,conditional,-0.0003684077784419
swap_1_shadow_swap,stable_diffusion_3,conditional,-0.0001047141477465
swap_2_shadow_swap,stable_diffusion_3,conditional,9.244469925759335e-05
swap_3_shadow_swap,stable_diffusion_3,conditional,-0.0002940896525979
swap_4_shadow_swap,stable_diffusion_3,conditional,-0.0001058977097272
swap_5_shadow_swap,stable_diffusion_3,conditional,-0.0001885499432683
swap_6_shadow_swap,stable_diffusion_3,conditional,0.0001762432977557
swap_7_shadow_swap,stable_diffusion_3,conditional,-0.0003655148670077
swap_8_shadow_swap,stable_diffusion_3,conditional,0.0001127245277166
swap_9_shadow_swap,stable_diffusion_3,conditional,0.0003043947741389
swap_10_shadow_swap,stable_diffusion_3,conditional,-0.0002314204350113
swap_11_shadow_swap,stable_diffusion_3,conditional,3.009576350448961e-05
swap_12_shadow_swap,stable_diffusion_3,conditional,0.0005355007946491
swap_13_shadow_swap,stable_diffusion_3,conditional,-0.0004344440624117
swap_14_shadow_swap,stable_diffusion_3,conditional,8.734762668607954e-05
swap_15_shadow_swap,stable_diffusion_3,conditional,4.629835486411049e-05
swap_16_shadow_swap,stable_diffusion_3,conditional,-0.0003293984755873
swap_17_shadow_swap,stable_diffusion_3,conditional,5.443401634694367e-05
swap_18_shadow_swap,stable_diffusion_3,conditional,0.0003931009769439
swap_19_shadow_swap,stable_diffusion_3,conditional,0.0004154132679105
swap_20_shadow_swap,stable_diffusion_3,conditional,-0.0002356493473053
swap_21_shadow_swap,stable_diffusion_3,conditional,0.0004221416264772
swap_22_shadow_swap,stable_diffusion_3,conditional,-0.0003144123777747
swap_23_shadow_swap,stable_diffusion_3,conditional,-0.0002751825749874
swap_24_shadow_swap,stable_diffusion_3,conditional,0.0002530036866665
swap_25_shadow_swap,stable_diffusion_3,conditional,0.0006659884378313
swap_26_shadow_swap,stable_diffusion_3,conditional,0.0003714117407798
swap_27_shadow_swap,stable_diffusion_3,conditional,-0.0002326282858848
swap_28_shadow_swap,stable_diffusion_3,conditional,0.0004618858918547
swap_29_shadow_swap,stable_diffusion_3,conditional,-0.0005415112525224
swap_30_shadow_swap,stable_diffusion_3,conditional,-0.000143494978547
swap_31_shadow_swap,stable_diffusion_3,conditional,-8.401848375796939e-05
swap_32_shadow_swap,stable_diffusion_3,conditional,0.0002400994114577
swap_33_shadow_swap,stable_diffusion_3,conditional,-0.000254017766565
swap_34_shadow_swap,stable_diffusion_3,conditional,-3.279972821473853e-05
swap_35_shadow_swap,stable_diffusion_3,conditional,-3.7820823490603006e-05
swap_36_shadow_swap,stable_diffusion_3,conditional,-0.0003375004045665
swap_37_shadow_swap,stable_diffusion_3,conditional,-0.000467204414308
swap_38_shadow_swap,stable_diffusion_3,conditional,-0.0001965511403977
swap_39_shadow_swap,stable_diffusion_3,conditional,0.0002109059877693
swap_40_shadow_swap,stable_diffusion_3,conditional,-0.0004785013571381
swap_41_shadow_swap,stable_diffusion_3,conditional,-7.96705856919433e-05
swap_42_shadow_swap,stable_diffusion_3,conditional,-0.0001653604209423
swap_43_shadow_swap,stable_diffusion_3,conditional,7.060270756484299e-05
swap_44_shadow_swap,stable_diffusion_3,conditional,0.0003431851789355
swap_45_shadow_swap,stable_diffusion_3,conditional,-0.0001408933848142
swap_46_shadow_swap,stable_diffusion_3,conditional,-0.00016302395612
swap_47_shadow_swap,stable_diffusion_3,conditional,3.880865871908057e-05
swap_48_shadow_swap,stable_diffusion_3,conditional,-0.0001512963324785
swap_49_shadow_swap,stable_diffusion_3,conditional,-0.0001681358367204
swap_50_shadow_swap,stable_diffusion_3,conditional,0.0005732011795044
swap_51_shadow_swap,stable_diffusion_3,conditional,-0.0001632619090378
swap_52_shadow_swap,stable_diffusion_3,conditional,-0.0001038534194231
swap_53_shadow_swap,stable_diffusion_3,conditional,0.0002807437255978
swap_54_shadow_swap,stable_diffusion_3,conditional,0.0004630957357585
swap_55_shadow_swap,stable_diffusion_3,conditional,6.072560325265375e-05
swap_56_shadow_swap,stable_diffusion_3,conditional,-0.0004176126420497
swap_57_shadow_swap,stable_diffusion_3,conditional,0.0002670880779623
swap_58_shadow_swap,stable_diffusion_3,conditional,8.589591830970855e-05
swap_59_shadow_swap,stable_diffusion_3,conditional,-0.0001664790138602
swap_60_shadow_swap,stable_diffusion_3,conditional,-0.0001464560255408
swap_61_shadow_swap,stable_diffusion_3,conditional,0.0004479537904262
swap_62_shadow_swap,stable_diffusion_3,conditional,0.0002035563066601
swap_63_shadow_swap,stable_diffusion_3,conditional,3.445092588663656e-05
swap_64_shadow_swap,stable_diffusion_3,conditional,8.880488574505851e-05
swap_65_shadow_swap,stable_diffusion_3,conditional,0.0001129800640046
swap_66_shadow_swap,stable_diffusion_3,conditional,0.0001846194639801
swap_67_shadow_swap,stable_diffusion_3,conditional,9.302064776423036e-05
swap_68_shadow_swap,stable_diffusion_3,conditional,0.0001064446568488
swap_69_shadow_swap,stable_diffusion_3,conditional,-0.0007299534603953
swap_70_shadow_swap,stable_diffusion_3,conditional,0.0004875657148659
swap_71_shadow_swap,stable_diffusion_3,conditional,2.2719036787743896e-05
swap_72_shadow_swap,stable_diffusion_3,conditional,0.0005727429315447
swap_73_shadow_swap,stable_diffusion_3,conditional,-0.0008200573176145
swap_74_shadow_swap,stable_diffusion_3,conditional,9.012898430227344e-05
swap_75_shadow_swap,stable_diffusion_3,conditional,-0.0004126535914838
swap_76_shadow_swap,stable_diffusion_3,conditional,-0.0002431154623627
swap_77_shadow_swap,stable_diffusion_3,conditional,0.000329646654427
swap_78_shadow_swap,stable_diffusion_3,conditional,0.0002816393412649
swap_79_shadow_swap,stable_diffusion_3,conditional,0.0005678115785122
swap_80_shadow_swap,stable_diffusion_3,conditional,-0.0003063144907355
swap_81_shadow_swap,stable_diffusion_3,conditional,0.0004205781966447
swap_82_shadow_swap,stable_diffusion_3,conditional,0.0003208787366747
swap_83_shadow_swap,stable_diffusion_3,conditional,-0.0001597250252962
swap_84_shadow_swap,stable_diffusion_3,conditional,0.0004042054340243
swap_85_shadow_swap,stable_diffusion_3,conditional,8.259937167165443e-05
swap_86_shadow_swap,stable_diffusion_3,conditional,0.0002992504462599
swap_87_shadow_swap,stable_diffusion_3,conditional,-5.468569695948888e-05
swap_88_shadow_swap,stable_diffusion_3,conditional,-0.0003486729785799
swap_89_shadow_swap,stable_diffusion_3,conditional,0.0007707284763455
swap_90_shadow_swap,stable_diffusion_3,conditional,9.949419647456435e-05
swap_91_shadow_swap,stable_diffusion_3,conditional,0.0002374482154846
swap_92_shadow_swap,stable_diffusion_3,conditional,0.0007803606986999
swap_93_shadow_swap,stable_diffusion_3,conditional,-0.0008801994472741
swap_94_shadow_swap,stable_diffusion_3,conditional,0.0004423478618264
swap_95_shadow_swap,stable_diffusion_3,conditional,-0.0006807912886142
swap_0_reflection_swap,stable_diffusion_3,conditional,0.0003887996450066
swap_1_reflection_swap,stable_diffusion_3,conditional,-0.0005508748069405
swap_2_reflection_swap,stable_diffusion_3,conditional,0.0006424902006983
swap_3_reflection_swap,stable_diffusion_3,conditional,-0.0002438687160611
swap_4_reflection_swap,stable_diffusion_3,conditional,3.742758184671624e-05
swap_5_reflection_swap,stable_diffusion_3,conditional,-0.0001496523618698
swap_6_reflection_swap,stable_diffusion_3,conditional,0.0002737702429294
swap_7_reflection_swap,stable_diffusion_3,conditional,0.0001584315299987
swap_8_reflection_swap,stable_diffusion_3,conditional,0.000437089279294
swap_9_reflection_swap,stable_diffusion_3,conditional,0.0004147070646285
swap_10_reflection_swap,stable_diffusion_3,conditional,0.0009178204461932
swap_11_reflection_swap,stable_diffusion_3,conditional,0.0002216602116823
swap_12_reflection_swap,stable_diffusion_3,conditional,0.0008452206477523
swap_13_reflection_swap,stable_diffusion_3,conditional,0.0002063012868165
swap_14_reflection_swap,stable_diffusion_3,conditional,0.0003693953529
swap_15_reflection_swap,stable_diffusion_3,conditional,0.0003015694022178
swap_16_reflection_swap,stable_diffusion_3,conditional,-0.000173372849822
swap_17_reflection_swap,stable_diffusion_3,conditional,0.0005023228377103
swap_18_reflection_swap,stable_diffusion_3,conditional,0.0002260915935039
swap_19_reflection_swap,stable_diffusion_3,conditional,0.0005205066502094
swap_20_reflection_swap,stable_diffusion_3,conditional,0.0004432497173547
swap_21_reflection_swap,stable_diffusion_3,conditional,-0.0009004383161664
swap_22_reflection_swap,stable_diffusion_3,conditional,0.0002639842033386
swap_23_reflection_swap,stable_diffusion_3,conditional,-0.0002240689471363
swap_24_reflection_swap,stable_diffusion_3,conditional,0.0008369299396872
swap_25_reflection_swap,stable_diffusion_3,conditional,0.0001736467331648
swap_26_reflection_swap,stable_diffusion_3,conditional,3.432728350161174e-05
swap_27_reflection_swap,stable_diffusion_3,conditional,0.0008747861906886
swap_28_reflection_swap,stable_diffusion_3,conditional,0.0028737848997116
swap_29_reflection_swap,stable_diffusion_3,conditional,0.0006393633782863
swap_30_reflection_swap,stable_diffusion_3,conditional,0.0013152973726391
swap_31_reflection_swap,stable_diffusion_3,conditional,0.000800353847444
swap_32_reflection_swap,stable_diffusion_3,conditional,0.0002862618491053
swap_33_reflection_swap,stable_diffusion_3,conditional,4.730401560665287e-05
swap_34_reflection_swap,stable_diffusion_3,conditional,-0.00021702054888
swap_35_reflection_swap,stable_diffusion_3,conditional,-0.0001858053356408
swap_36_reflection_swap,stable_diffusion_3,conditional,4.537718370556387e-05
swap_37_reflection_swap,stable_diffusion_3,conditional,0.0002439273707568
swap_38_reflection_swap,stable_diffusion_3,conditional,0.0005230546928942
swap_39_reflection_swap,stable_diffusion_3,conditional,-0.0005502184107899
swap_40_reflection_swap,stable_diffusion_3,conditional,7.014270871877337e-05
swap_41_reflection_swap,stable_diffusion_3,conditional,-7.749412208796214e-05
swap_42_reflection_swap,stable_diffusion_3,conditional,0.0006309418752789
swap_43_reflection_swap,stable_diffusion_3,conditional,-0.0003406948968768
swap_44_reflection_swap,stable_diffusion_3,conditional,0.0007314293086528
swap_45_reflection_swap,stable_diffusion_3,conditional,0.0003073794394731
swap_46_reflection_swap,stable_diffusion_3,conditional,0.0005729205533862
swap_47_reflection_swap,stable_diffusion_3,conditional,2.0631030202000744e-06
swap_48_reflection_swap,stable_diffusion_3,conditional,0.0007813298329711
swap_49_reflection_swap,stable_diffusion_3,conditional,0.0010626381449401
swap_50_reflection_swap,stable_diffusion_3,conditional,0.0004443090036511
swap_51_reflection_swap,stable_diffusion_3,conditional,0.0012211772426962
swap_52_reflection_swap,stable_diffusion_3,conditional,0.0012722542881965
swap_53_reflection_swap,stable_diffusion_3,conditional,0.0005873489566147
swap_54_reflection_swap,stable_diffusion_3,conditional,0.0007670137286186
swap_55_reflection_swap,stable_diffusion_3,conditional,-0.0001836615800857
swap_56_reflection_swap,stable_diffusion_3,conditional,0.000599243119359
swap_57_reflection_swap,stable_diffusion_3,conditional,0.0007893048599362
swap_58_reflection_swap,stable_diffusion_3,conditional,0.0006567239761352
swap_59_reflection_swap,stable_diffusion_3,conditional,0.001179140433669
swap_60_reflection_swap,stable_diffusion_3,conditional,0.0021340754255652
swap_61_reflection_swap,stable_diffusion_3,conditional,0.0011250037327408
swap_62_reflection_swap,stable_diffusion_3,conditional,0.0007636925950646
swap_63_reflection_swap,stable_diffusion_3,conditional,0.0028852358460426
swap_64_reflection_swap,stable_diffusion_3,conditional,9.533651173113113e-05
swap_65_reflection_swap,stable_diffusion_3,conditional,-5.8690588921300746e-05
swap_66_reflection_swap,stable_diffusion_3,conditional,0.0005639671348035
swap_67_reflection_swap,stable_diffusion_3,conditional,-8.541267365216876e-05
swap_68_reflection_swap,stable_diffusion_3,conditional,0.0005910509079694
swap_69_reflection_swap,stable_diffusion_3,conditional,0.0007957610860467
swap_70_reflection_swap,stable_diffusion_3,conditional,0.0004289904050528
swap_71_reflection_swap,stable_diffusion_3,conditional,0.0004047786071896
swap_72_reflection_swap,stable_diffusion_3,conditional,-0.0008261740393936
swap_73_reflection_swap,stable_diffusion_3,conditional,0.0002638639323413
swap_74_reflection_swap,stable_diffusion_3,conditional,0.0003586070612073
swap_75_reflection_swap,stable_diffusion_3,conditional,-2.6737954467531688e-05
swap_76_reflection_swap,stable_diffusion_3,conditional,0.0004754313267767
swap_77_reflection_swap,stable_diffusion_3,conditional,0.0005562429316341
swap_78_reflection_swap,stable_diffusion_3,conditional,0.0002951900847256
swap_79_reflection_swap,stable_diffusion_3,conditional,0.0001731168106198
swap_80_reflection_swap,stable_diffusion_3,conditional,0.0004168860614299
swap_81_reflection_swap,stable_diffusion_3,conditional,-5.104169249536827e-06
swap_82_reflection_swap,stable_diffusion_3,conditional,0.0001296621933579
swap_83_reflection_swap,stable_diffusion_3,conditional,1.56259909272205e-05
swap_84_reflection_swap,stable_diffusion_3,conditional,0.0003299695067107
swap_85_reflection_swap,stable_diffusion_3,conditional,0.0002149622701108
swap_86_reflection_swap,stable_diffusion_3,conditional,8.399864658714673e-05
swap_87_reflection_swap,stable_diffusion_3,conditional,0.0007795865647494
swap_88_reflection_swap,stable_diffusion_3,conditional,0.0004113276675343
swap_89_reflection_swap,stable_diffusion_3,conditional,0.0007614492066204
swap_90_reflection_swap,stable_diffusion_3,conditional,0.0001335194706917
swap_91_reflection_swap,stable_diffusion_3,conditional,-4.2585544288153976e-05
swap_92_reflection_swap,stable_diffusion_3,conditional,0.0010933257639408
swap_93_reflection_swap,stable_diffusion_3,conditional,0.0001214385963976
swap_94_reflection_swap,stable_diffusion_3,conditional,0.0005084887146949
swap_95_reflection_swap,stable_diffusion_3,conditional,0.0001397721283137
swap_0_lightdir_swap,flux1_dev,empty,-0.0003473179042339
swap_1_lightdir_swap,flux1_dev,empty,-0.0002961361408233
swap_2_lightdir_swap,flux1_dev,empty,0.0005964908003806
swap_3_lightdir_swap,flux1_dev,empty,0.0002682673931121
swap_4_lightdir_swap,flux1_dev,empty,-0.0002754344046115
swap_5_lightdir_swap,flux1_dev,empty,5.707755684852822e-05
swap_6_lightdir_swap,flux1_dev,empty,-0.0004531491547822
swap_7_lightdir_swap,flux1_dev,empty,0.0004588730633258
swap_8_lightdir_swap,flux1_dev,empty,0.0002905728667974
swap_9_lightdir_swap,flux1_dev,empty,0.0001438533514737
swap_10_lightdir_swap,flux1_dev,empty,0.001232516914606
swap_11_lightdir_swap,flux1_dev,empty,-0.0005279076099395
swap_12_lightdir_swap,flux1_dev,empty,0.000768342539668
swap_13_lightdir_swap,flux1_dev,empty,-0.0004260449111461
swap_14_lightdir_swap,flux1_dev,empty,0.0008248740434646
swap_15_lightdir_swap,flux1_dev,empty,0.0006140735000372
swap_16_lightdir_swap,flux1_dev,empty,0.0012295867502689
swap_17_lightdir_swap,flux1_dev,empty,0.0010409535467624
swap_18_lightdir_swap,flux1_dev,empty,0.0019282886385917
swap_19_lightdir_swap,flux1_dev,empty,0.0008547419309616
swap_20_lightdir_swap,flux1_dev,empty,0.000838530883193
swap_21_lightdir_swap,flux1_dev,empty,0.0004549992084503
swap_22_lightdir_swap,flux1_dev,empty,0.00111665956676
swap_23_lightdir_swap,flux1_dev,empty,0.0008461743593216
swap_24_lightdir_swap,flux1_dev,empty,-0.0005100172758102
swap_25_lightdir_swap,flux1_dev,empty,0.0012054970860481
swap_26_lightdir_swap,flux1_dev,empty,-0.0007340788841247
swap_27_lightdir_swap,flux1_dev,empty,0.0012508802115916
swap_28_lightdir_swap,flux1_dev,empty,0.0007806140184402
swap_29_lightdir_swap,flux1_dev,empty,0.0001674190163612
swap_30_lightdir_swap,flux1_dev,empty,0.0002505183219909
swap_31_lightdir_swap,flux1_dev,empty,-0.0001812425255775
swap_32_lightdir_swap,flux1_dev,empty,-1.11576914786915e-05
swap_33_lightdir_swap,flux1_dev,empty,0.0005429609119892
swap_34_lightdir_swap,flux1_dev,empty,-0.0001366743445396
swap_35_lightdir_swap,flux1_dev,empty,0.0003294613957405
swap_36_lightdir_swap,flux1_dev,empty,-0.000430357158184
swap_37_lightdir_swap,flux1_dev,empty,0.0007598297297954
swap_38_lightdir_swap,flux1_dev,empty,0.0008839935064315
swap_39_lightdir_swap,flux1_dev,empty,0.0006356248259544
swap_40_lightdir_swap,flux1_dev,empty,0.0003157149255275
swap_41_lightdir_swap,flux1_dev,empty,0.0008794477581978
swap_42_lightdir_swap,flux1_dev,empty,0.0013466288149356
swap_43_lightdir_swap,flux1_dev,empty,0.0016504852473736
swap_44_lightdir_swap,flux1_dev,empty,0.0002212777733803
swap_45_lightdir_swap,flux1_dev,empty,0.0003681135177612
swap_46_lightdir_swap,flux1_dev,empty,0.0007582357525825
swap_47_lightdir_swap,flux1_dev,empty,0.0017773759365081
swap_48_lightdir_swap,flux1_dev,empty,0.0005464662611484
swap_49_lightdir_swap,flux1_dev,empty,0.0007638636231422
swap_50_lightdir_swap,flux1_dev,empty,0.0024771703779697
swap_51_lightdir_swap,flux1_dev,empty,0.0004714053869247
swap_52_lightdir_swap,flux1_dev,empty,0.0014979001879692
swap_53_lightdir_swap,flux1_dev,empty,0.0006529844552278
swap_54_lightdir_swap,flux1_dev,empty,0.0021364279091358
swap_55_lightdir_swap,flux1_dev,empty,0.0008334942907095
swap_56_lightdir_swap,flux1_dev,empty,0.0014773058146237
swap_57_lightdir_swap,flux1_dev,empty,0.0007509113848209
swap_58_lightdir_swap,flux1_dev,empty,0.0015022506564855
swap_59_lightdir_swap,flux1_dev,empty,0.0013463643193245
swap_60_lightdir_swap,flux1_dev,empty,0.0010265459865331
swap_61_lightdir_swap,flux1_dev,empty,0.0006116747111082
swap_62_lightdir_swap,flux1_dev,empty,0.0017281732708215
swap_63_lightdir_swap,flux1_dev,empty,0.0007829866558313
swap_64_lightdir_swap,flux1_dev,empty,0.0005744101852178
swap_65_lightdir_swap,flux1_dev,empty,0.0001342920958996
swap_66_lightdir_swap,flux1_dev,empty,0.0015449754893779
swap_67_lightdir_swap,flux1_dev,empty,0.000600743740797
swap_68_lightdir_swap,flux1_dev,empty,0.0003077438473701
swap_69_lightdir_swap,flux1_dev,empty,-0.0001254533231258
swap_70_lightdir_swap,flux1_dev,empty,0.0009557793289423
swap_71_lightdir_swap,flux1_dev,empty,0.0007880184799433
swap_72_lightdir_swap,flux1_dev,empty,0.0002523037791252
swap_73_lightdir_swap,flux1_dev,empty,0.0010776622593403
swap_74_lightdir_swap,flux1_dev,empty,0.0006341233849525
swap_75_lightdir_swap,flux1_dev,empty,0.0010395216941833
swap_76_lightdir_swap,flux1_dev,empty,0.0004791420698165
swap_77_lightdir_swap,flux1_dev,empty,0.0008792100846767
swap_78_lightdir_swap,flux1_dev,empty,0.0009164491295814
swap_79_lightdir_swap,flux1_dev,empty,0.0009406222403049
swap_80_lightdir_swap,flux1_dev,empty,0.0012965276837348
swap_81_lightdir_swap,flux1_dev,empty,0.0003069266676902
swap_82_lightdir_swap,flux1_dev,empty,0.0017521694302558
swap_83_lightdir_swap,flux1_dev,empty,0.0009289409220218
swap_84_lightdir_swap,flux1_dev,empty,0.0016376239061355
swap_85_lightdir_swap,flux1_dev,empty,4.85388934612363e-05
swap_86_lightdir_swap,flux1_dev,empty,0.0015499712526798
swap_87_lightdir_swap,flux1_dev,empty,0.0009831927716731
swap_88_lightdir_swap,flux1_dev,empty,0.0006859578192234
swap_89_lightdir_swap,flux1_dev,empty,-0.0001046015322208
swap_90_lightdir_swap,flux1_dev,empty,0.0007658505439758
swap_91_lightdir_swap,flux1_dev,empty,0.0004886798560619
swap_92_lightdir_swap,flux1_dev,empty,0.0003310343623161
swap_93_lightdir_swap,flux1_dev,empty,-0.0003900502622127
swap_94_lightdir_swap,flux1_dev,empty,0.0009308148920535
swap_95_lightdir_swap,flux1_dev,empty,6.4595043659188e-05
swap_0_shadow_swap,flux1_dev,empty,0.0034435296058654
swap_1_shadow_swap,flux1_dev,empty,-0.0019973355531692
swap_2_shadow_swap,flux1_dev,empty,0.0010738509148359
swap_3_shadow_swap,flux1_dev,empty,0.0003926262259483
swap_4_shadow_swap,flux1_dev,empty,0.0014678426086902
swap_5_shadow_swap,flux1_dev,empty,-0.0006346996128558
swap_6_shadow_swap,flux1_dev,empty,0.0008174484968185
swap_7_shadow_swap,flux1_dev,empty,0.000191708356142
swap_8_shadow_swap,flux1_dev,empty,0.001777544170618
swap_9_shadow_swap,flux1_dev,empty,-0.0004447536170482
swap_10_shadow_swap,flux1_dev,empty,0.0018909127265214
swap_11_shadow_swap,flux1_dev,empty,-0.0012548439949751
swap_12_shadow_swap,flux1_dev,empty,0.0017138029634952
swap_13_shadow_swap,flux1_dev,empty,-0.0008214972913265
swap_14_shadow_swap,flux1_dev,empty,0.0010149298608302
swap_15_shadow_swap,flux1_dev,empty,-0.0006319339573383
swap_16_shadow_swap,flux1_dev,empty,0.0035122264921664
swap_17_shadow_swap,flux1_dev,empty,-0.0012973517179489
swap_18_shadow_swap,flux1_dev,empty,0.0020748288929462
swap_19_shadow_swap,flux1_dev,empty,-0.0001936720311642
swap_20_shadow_swap,flux1_dev,empty,0.0019014643132687
swap_21_shadow_swap,flux1_dev,empty,-0.0001774574816226
swap_22_shadow_swap,flux1_dev,empty,0.0028336329758167
swap_23_shadow_swap,flux1_dev,empty,-0.0018208470940589
swap_24_shadow_swap,flux1_dev,empty,0.0028198501467704
swap_25_shadow_swap,flux1_dev,empty,0.0009545196592807
swap_26_shadow_swap,flux1_dev,empty,0.0034107454121112
swap_27_shadow_swap,flux1_dev,empty,-0.0014095984399318
swap_28_shadow_swap,flux1_dev,empty,0.0030559609830379
swap_29_shadow_swap,flux1_dev,empty,-0.0017549319565295
swap_30_shadow_swap,flux1_dev,empty,0.001844565719366
swap_31_shadow_swap,flux1_dev,empty,-0.0013986364006995
swap_32_shadow_swap,flux1_dev,empty,0.0030046632885933
swap_33_shadow_swap,flux1_dev,empty,-0.0009441092610359
swap_34_shadow_swap,flux1_dev,empty,0.0020459066331386
swap_35_shadow_swap,flux1_dev,empty,-3.1654611229892105e-05
swap_36_shadow_swap,flux1_dev,empty,0.0028717567771672
swap_37_shadow_swap,flux1_dev,empty,-0.0010452724248171
swap_38_shadow_swap,flux1_dev,empty,0.0027025542408227
swap_39_shadow_swap,flux1_dev,empty,-0.001323909908533
swap_40_shadow_swap,flux1_dev,empty,0.0034496927261352
swap_41_shadow_swap,flux1_dev,empty,-0.0007706934213638
swap_42_shadow_swap,flux1_dev,empty,0.0017942440509796
swap_43_shadow_swap,flux1_dev,empty,-0.0006096854060888
swap_44_shadow_swap,flux1_dev,empty,0.0016396099328994
swap_45_shadow_swap,flux1_dev,empty,0.0002505850791931
swap_46_shadow_swap,flux1_dev,empty,0.0020844202488661
swap_47_shadow_swap,flux1_dev,empty,-0.001674375757575
swap_48_shadow_swap,flux1_dev,empty,0.0045233988761901
swap_49_shadow_swap,flux1_dev,empty,3.677815198899204e-05
swap_50_shadow_swap,flux1_dev,empty,0.0020974639803171
swap_51_shadow_swap,flux1_dev,empty,-0.0005723113566636
swap_52_shadow_swap,flux1_dev,empty,0.002768095806241
swap_53_shadow_swap,flux1_dev,empty,-0.0005677162855863
swap_54_shadow_swap,flux1_dev,empty,0.0009597739577293
swap_55_shadow_swap,flux1_dev,empty,-0.0003734557330608
swap_56_shadow_swap,flux1_dev,empty,0.0032868505269288
swap_57_shadow_swap,flux1_dev,empty,-0.0003905083239078
swap_58_shadow_swap,flux1_dev,empty,0.0018696825951338
swap_59_shadow_swap,flux1_dev,empty,0.0003968528658151
swap_60_shadow_swap,flux1_dev,empty,0.0030795753002166
swap_61_shadow_swap,flux1_dev,empty,-0.0004472977668046
swap_62_shadow_swap,flux1_dev,empty,0.0010258185863494
swap_63_shadow_swap,flux1_dev,empty,0.000512788593769
swap_64_shadow_swap,flux1_dev,empty,0.0032452825456857
swap_65_shadow_swap,flux1_dev,empty,0.0005649793893098
swap_66_shadow_swap,flux1_dev,empty,0.0019550469517707
swap_67_shadow_swap,flux1_dev,empty,0.0013633378595113
swap_68_shadow_swap,flux1_dev,empty,0.0033895516395568
swap_69_shadow_swap,flux1_dev,empty,-0.0015249378234148
swap_70_shadow_swap,flux1_dev,empty,0.0022373268008232
swap_71_shadow_swap,flux1_dev,empty,-0.0010487496107817
swap_72_shadow_swap,flux1_dev,empty,0.002686330974102
swap_73_shadow_swap,flux1_dev,empty,-0.0001193057000636
swap_74_shadow_swap,flux1_dev,empty,0.001587209701538
swap_75_shadow_swap,flux1_dev,empty,-0.0002999980747699
swap_76_shadow_swap,flux1_dev,empty,0.0025756161659956
swap_77_shadow_swap,flux1_dev,empty,-0.0007429002970457
swap_78_shadow_swap,flux1_dev,empty,0.0025738971680402
swap_79_shadow_swap,flux1_dev,empty,-0.0012402734905481
swap_80_shadow_swap,flux1_dev,empty,0.0040227819979191
swap_81_shadow_swap,flux1_dev,empty,0.0002917705476284
swap_82_shadow_swap,flux1_dev,empty,0.0020953996479511
swap_83_shadow_swap,flux1_dev,empty,4.503011703493876e-05
swap_84_shadow_swap,flux1_dev,empty,0.0019304719567299
swap_85_shadow_swap,flux1_dev,empty,0.000604134351015
swap_86_shadow_swap,flux1_dev,empty,0.0023563042283057
swap_87_shadow_swap,flux1_dev,empty,-0.0012253628671169
swap_88_shadow_swap,flux1_dev,empty,0.003258214443922
swap_89_shadow_swap,flux1_dev,empty,0.0017365542054176
swap_90_shadow_swap,flux1_dev,empty,0.001603877544403
swap_91_shadow_swap,flux1_dev,empty,0.0010351860523223
swap_92_shadow_swap,flux1_dev,empty,0.0041177000105381
swap_93_shadow_swap,flux1_dev,empty,0.0012823866307735
swap_94_shadow_swap,flux1_dev,empty,0.0016584455221891
swap_95_shadow_swap,flux1_dev,empty,-0.0004405933618545
swap_0_reflection_swap,flux1_dev,empty,0.0009453648328781
swap_1_reflection_swap,flux1_dev,empty,0.0031651690602302
swap_2_reflection_swap,flux1_dev,empty,0.0013028486073016
swap_3_reflection_swap,flux1_dev,empty,0.0014965526014566
swap_4_reflection_swap,flux1_dev,empty,0.0007136660814285
swap_5_reflection_swap,flux1_dev,empty,0.0020271711796522
swap_6_reflection_swap,flux1_dev,empty,0.0001746056228876
swap_7_reflection_swap,flux1_dev,empty,0.0022915010154246
swap_8_reflection_swap,flux1_dev,empty,0.0013818462193012
swap_9_reflection_swap,flux1_dev,empty,0.0036117519438266
swap_10_reflection_swap,flux1_dev,empty,0.0017777648568153
swap_11_reflection_swap,flux1_dev,empty,0.0013702554255723
swap_12_reflection_swap,flux1_dev,empty,0.0028693160414695
swap_13_reflection_swap,flux1_dev,empty,0.0040331303328275
swap_14_reflection_swap,flux1_dev,empty,0.0028803087770938
swap_15_reflection_swap,flux1_dev,empty,0.0019227727502584
swap_16_reflection_swap,flux1_dev,empty,0.0024713087081909
swap_17_reflection_swap,flux1_dev,empty,0.0002706198394298
swap_18_reflection_swap,flux1_dev,empty,0.0004877024888992
swap_19_reflection_swap,flux1_dev,empty,0.0017670711874961
swap_20_reflection_swap,flux1_dev,empty,-0.0002225622534751
swap_21_reflection_swap,flux1_dev,empty,0.0013747292757034
swap_22_reflection_swap,flux1_dev,empty,8.18997621532258e-06
swap_23_reflection_swap,flux1_dev,empty,0.000746364146471
swap_24_reflection_swap,flux1_dev,empty,0.0034278604388237
swap_25_reflection_swap,flux1_dev,empty,0.0030369158089161
swap_26_reflection_swap,flux1_dev,empty,0.0014811272919177
swap_27_reflection_swap,flux1_dev,empty,0.0046112515032291
swap_28_reflection_swap,flux1_dev,empty,0.0031750701367854
swap_29_reflection_swap,flux1_dev,empty,0.0039332255721091
swap_30_reflection_swap,flux1_dev,empty,0.0019420775771141
swap_31_reflection_swap,flux1_dev,empty,0.0058870097994804
swap_32_reflection_swap,flux1_dev,empty,0.0013364214450121
swap_33_reflection_swap,flux1_dev,empty,0.0023498756438493
swap_34_reflection_swap,flux1_dev,empty,0.0001614639908075
swap_35_reflection_swap,flux1_dev,empty,0.0015019132941961
swap_36_reflection_swap,flux1_dev,empty,0.0013841473311185
swap_37_reflection_swap,flux1_dev,empty,0.002818134650588
swap_38_reflection_swap,flux1_dev,empty,0.0007685233652591
swap_39_reflection_swap,flux1_dev,empty,0.0011031045019626
swap_40_reflection_swap,flux1_dev,empty,0.0011191998422145
swap_41_reflection_swap,flux1_dev,empty,0.0045354219526052
swap_42_reflection_swap,flux1_dev,empty,0.0009769398719072
swap_43_reflection_swap,flux1_dev,empty,0.0004579693078994
swap_44_reflection_swap,flux1_dev,empty,0.0025622993707656
swap_45_reflection_swap,flux1_dev,empty,0.0036636017262935
swap_46_reflection_swap,flux1_dev,empty,0.0008168433606624
swap_47_reflection_swap,flux1_dev,empty,0.0031706620752811
swap_48_reflection_swap,flux1_dev,empty,0.0023828218132257
swap_49_reflection_swap,flux1_dev,empty,0.0025475428998469
swap_50_reflection_swap,flux1_dev,empty,0.0028332191705703
swap_51_reflection_swap,flux1_dev,empty,0.0017498444020748
swap_52_reflection_swap,flux1_dev,empty,0.0022954642027616
swap_53_reflection_swap,flux1_dev,empty,0.0023004113882779
swap_54_reflection_swap,flux1_dev,empty,0.0008260007202625
swap_55_reflection_swap,flux1_dev,empty,0.0013947124034165
swap_56_reflection_swap,flux1_dev,empty,0.0011854381859302
swap_57_reflection_swap,flux1_dev,empty,0.0020208235830068
swap_58_reflection_swap,flux1_dev,empty,0.0010947234183549
swap_59_reflection_swap,flux1_dev,empty,0.0026782252639532
swap_60_reflection_swap,flux1_dev,empty,0.0023105293512344
swap_61_reflection_swap,flux1_dev,empty,0.0031377470493316
swap_62_reflection_swap,flux1_dev,empty,0.0028281392157077
swap_63_reflection_swap,flux1_dev,empty,0.0030876877903938
swap_64_reflection_swap,flux1_dev,empty,0.0018351103365421
swap_65_reflection_swap,flux1_dev,empty,0.0021966722607612
swap_66_reflection_swap,flux1_dev,empty,0.0016961802542209
swap_67_reflection_swap,flux1_dev,empty,0.00141740873456
swap_68_reflection_swap,flux1_dev,empty,0.0009284339100122
swap_69_reflection_swap,flux1_dev,empty,0.0063339657336473
swap_70_reflection_swap,flux1_dev,empty,0.0014388833940029
swap_71_reflection_swap,flux1_dev,empty,0.0044371349364519
swap_72_reflection_swap,flux1_dev,empty,0.0021538331359625
swap_73_reflection_swap,flux1_dev,empty,0.0025727166235446
swap_74_reflection_swap,flux1_dev,empty,0.0012050531804561
swap_75_reflection_swap,flux1_dev,empty,0.0002940732240676
swap_76_reflection_swap,flux1_dev,empty,0.0020348346233368
swap_77_reflection_swap,flux1_dev,empty,0.0048176708817482
swap_78_reflection_swap,flux1_dev,empty,0.0021210261434316
swap_79_reflection_swap,flux1_dev,empty,0.0015261576324701
swap_80_reflection_swap,flux1_dev,empty,0.0013591726869344
swap_81_reflection_swap,flux1_dev,empty,0.0009360813349484
swap_82_reflection_swap,flux1_dev,empty,0.0005472972989082
swap_83_reflection_swap,flux1_dev,empty,0.0012791952490806
swap_84_reflection_swap,flux1_dev,empty,-0.0005454050004481
swap_85_reflection_swap,flux1_dev,empty,0.0050972611457109
swap_86_reflection_swap,flux1_dev,empty,0.0020815442502498
swap_87_reflection_swap,flux1_dev,empty,0.0038122476637363
swap_88_reflection_swap,flux1_dev,empty,0.0016339144855737
swap_89_reflection_swap,flux1_dev,empty,0.0013747660070657
swap_90_reflection_swap,flux1_dev,empty,0.000483404174447
swap_91_reflection_swap,flux1_dev,empty,0.0014477507025003
swap_92_reflection_swap,flux1_dev,empty,0.0006644794344902
swap_93_reflection_swap,flux1_dev,empty,0.0025888565927743
swap_94_reflection_swap,flux1_dev,empty,0.0011507479846477
swap_95_reflection_swap,flux1_dev,empty,0.001077170073986
swap_0_lightdir_swap,flux1_dev,conditional,-0.0004594115912914
swap_1_lightdir_swap,flux1_dev,conditional,-0.0001821519434451
swap_2_lightdir_swap,flux1_dev,conditional,0.0005766226351261
swap_3_lightdir_swap,flux1_dev,conditional,0.0004538561403751
swap_4_lightdir_swap,flux1_dev,conditional,-0.0003589811921119
swap_5_lightdir_swap,flux1_dev,conditional,-5.184412002590122e-06
swap_6_lightdir_swap,flux1_dev,conditional,1.2307614087880836e-06
swap_7_lightdir_swap,flux1_dev,conditional,0.0004938171803951
swap_8_lightdir_swap,flux1_dev,conditional,0.0003586207330226
swap_9_lightdir_swap,flux1_dev,conditional,0.0001279456168413
swap_10_lightdir_swap,flux1_dev,conditional,0.0012135645747184
swap_11_lightdir_swap,flux1_dev,conditional,-0.000524158924818
swap_12_lightdir_swap,flux1_dev,conditional,0.0007660033553838
swap_13_lightdir_swap,flux1_dev,conditional,-0.0004088966548442
swap_14_lightdir_swap,flux1_dev,conditional,0.000684994906187
swap_15_lightdir_swap,flux1_dev,conditional,0.000600035637617
swap_16_lightdir_swap,flux1_dev,conditional,0.0015297424793243
swap_17_lightdir_swap,flux1_dev,conditional,0.0013541102409362
swap_18_lightdir_swap,flux1_dev,conditional,0.0019239357113837
swap_19_lightdir_swap,flux1_dev,conditional,0.0010937701910734
swap_20_lightdir_swap,flux1_dev,conditional,0.0009733144193887
swap_21_lightdir_swap,flux1_dev,conditional,0.0008811806887388
swap_22_lightdir_swap,flux1_dev,conditional,0.001344287097454
swap_23_lightdir_swap,flux1_dev,conditional,0.0010169029235839
swap_24_lightdir_swap,flux1_dev,conditional,-0.0005474598705768
swap_25_lightdir_swap,flux1_dev,conditional,0.0010713627934456
swap_26_lightdir_swap,flux1_dev,conditional,-0.0008661030232906
swap_27_lightdir_swap,flux1_dev,conditional,0.001191886216402
swap_28_lightdir_swap,flux1_dev,conditional,0.0007000420987606
swap_29_lightdir_swap,flux1_dev,conditional,0.0001768189668655
swap_30_lightdir_swap,flux1_dev,conditional,0.0001380558311939
swap_31_lightdir_swap,flux1_dev,conditional,-5.486905574836332e-06
swap_32_lightdir_swap,flux1_dev,conditional,0.0001326842606067
swap_33_lightdir_swap,flux1_dev,conditional,0.0005669619143009
swap_34_lightdir_swap,flux1_dev,conditional,-6.496757268903419e-05
swap_35_lightdir_swap,flux1_dev,conditional,0.0002673642337321
swap_36_lightdir_swap,flux1_dev,conditional,-0.0002608059346675
swap_37_lightdir_swap,flux1_dev,conditional,0.000648935586214
swap_38_lightdir_swap,flux1_dev,conditional,0.0009207297861575
swap_39_lightdir_swap,flux1_dev,conditional,0.0006833560764789
swap_40_lightdir_swap,flux1_dev,conditional,0.0004157745838165
swap_41_lightdir_swap,flux1_dev,conditional,0.0009253132343292
swap_42_lightdir_swap,flux1_dev,conditional,0.0013676169514655
swap_43_lightdir_swap,flux1_dev,conditional,0.0017171168327331
swap_44_lightdir_swap,flux1_dev,conditional,0.0003548000752925
swap_45_lightdir_swap,flux1_dev,conditional,0.0004573227465152
swap_46_lightdir_swap,flux1_dev,conditional,0.00073535785079
swap_47_lightdir_swap,flux1_dev,conditional,0.0018468943238258
swap_48_lightdir_swap,flux1_dev,conditional,0.0007472458481788
swap_49_lightdir_swap,flux1_dev,conditional,0.0008561665564775
swap_50_lightdir_swap,flux1_dev,conditional,0.0025421312451363
swap_51_lightdir_swap,flux1_dev,conditional,0.0008026444911956
swap_52_lightdir_swap,flux1_dev,conditional,0.0015432433038949
swap_53_lightdir_swap,flux1_dev,conditional,0.0007121632248163
swap_54_lightdir_swap,flux1_dev,conditional,0.0023151576519012
swap_55_lightdir_swap,flux1_dev,conditional,0.0009859076142311
swap_56_lightdir_swap,flux1_dev,conditional,0.0015033341199159
swap_57_lightdir_swap,flux1_dev,conditional,0.0007182859629392
swap_58_lightdir_swap,flux1_dev,conditional,0.0016472003608941
swap_59_lightdir_swap,flux1_dev,conditional,0.001117417961359
swap_60_lightdir_swap,flux1_dev,conditional,0.0009942906349897
swap_61_lightdir_swap,flux1_dev,conditional,0.0006932873278856
swap_62_lightdir_swap,flux1_dev,conditional,0.0015443926304578
swap_63_lightdir_swap,flux1_dev,conditional,0.0007900846749544
swap_64_lightdir_swap,flux1_dev,conditional,0.0006620249152183
swap_65_lightdir_swap,flux1_dev,conditional,0.0003115808218717
swap_66_lightdir_swap,flux1_dev,conditional,0.001577795818448
swap_67_lightdir_swap,flux1_dev,conditional,0.0010720609128475
swap_68_lightdir_swap,flux1_dev,conditional,0.0005563433468341
swap_69_lightdir_swap,flux1_dev,conditional,1.177147030834158e-05
swap_70_lightdir_swap,flux1_dev,conditional,0.0011108173429965
swap_71_lightdir_swap,flux1_dev,conditional,0.000882985368371
swap_72_lightdir_swap,flux1_dev,conditional,0.0001999333500862
swap_73_lightdir_swap,flux1_dev,conditional,0.0008601956069469
swap_74_lightdir_swap,flux1_dev,conditional,0.0009481470286846
swap_75_lightdir_swap,flux1_dev,conditional,0.000988333672285
swap_76_lightdir_swap,flux1_dev,conditional,0.000421253144741
swap_77_lightdir_swap,flux1_dev,conditional,0.0011148056387901
swap_78_lightdir_swap,flux1_dev,conditional,0.0009545256197452
swap_79_lightdir_swap,flux1_dev,conditional,0.0013133110105991
swap_80_lightdir_swap,flux1_dev,conditional,0.0012831574678421
swap_81_lightdir_swap,flux1_dev,conditional,0.0004098083078861
swap_82_lightdir_swap,flux1_dev,conditional,0.0016264082491397
swap_83_lightdir_swap,flux1_dev,conditional,0.0010663619637489
swap_84_lightdir_swap,flux1_dev,conditional,0.0015534836053848
swap_85_lightdir_swap,flux1_dev,conditional,8.194461464883229e-05
swap_86_lightdir_swap,flux1_dev,conditional,0.0016510982811451
swap_87_lightdir_swap,flux1_dev,conditional,0.0011090955138206
swap_88_lightdir_swap,flux1_dev,conditional,0.0007421883940696
swap_89_lightdir_swap,flux1_dev,conditional,9.348824620247775e-05
swap_90_lightdir_swap,flux1_dev,conditional,0.0005620010197162
swap_91_lightdir_swap,flux1_dev,conditional,0.0008021220564842
swap_92_lightdir_swap,flux1_dev,conditional,0.0005968168377876
swap_93_lightdir_swap,flux1_dev,conditional,-0.0002337475121021
swap_94_lightdir_swap,flux1_dev,conditional,0.0012060992419719
swap_95_lightdir_swap,flux1_dev,conditional,0.0003501318395137
swap_0_shadow_swap,flux1_dev,conditional,0.0034898608922958
swap_1_shadow_swap,flux1_dev,conditional,-0.0021146215498447
swap_2_shadow_swap,flux1_dev,conditional,0.0010260095447301
swap_3_shadow_swap,flux1_dev,conditional,0.000440130829811
swap_4_shadow_swap,flux1_dev,conditional,0.0014195153117179
swap_5_shadow_swap,flux1_dev,conditional,-0.0005425478518009
swap_6_shadow_swap,flux1_dev,conditional,0.0007837485522031
swap_7_shadow_swap,flux1_dev,conditional,0.0002278450131416
swap_8_shadow_swap,flux1_dev,conditional,0.0017821767926216
swap_9_shadow_swap,flux1_dev,conditional,-0.0003122287988662
swap_10_shadow_swap,flux1_dev,conditional,0.0019685036689043
swap_11_shadow_swap,flux1_dev,conditional,-0.0012954203784465
swap_12_shadow_swap,flux1_dev,conditional,0.0016422314941882
swap_13_shadow_swap,flux1_dev,conditional,-0.0005842857062816
swap_14_shadow_swap,flux1_dev,conditional,0.0009828571975231
swap_15_shadow_swap,flux1_dev,conditional,-0.0005792741477489
swap_16_shadow_swap,flux1_dev,conditional,0.0035912737250328
swap_17_shadow_swap,flux1_dev,conditional,-0.0012604205310344
swap_18_shadow_swap,flux1_dev,conditional,0.0018370471894741
swap_19_shadow_swap,flux1_dev,conditional,-0.0002138230204582
swap_20_shadow_swap,flux1_dev,conditional,0.0014496181905269
swap_21_shadow_swap,flux1_dev,conditional,-0.0003002169728279
swap_22_shadow_swap,flux1_dev,conditional,0.0028027857840061
swap_23_shadow_swap,flux1_dev,conditional,-0.0017193719744682
swap_24_shadow_swap,flux1_dev,conditional,0.0025379894673824
swap_25_shadow_swap,flux1_dev,conditional,0.0009780001640319
swap_26_shadow_swap,flux1_dev,conditional,0.0032764860987663
swap_27_shadow_swap,flux1_dev,conditional,-0.00107232183218
swap_28_shadow_swap,flux1_dev,conditional,0.0027073061466217
swap_29_shadow_swap,flux1_dev,conditional,-0.0014279489219188
swap_30_shadow_swap,flux1_dev,conditional,0.0018391132354736
swap_31_shadow_swap,flux1_dev,conditional,-0.0013652183115482
swap_32_shadow_swap,flux1_dev,conditional,0.0032040499150753
swap_33_shadow_swap,flux1_dev,conditional,-0.000853261500597
swap_34_shadow_swap,flux1_dev,conditional,0.0021704507619142
swap_35_shadow_swap,flux1_dev,conditional,2.3692250251755587e-05
swap_36_shadow_swap,flux1_dev,conditional,0.0034794573485851
swap_37_shadow_swap,flux1_dev,conditional,-0.0011394499242305
swap_38_shadow_swap,flux1_dev,conditional,0.0026027693599462
swap_39_shadow_swap,flux1_dev,conditional,-0.0010856556892395
swap_40_shadow_swap,flux1_dev,conditional,0.0033695363998413
swap_41_shadow_swap,flux1_dev,conditional,-0.0007156643271446
swap_42_shadow_swap,flux1_dev,conditional,0.0018667657673358
swap_43_shadow_swap,flux1_dev,conditional,-0.0005939469486474
swap_44_shadow_swap,flux1_dev,conditional,0.0017209631204604
swap_45_shadow_swap,flux1_dev,conditional,0.0002316875755786
swap_46_shadow_swap,flux1_dev,conditional,0.0020518459379672
swap_47_shadow_swap,flux1_dev,conditional,-0.0015287996828556
swap_48_shadow_swap,flux1_dev,conditional,0.0046461088955402
swap_49_shadow_swap,flux1_dev,conditional,-0.0001462101191282
swap_50_shadow_swap,flux1_dev,conditional,0.0017887348681688
swap_51_shadow_swap,flux1_dev,conditional,-0.0004227732121944
swap_52_shadow_swap,flux1_dev,conditional,0.0028379329293966
swap_53_shadow_swap,flux1_dev,conditional,-0.000366445556283
swap_54_shadow_swap,flux1_dev,conditional,0.001062292009592
swap_55_shadow_swap,flux1_dev,conditional,-0.000295393243432
swap_56_shadow_swap,flux1_dev,conditional,0.0033921495079994
swap_57_shadow_swap,flux1_dev,conditional,-0.0004441721737384
swap_58_shadow_swap,flux1_dev,conditional,0.0018452336639165
swap_59_shadow_swap,flux1_dev,conditional,0.0004449770599603
swap_60_shadow_swap,flux1_dev,conditional,0.0030891882628202
swap_61_shadow_swap,flux1_dev,conditional,-0.0004834339767694
swap_62_shadow_swap,flux1_dev,conditional,0.0009898977726697
swap_63_shadow_swap,flux1_dev,conditional,0.000354331061244
swap_64_shadow_swap,flux1_dev,conditional,0.0032306136935949
swap_65_shadow_swap,flux1_dev,conditional,0.0009799263626336
swap_66_shadow_swap,flux1_dev,conditional,0.0020507953315973
swap_67_shadow_swap,flux1_dev,conditional,0.0014618899673223
swap_68_shadow_swap,flux1_dev,conditional,0.0034583948552608
swap_69_shadow_swap,flux1_dev,conditional,-0.0011934942752122
swap_70_shadow_swap,flux1_dev,conditional,0.0023882181197404
swap_71_shadow_swap,flux1_dev,conditional,-0.0008357761055231
swap_72_shadow_swap,flux1_dev,conditional,0.0028779044747352
swap_73_shadow_swap,flux1_dev,conditional,-0.0002300265431404
swap_74_shadow_swap,flux1_dev,conditional,0.0015570114552974
swap_75_shadow_swap,flux1_dev,conditional,-0.0001326548308134
swap_76_shadow_swap,flux1_dev,conditional,0.0027244382351636
swap_77_shadow_swap,flux1_dev,conditional,-0.000652368068695
swap_78_shadow_swap,flux1_dev,conditional,0.0025643720477819
swap_79_shadow_swap,flux1_dev,conditional,-0.0010551227629184
swap_80_shadow_swap,flux1_dev,conditional,0.0042296117544174
swap_81_shadow_swap,flux1_dev,conditional,0.0002324356138706
swap_82_shadow_swap,flux1_dev,conditional,0.0021718968451023
swap_83_shadow_swap,flux1_dev,conditional,-9.065479040146208e-05
swap_84_shadow_swap,flux1_dev,conditional,0.0021583245694637
swap_85_shadow_swap,flux1_dev,conditional,0.0007980315387249
swap_86_shadow_swap,flux1_dev,conditional,0.0024194630980491
swap_87_shadow_swap,flux1_dev,conditional,-0.0009165039658546
swap_88_shadow_swap,flux1_dev,conditional,0.00352607563138
swap_89_shadow_swap,flux1_dev,conditional,0.0021834804117679
swap_90_shadow_swap,flux1_dev,conditional,0.0018560235202312
swap_91_shadow_swap,flux1_dev,conditional,0.0011711061000823
swap_92_shadow_swap,flux1_dev,conditional,0.0043667888641357
swap_93_shadow_swap,flux1_dev,conditional,0.0014492486417293
swap_94_shadow_swap,flux1_dev,conditional,0.0016871619224548
swap_95_shadow_swap,flux1_dev,conditional,-0.0001935823261738
swap_0_reflection_swap,flux1_dev,conditional,0.0008024463802576
swap_1_reflection_swap,flux1_dev,conditional,0.0032105331867933
swap_2_reflection_swap,flux1_dev,conditional,0.0013672991842031
swap_3_reflection_swap,flux1_dev,conditional,0.0012967583537101
swap_4_reflection_swap,flux1_dev,conditional,0.0006075230240821
swap_5_reflection_swap,flux1_dev,conditional,0.0019304648786783
swap_6_reflection_swap,flux1_dev,conditional,0.0001500131934881
swap_7_reflection_swap,flux1_dev,conditional,0.002218339368701
swap_8_reflection_swap,flux1_dev,conditional,0.0013586837053298
swap_9_reflection_swap,flux1_dev,conditional,0.0034297080338001
swap_10_reflection_swap,flux1_dev,conditional,0.001801580786705
swap_11_reflection_swap,flux1_dev,conditional,0.0012006078660488
swap_12_reflection_swap,flux1_dev,conditional,0.0026465119421482
swap_13_reflection_swap,flux1_dev,conditional,0.0036700401455164
swap_14_reflection_swap,flux1_dev,conditional,0.0027692042291164
swap_15_reflection_swap,flux1_dev,conditional,0.0016919137537479
swap_16_reflection_swap,flux1_dev,conditional,0.0024957317113876
swap_17_reflection_swap,flux1_dev,conditional,0.0003449857234955
swap_18_reflection_swap,flux1_dev,conditional,0.0002266119420528
swap_19_reflection_swap,flux1_dev,conditional,0.0020096531510352
swap_20_reflection_swap,flux1_dev,conditional,0.0001145215332508
swap_21_reflection_swap,flux1_dev,conditional,0.001189748942852
swap_22_reflection_swap,flux1_dev,conditional,8.177235722542364e-05
swap_23_reflection_swap,flux1_dev,conditional,0.0007465079426765
swap_24_reflection_swap,flux1_dev,conditional,0.0034471879899501
swap_25_reflection_swap,flux1_dev,conditional,0.0022945742309093
swap_26_reflection_swap,flux1_dev,conditional,0.0016711504757404
swap_27_reflection_swap,flux1_dev,conditional,0.0039955836534499
swap_28_reflection_swap,flux1_dev,conditional,0.0032428273558616
swap_29_reflection_swap,flux1_dev,conditional,0.0035159273445606
swap_30_reflection_swap,flux1_dev,conditional,0.0018423257768154
swap_31_reflection_swap,flux1_dev,conditional,0.0048972457647323
swap_32_reflection_swap,flux1_dev,conditional,0.0011604462563991
swap_33_reflection_swap,flux1_dev,conditional,0.002591650635004
swap_34_reflection_swap,flux1_dev,conditional,0.0001163712888956
swap_35_reflection_swap,flux1_dev,conditional,0.0013518240302801
swap_36_reflection_swap,flux1_dev,conditional,0.0013622582703828
swap_37_reflection_swap,flux1_dev,conditional,0.0029468319565057
swap_38_reflection_swap,flux1_dev,conditional,0.0008521293848753
swap_39_reflection_swap,flux1_dev,conditional,0.001140446960926
swap_40_reflection_swap,flux1_dev,conditional,0.0012127851694822
swap_41_reflection_swap,flux1_dev,conditional,0.0043533528596162
swap_42_reflection_swap,flux1_dev,conditional,0.0009484391659498
swap_43_reflection_swap,flux1_dev,conditional,0.0006014573574066
swap_44_reflection_swap,flux1_dev,conditional,0.0027002899348735
swap_45_reflection_swap,flux1_dev,conditional,0.0033997479081153
swap_46_reflection_swap,flux1_dev,conditional,0.0007368816435337
swap_47_reflection_swap,flux1_dev,conditional,0.0032564309239387
swap_48_reflection_swap,flux1_dev,conditional,0.0023393873125314
swap_49_reflection_swap,flux1_dev,conditional,0.0024918138235807
swap_50_reflection_swap,flux1_dev,conditional,0.0027036568522453
swap_51_reflection_swap,flux1_dev,conditional,0.0020100747048854
swap_52_reflection_swap,flux1_dev,conditional,0.0024334997683763
swap_53_reflection_swap,flux1_dev,conditional,0.0022943443059921
swap_54_reflection_swap,flux1_dev,conditional,0.0011824733018875
swap_55_reflection_swap,flux1_dev,conditional,0.0017612723261117
swap_56_reflection_swap,flux1_dev,conditional,0.0014246818423271
swap_57_reflection_swap,flux1_dev,conditional,0.0020829394459724
swap_58_reflection_swap,flux1_dev,conditional,0.00129144243896
swap_59_reflection_swap,flux1_dev,conditional,0.0019701433181762
swap_60_reflection_swap,flux1_dev,conditional,0.0025977128744125
swap_61_reflection_swap,flux1_dev,conditional,0.003528745919466
swap_62_reflection_swap,flux1_dev,conditional,0.0021724967658519
swap_63_reflection_swap,flux1_dev,conditional,0.0038561521470546
swap_64_reflection_swap,flux1_dev,conditional,0.0016439381986856
swap_65_reflection_swap,flux1_dev,conditional,0.0021794637292623
swap_66_reflection_swap,flux1_dev,conditional,0.0016464156657457
swap_67_reflection_swap,flux1_dev,conditional,0.0012740479409694
swap_68_reflection_swap,flux1_dev,conditional,0.0011732670664787
swap_69_reflection_swap,flux1_dev,conditional,0.0058941695839166
swap_70_reflection_swap,flux1_dev,conditional,0.0012980755418539
swap_71_reflection_swap,flux1_dev,conditional,0.0041901195049285
swap_72_reflection_swap,flux1_dev,conditional,0.0020313997566699
swap_73_reflection_swap,flux1_dev,conditional,0.0025165679305791
swap_74_reflection_swap,flux1_dev,conditional,0.00135547503829
swap_75_reflection_swap,flux1_dev,conditional,0.0005191011726856
swap_76_reflection_swap,flux1_dev,conditional,0.0015403009951114
swap_77_reflection_swap,flux1_dev,conditional,0.0051912137120962
swap_78_reflection_swap,flux1_dev,conditional,0.0019883543998003
swap_79_reflection_swap,flux1_dev,conditional,0.0014559388905763
swap_80_reflection_swap,flux1_dev,conditional,0.0013860685378312
swap_81_reflection_swap,flux1_dev,conditional,0.001014784052968
swap_82_reflection_swap,flux1_dev,conditional,0.0005315016955136
swap_83_reflection_swap,flux1_dev,conditional,0.0011557640880345
swap_84_reflection_swap,flux1_dev,conditional,0.0003775691986083
swap_85_reflection_swap,flux1_dev,conditional,0.0040163976699114
swap_86_reflection_swap,flux1_dev,conditional,0.0011342335492372
swap_87_reflection_swap,flux1_dev,conditional,0.0026042013615369
swap_88_reflection_swap,flux1_dev,conditional,0.0015629994869232
swap_89_reflection_swap,flux1_dev,conditional,0.0012971810251474
swap_90_reflection_swap,flux1_dev,conditional,0.0005834103375673
swap_91_reflection_swap,flux1_dev,conditional,0.0011757149547338
swap_92_reflection_swap,flux1_dev,conditional,0.0008528374880552
swap_93_reflection_swap,flux1_dev,conditional,0.0022224057465791
swap_94_reflection_swap,flux1_dev,conditional,0.0009312282502651
swap_95_reflection_swap,flux1_dev,conditional,0.0009944700449704
swap_0_lightdir_swap,cogvideox_2b,empty,1.1746324598771452e-05
swap_1_lightdir_swap,cogvideox_2b,empty,3.137107938527839e-05
swap_2_lightdir_swap,cogvideox_2b,empty,0.0002496252954006
swap_3_lightdir_swap,cogvideox_2b,empty,-2.298347651960575e-05
swap_4_lightdir_swap,cogvideox_2b,empty,2.269160002470183e-05
swap_5_lightdir_swap,cogvideox_2b,empty,-1.9505098462102577e-05
swap_6_lightdir_swap,cogvideox_2b,empty,0.0001079757884144
swap_7_lightdir_swap,cogvideox_2b,empty,0.0001835676282644
swap_8_lightdir_swap,cogvideox_2b,empty,4.414323717358282e-05
swap_9_lightdir_swap,cogvideox_2b,empty,9.709171950816886e-05
swap_10_lightdir_swap,cogvideox_2b,empty,0.000198407806456
swap_11_lightdir_swap,cogvideox_2b,empty,1.3215094804980287e-06
swap_12_lightdir_swap,cogvideox_2b,empty,1.2636855244635424e-05
swap_13_lightdir_swap,cogvideox_2b,empty,5.985025316475323e-05
swap_14_lightdir_swap,cogvideox_2b,empty,0.0002891642972827
swap_15_lightdir_swap,cogvideox_2b,empty,0.0001525326073169
swap_16_lightdir_swap,cogvideox_2b,empty,0.0002227368205785
swap_17_lightdir_swap,cogvideox_2b,empty,0.0001587937399745
swap_18_lightdir_swap,cogvideox_2b,empty,0.0002464951202273
swap_19_lightdir_swap,cogvideox_2b,empty,7.927171885968587e-05
swap_20_lightdir_swap,cogvideox_2b,empty,9.630952030420524e-05
swap_21_lightdir_swap,cogvideox_2b,empty,-5.1906481385241565e-05
swap_22_lightdir_swap,cogvideox_2b,empty,0.0002331610769033
swap_23_lightdir_swap,cogvideox_2b,empty,-0.0001128908619284
swap_24_lightdir_swap,cogvideox_2b,empty,-0.0002767023071646
swap_25_lightdir_swap,cogvideox_2b,empty,4.374712705611239e-05
swap_26_lightdir_swap,cogvideox_2b,empty,-0.0003306744992733
swap_27_lightdir_swap,cogvideox_2b,empty,-4.054557532072456e-05
swap_28_lightdir_swap,cogvideox_2b,empty,-3.768086433410256e-05
swap_29_lightdir_swap,cogvideox_2b,empty,-0.000112813077867
swap_30_lightdir_swap,cogvideox_2b,empty,-0.0001893531531095
swap_31_lightdir_swap,cogvideox_2b,empty,-0.0001977451518177
swap_32_lightdir_swap,cogvideox_2b,empty,5.429945886135934e-05
swap_33_lightdir_swap,cogvideox_2b,empty,-5.766324698926184e-05
swap_34_lightdir_swap,cogvideox_2b,empty,0.0001867090165614
swap_35_lightdir_swap,cogvideox_2b,empty,0.0001415326446294
swap_36_lightdir_swap,cogvideox_2b,empty,6.558336317537272e-05
swap_37_lightdir_swap,cogvideox_2b,empty,-3.242813050746696e-05
swap_38_lightdir_swap,cogvideox_2b,empty,2.4096183478816705e-05
swap_39_lightdir_swap,cogvideox_2b,empty,0.0001502342894673
swap_40_lightdir_swap,cogvideox_2b,empty,4.4264271855332105e-05
swap_41_lightdir_swap,cogvideox_2b,empty,0.0002779730036854
swap_42_lightdir_swap,cogvideox_2b,empty,0.0001524516567587
swap_43_lightdir_swap,cogvideox_2b,empty,0.0003365616127848
swap_44_lightdir_swap,cogvideox_2b,empty,-3.522712737322187e-05
swap_45_lightdir_swap,cogvideox_2b,empty,-4.54043224454026e-05
swap_46_lightdir_swap,cogvideox_2b,empty,-5.153059959413231e-05
swap_47_lightdir_swap,cogvideox_2b,empty,0.000263537056744
swap_48_lightdir_swap,cogvideox_2b,empty,6.02377951145483e-05
swap_49_lightdir_swap,cogvideox_2b,empty,6.638627499339078e-05
swap_50_lightdir_swap,cogvideox_2b,empty,-0.0001237365603447
swap_51_lightdir_swap,cogvideox_2b,empty,3.5345479846016215e-05
swap_52_lightdir_swap,cogvideox_2b,empty,0.000105336382985
swap_53_lightdir_swap,cogvideox_2b,empty,0.0001739641278982
swap_54_lightdir_swap,cogvideox_2b,empty,-2.7078166604049825e-05
swap_55_lightdir_swap,cogvideox_2b,empty,5.619682371614532e-05
swap_56_lightdir_swap,cogvideox_2b,empty,0.0001264210790395
swap_57_lightdir_swap,cogvideox_2b,empty,3.654304891824445e-05
swap_58_lightdir_swap,cogvideox_2b,empty,0.0002382260933518
swap_59_lightdir_swap,cogvideox_2b,empty,0.0001095428317785
swap_60_lightdir_swap,cogvideox_2b,empty,9.178370237350464e-05
swap_61_lightdir_swap,cogvideox_2b,empty,0.0001523217186331
swap_62_lightdir_swap,cogvideox_2b,empty,9.1629996895784e-05
swap_63_lightdir_swap,cogvideox_2b,empty,0.0002066836506128
swap_64_lightdir_swap,cogvideox_2b,empty,3.699079155922158e-05
swap_65_lightdir_swap,cogvideox_2b,empty,0.000146692879498
swap_66_lightdir_swap,cogvideox_2b,empty,3.0079483986089617e-06
swap_67_lightdir_swap,cogvideox_2b,empty,0.0003803210705518
swap_68_lightdir_swap,cogvideox_2b,empty,4.763334989546508e-05
swap_69_lightdir_swap,cogvideox_2b,empty,-9.36258584258165e-06
swap_70_lightdir_swap,cogvideox_2b,empty,5.690690129996068e-05
swap_71_lightdir_swap,cogvideox_2b,empty,-1.6901083290596364e-05
swap_72_lightdir_swap,cogvideox_2b,empty,7.804192602635374e-05
swap_73_lightdir_swap,cogvideox_2b,empty,-7.552850991487947e-05
swap_74_lightdir_swap,cogvideox_2b,empty,-1.941211521623576e-05
swap_75_lightdir_swap,cogvideox_2b,empty,-0.0001012556254863
swap_76_lightdir_swap,cogvideox_2b,empty,3.789823502302336e-05
swap_77_lightdir_swap,cogvideox_2b,empty,6.397176533938509e-05
swap_78_lightdir_swap,cogvideox_2b,empty,-1.2342296540721054e-05
swap_79_lightdir_swap,cogvideox_2b,empty,0.0001882231235504
swap_80_lightdir_swap,cogvideox_2b,empty,0.0001918628066778
swap_81_lightdir_swap,cogvideox_2b,empty,0.0003932547569274
swap_82_lightdir_swap,cogvideox_2b,empty,0.0002456213906407
swap_83_lightdir_swap,cogvideox_2b,empty,0.0003827608376741
swap_84_lightdir_swap,cogvideox_2b,empty,4.607237875463299e-05
swap_85_lightdir_swap,cogvideox_2b,empty,0.000312033034861
swap_86_lightdir_swap,cogvideox_2b,empty,0.0002248119190335
swap_87_lightdir_swap,cogvideox_2b,empty,0.0003196900337934
swap_88_lightdir_swap,cogvideox_2b,empty,0.0002207500487566
swap_89_lightdir_swap,cogvideox_2b,empty,0.0001113813742995
swap_90_lightdir_swap,cogvideox_2b,empty,0.0002722972631454
swap_91_lightdir_swap,cogvideox_2b,empty,-7.488947361708465e-05
swap_92_lightdir_swap,cogvideox_2b,empty,9.03676077723542e-05
swap_93_lightdir_swap,cogvideox_2b,empty,9.164508432149554e-05
swap_94_lightdir_swap,cogvideox_2b,empty,0.0003766271099448
swap_95_lightdir_swap,cogvideox_2b,empty,-2.0553916692728214e-05
swap_0_shadow_swap,cogvideox_2b,empty,6.666447967290656e-05
swap_1_shadow_swap,cogvideox_2b,empty,-0.0001496111601591
swap_2_shadow_swap,cogvideox_2b,empty,-2.9945522546759307e-05
swap_3_shadow_swap,cogvideox_2b,empty,-0.0001378482580184
swap_4_shadow_swap,cogvideox_2b,empty,9.646087884902788e-05
swap_5_shadow_swap,cogvideox_2b,empty,-0.0002629340440034
swap_6_shadow_swap,cogvideox_2b,empty,0.0001595243439078
swap_7_shadow_swap,cogvideox_2b,empty,3.800641745330125e-05
swap_8_shadow_swap,cogvideox_2b,empty,0.0001224068552255
swap_9_shadow_swap,cogvideox_2b,empty,-6.445791572332049e-05
swap_10_shadow_swap,cogvideox_2b,empty,-0.0002694606781005
swap_11_shadow_swap,cogvideox_2b,empty,-6.83591514825943e-05
swap_12_shadow_swap,cogvideox_2b,empty,-0.0002905888110399
swap_13_shadow_swap,cogvideox_2b,empty,-5.289126187564552e-05
swap_14_shadow_swap,cogvideox_2b,empty,-0.0001243327185511
swap_15_shadow_swap,cogvideox_2b,empty,-6.627716124055216e-05
swap_16_shadow_swap,cogvideox_2b,empty,-0.0003229929506778
swap_17_shadow_swap,cogvideox_2b,empty,6.818242371083028e-05
swap_18_shadow_swap,cogvideox_2b,empty,-2.1163411438485102e-05
swap_19_shadow_swap,cogvideox_2b,empty,2.041071653365034e-05
swap_20_shadow_swap,cogvideox_2b,empty,-0.0001932080835104
swap_21_shadow_swap,cogvideox_2b,empty,1.339614391221433e-07
swap_22_shadow_swap,cogvideox_2b,empty,-0.0002796514332294
swap_23_shadow_swap,cogvideox_2b,empty,8.735079318285266e-05
swap_24_shadow_swap,cogvideox_2b,empty,5.98676875233628e-05
swap_25_shadow_swap,cogvideox_2b,empty,4.279404878615445e-05
swap_26_shadow_swap,cogvideox_2b,empty,0.0001211389526724
swap_27_shadow_swap,cogvideox_2b,empty,4.809074103831468e-05
swap_28_shadow_swap,cogvideox_2b,empty,-6.560780107972564e-05
swap_29_shadow_swap,cogvideox_2b,empty,3.786001354454116e-05
swap_30_shadow_swap,cogvideox_2b,empty,0.0002090049907565
swap_31_shadow_swap,cogvideox_2b,empty,-0.0001999616622924
swap_32_shadow_swap,cogvideox_2b,empty,-0.0002237374335527
swap_33_shadow_swap,cogvideox_2b,empty,0.0003293250501155
swap_34_shadow_swap,cogvideox_2b,empty,1.2929253280169473e-05
swap_35_shadow_swap,cogvideox_2b,empty,5.144920200109149e-05
swap_36_shadow_swap,cogvideox_2b,empty,1.4226958155630354e-05
swap_37_shadow_swap,cogvideox_2b,empty,0.0001013889163732
swap_38_shadow_swap,cogvideox_2b,empty,-0.0002497881278395
swap_39_shadow_swap,cogvideox_2b,empty,0.0001222826540469
swap_40_shadow_swap,cogvideox_2b,empty,9.589310735462486e-05
swap_41_shadow_swap,cogvideox_2b,empty,8.711695671081987e-05
swap_42_shadow_swap,cogvideox_2b,empty,3.704093396672548e-06
swap_43_shadow_swap,cogvideox_2b,empty,0.0001614878326654
swap_44_shadow_swap,cogvideox_2b,empty,4.190322011707326e-05
swap_45_shadow_swap,cogvideox_2b,empty,-0.0001320101320743
swap_46_shadow_swap,cogvideox_2b,empty,0.0002269830182194
swap_47_shadow_swap,cogvideox_2b,empty,-6.760332733393715e-05
swap_48_shadow_swap,cogvideox_2b,empty,9.50724631547939e-05
swap_49_shadow_swap,cogvideox_2b,empty,-0.000258471481502
swap_50_shadow_swap,cogvideox_2b,empty,-8.127413690089957e-05
swap_51_shadow_swap,cogvideox_2b,empty,7.946901023389574e-05
swap_52_shadow_swap,cogvideox_2b,empty,-8.520081639287747e-05
swap_53_shadow_swap,cogvideox_2b,empty,9.567622095345284e-05
swap_54_shadow_swap,cogvideox_2b,empty,1.11256912350699e-05
swap_55_shadow_swap,cogvideox_2b,empty,-0.0003146730735898
swap_56_shadow_swap,cogvideox_2b,empty,5.285777151586846e-06
swap_57_shadow_swap,cogvideox_2b,empty,0.000110192708671
swap_58_shadow_swap,cogvideox_2b,empty,8.121304214002423e-05
swap_59_shadow_swap,cogvideox_2b,empty,0.0001184353977441
swap_60_shadow_swap,cogvideox_2b,empty,0.0001438812538981
swap_61_shadow_swap,cogvideox_2b,empty,-0.0002944730594754
swap_62_shadow_swap,cogvideox_2b,empty,3.342784941198773e-05
swap_63_shadow_swap,cogvideox_2b,empty,-0.0001743294298648
swap_64_shadow_swap,cogvideox_2b,empty,0.0002891782298684
swap_65_shadow_swap,cogvideox_2b,empty,-0.0001551313325762
swap_66_shadow_swap,cogvideox_2b,empty,0.0001815830171108
swap_67_shadow_swap,cogvideox_2b,empty,2.609800547362373e-05
swap_68_shadow_swap,cogvideox_2b,empty,0.0001452147215604
swap_69_shadow_swap,cogvideox_2b,empty,-8.939404040574084e-05
swap_70_shadow_swap,cogvideox_2b,empty,-1.0554119944522489e-06
swap_71_shadow_swap,cogvideox_2b,empty,-3.230862319468508e-05
swap_72_shadow_swap,cogvideox_2b,empty,0.000100036971271
swap_73_shadow_swap,cogvideox_2b,empty,-0.0002045587077736
swap_74_shadow_swap,cogvideox_2b,empty,-2.733919769526416e-05
swap_75_shadow_swap,cogvideox_2b,empty,4.590388387441802e-05
swap_76_shadow_swap,cogvideox_2b,empty,-1.6610957682142158e-05
swap_77_shadow_swap,cogvideox_2b,empty,7.039863616228881e-05
swap_78_shadow_swap,cogvideox_2b,empty,-0.0002103291079401
swap_79_shadow_swap,cogvideox_2b,empty,0.0001561568677425
swap_80_shadow_swap,cogvideox_2b,empty,8.142814040199009e-06
swap_81_shadow_swap,cogvideox_2b,empty,3.4944899380218164e-05
swap_82_shadow_swap,cogvideox_2b,empty,0.000335154607892
swap_83_shadow_swap,cogvideox_2b,empty,5.8760568499571786e-05
swap_84_shadow_swap,cogvideox_2b,empty,-2.9323399066916167e-05
swap_85_shadow_swap,cogvideox_2b,empty,0.0002157900109886
swap_86_shadow_swap,cogvideox_2b,empty,0.0001712537184357
swap_87_shadow_swap,cogvideox_2b,empty,3.9346143603097294e-06
swap_88_shadow_swap,cogvideox_2b,empty,8.39974731205173e-06
swap_89_shadow_swap,cogvideox_2b,empty,-4.8300623893729466e-05
swap_90_shadow_swap,cogvideox_2b,empty,-0.0001145324483513
swap_91_shadow_swap,cogvideox_2b,empty,0.0002231858298182
swap_92_shadow_swap,cogvideox_2b,empty,0.000125065781176
swap_93_shadow_swap,cogvideox_2b,empty,0.0001162681728601
swap_94_shadow_swap,cogvideox_2b,empty,9.323172271244462e-06
swap_95_shadow_swap,cogvideox_2b,empty,-4.203617572783036e-05
swap_0_reflection_swap,cogvideox_2b,empty,0.0002753532305359
swap_1_reflection_swap,cogvideox_2b,empty,2.767395228146785e-05
swap_2_reflection_swap,cogvideox_2b,empty,0.0002077050879597
swap_3_reflection_swap,cogvideox_2b,empty,0.0001683870702982
swap_4_reflection_swap,cogvideox_2b,empty,9.93278995156388e-05
swap_5_reflection_swap,cogvideox_2b,empty,-2.253629267215396e-05
swap_6_reflection_swap,cogvideox_2b,empty,0.000114824026823
swap_7_reflection_swap,cogvideox_2b,empty,1.453202217817362e-05
swap_8_reflection_swap,cogvideox_2b,empty,4.4521689415016885e-06
swap_9_reflection_swap,cogvideox_2b,empty,0.0002897838503122
swap_10_reflection_swap,cogvideox_2b,empty,-8.345019072295012e-05
swap_11_reflection_swap,cogvideox_2b,empty,-6.192810833458018e-06
swap_12_reflection_swap,cogvideox_2b,empty,0.0003205714747309
swap_13_reflection_swap,cogvideox_2b,empty,-4.304490983485232e-05
swap_14_reflection_swap,cogvideox_2b,empty,1.682229340063679e-06
swap_15_reflection_swap,cogvideox_2b,empty,-0.0001356393843889
swap_16_reflection_swap,cogvideox_2b,empty,-3.351699560881494e-05
swap_17_reflection_swap,cogvideox_2b,empty,0.0001355978101491
swap_18_reflection_swap,cogvideox_2b,empty,-2.997305244208104e-05
swap_19_reflection_swap,cogvideox_2b,empty,-0.0002649644762277
swap_20_reflection_swap,cogvideox_2b,empty,-0.0001223757863044
swap_21_reflection_swap,cogvideox_2b,empty,0.0003256383538246
swap_22_reflection_swap,cogvideox_2b,empty,0.0001461534202098
swap_23_reflection_swap,cogvideox_2b,empty,-0.0003431717306375
swap_24_reflection_swap,cogvideox_2b,empty,-4.4434331357479095e-05
swap_25_reflection_swap,cogvideox_2b,empty,0.0001337474957108
swap_26_reflection_swap,cogvideox_2b,empty,0.0001477278396487
swap_27_reflection_swap,cogvideox_2b,empty,-0.0002356415614485
swap_28_reflection_swap,cogvideox_2b,empty,0.000182214602828
swap_29_reflection_swap,cogvideox_2b,empty,1.889862120152408e-05
swap_30_reflection_swap,cogvideox_2b,empty,0.0001834755018353
swap_31_reflection_swap,cogvideox_2b,empty,-0.0001158656552433
swap_32_reflection_swap,cogvideox_2b,empty,0.0001401091367006
swap_33_reflection_swap,cogvideox_2b,empty,-3.807727247474857e-05
swap_34_reflection_swap,cogvideox_2b,empty,-4.4189020991333705e-05
swap_35_reflection_swap,cogvideox_2b,empty,0.000238300897181
swap_36_reflection_swap,cogvideox_2b,empty,0.0001691684871911
swap_37_reflection_swap,cogvideox_2b,empty,9.172108024359248e-05
swap_38_reflection_swap,cogvideox_2b,empty,0.0001350947469472
swap_39_reflection_swap,cogvideox_2b,empty,-5.441978573798856e-05
swap_40_reflection_swap,cogvideox_2b,empty,9.028621017931338e-05
swap_41_reflection_swap,cogvideox_2b,empty,2.4288967251775984e-05
swap_42_reflection_swap,cogvideox_2b,empty,0.0001152092218398
swap_43_reflection_swap,cogvideox_2b,empty,-8.060697466134858e-05
swap_44_reflection_swap,cogvideox_2b,empty,0.000330681502819
swap_45_reflection_swap,cogvideox_2b,empty,0.0001018458604812
swap_46_reflection_swap,cogvideox_2b,empty,0.0002068663761019
swap_47_reflection_swap,cogvideox_2b,empty,-2.203449606896779e-05
swap_48_reflection_swap,cogvideox_2b,empty,0.0002734717726707
swap_49_reflection_swap,cogvideox_2b,empty,0.0001154361665248
swap_50_reflection_swap,cogvideox_2b,empty,0.0002869246900081
swap_51_reflection_swap,cogvideox_2b,empty,0.0001747163012623
swap_52_reflection_swap,cogvideox_2b,empty,0.0003192556276917
swap_53_reflection_swap,cogvideox_2b,empty,0.0001929046958684
swap_54_reflection_swap,cogvideox_2b,empty,0.0002628007903695
swap_55_reflection_swap,cogvideox_2b,empty,-4.000112414359602e-05
swap_56_reflection_swap,cogvideox_2b,empty,-0.0001592326909303
swap_57_reflection_swap,cogvideox_2b,empty,0.0002549354359507
swap_58_reflection_swap,cogvideox_2b,empty,0.0001165543869137
swap_59_reflection_swap,cogvideox_2b,empty,-0.0001598215103149
swap_60_reflection_swap,cogvideox_2b,empty,0.0007130718976259
swap_61_reflection_swap,cogvideox_2b,empty,-4.712853580712828e-05
swap_62_reflection_swap,cogvideox_2b,empty,1.808971166609996e-05
swap_63_reflection_swap,cogvideox_2b,empty,0.0004138956218957
swap_64_reflection_swap,cogvideox_2b,empty,0.0003838660940528
swap_65_reflection_swap,cogvideox_2b,empty,-9.7473785281188e-05
swap_66_reflection_swap,cogvideox_2b,empty,-5.16548752784729e-05
swap_67_reflection_swap,cogvideox_2b,empty,0.0001269613578915
swap_68_reflection_swap,cogvideox_2b,empty,0.0004157530516386
swap_69_reflection_swap,cogvideox_2b,empty,0.0001064839959144
swap_70_reflection_swap,cogvideox_2b,empty,0.00023172929883
swap_71_reflection_swap,cogvideox_2b,empty,0.0001157780364155
swap_72_reflection_swap,cogvideox_2b,empty,4.487413913012439e-05
swap_73_reflection_swap,cogvideox_2b,empty,0.0001002247631549
swap_74_reflection_swap,cogvideox_2b,empty,4.567775875330416e-05
swap_75_reflection_swap,cogvideox_2b,empty,-4.4999383389962566e-05
swap_76_reflection_swap,cogvideox_2b,empty,1.9391998648629616e-05
swap_77_reflection_swap,cogvideox_2b,empty,-6.4247585833066e-05
swap_78_reflection_swap,cogvideox_2b,empty,-0.0001119143515825
swap_79_reflection_swap,cogvideox_2b,empty,-0.0002325483039021
swap_80_reflection_swap,cogvideox_2b,empty,6.824810057880215e-05
swap_81_reflection_swap,cogvideox_2b,empty,0.0002172378078102
swap_82_reflection_swap,cogvideox_2b,empty,0.0001680899783968
swap_83_reflection_swap,cogvideox_2b,empty,-4.690557718278754e-05
swap_84_reflection_swap,cogvideox_2b,empty,0.0002812856063246
swap_85_reflection_swap,cogvideox_2b,empty,0.0003969211876392
swap_86_reflection_swap,cogvideox_2b,empty,0.0002208433672785
swap_87_reflection_swap,cogvideox_2b,empty,-8.821487426743935e-06
swap_88_reflection_swap,cogvideox_2b,empty,5.074512213466831e-05
swap_89_reflection_swap,cogvideox_2b,empty,-0.0001059289276599
swap_90_reflection_swap,cogvideox_2b,empty,6.370801478622345e-05
swap_91_reflection_swap,cogvideox_2b,empty,-1.809589564802372e-05
swap_92_reflection_swap,cogvideox_2b,empty,0.0001489293575286
swap_93_reflection_swap,cogvideox_2b,empty,0.0002170951664447
swap_94_reflection_swap,cogvideox_2b,empty,0.0001943175122142
swap_95_reflection_swap,cogvideox_2b,empty,4.021257162092895e-05
swap_0_lightdir_swap,cogvideox_2b,conditional,4.110448062422112e-06
swap_1_lightdir_swap,cogvideox_2b,conditional,4.3770745396590205e-05
swap_2_lightdir_swap,cogvideox_2b,conditional,0.0002449430897831
swap_3_lightdir_swap,cogvideox_2b,conditional,-2.4588406086212267e-06
swap_4_lightdir_swap,cogvideox_2b,conditional,4.2653344571597085e-05
swap_5_lightdir_swap,cogvideox_2b,conditional,-6.982486695049361e-05
swap_6_lightdir_swap,cogvideox_2b,conditional,0.0001394687592983
swap_7_lightdir_swap,cogvideox_2b,conditional,0.0002010355889797
swap_8_lightdir_swap,cogvideox_2b,conditional,3.0847936868652615e-05
swap_9_lightdir_swap,cogvideox_2b,conditional,0.0001033486798405
swap_10_lightdir_swap,cogvideox_2b,conditional,0.0001844090595841
swap_11_lightdir_swap,cogvideox_2b,conditional,9.539499878877256e-06
swap_12_lightdir_swap,cogvideox_2b,conditional,2.931997179986268e-05
swap_13_lightdir_swap,cogvideox_2b,conditional,5.801718682049706e-05
swap_14_lightdir_swap,cogvideox_2b,conditional,0.0002662988752126
swap_15_lightdir_swap,cogvideox_2b,conditional,0.0001409564167261
swap_16_lightdir_swap,cogvideox_2b,conditional,0.0002174871787428
swap_17_lightdir_swap,cogvideox_2b,conditional,0.0001785212382674
swap_18_lightdir_swap,cogvideox_2b,conditional,0.0002558689936995
swap_19_lightdir_swap,cogvideox_2b,conditional,0.000138773843646
swap_20_lightdir_swap,cogvideox_2b,conditional,9.567119181155824e-05
swap_21_lightdir_swap,cogvideox_2b,conditional,-3.509216010567917e-05
swap_22_lightdir_swap,cogvideox_2b,conditional,0.000207183510065
swap_23_lightdir_swap,cogvideox_2b,conditional,-3.986522555349259e-05
swap_24_lightdir_swap,cogvideox_2b,conditional,-0.0003504306077957
swap_25_lightdir_swap,cogvideox_2b,conditional,3.170687705277009e-05
swap_26_lightdir_swap,cogvideox_2b,conditional,-0.0002794466540217
swap_27_lightdir_swap,cogvideox_2b,conditional,-4.750728607177957e-05
swap_28_lightdir_swap,cogvideox_2b,conditional,-9.289171546698892e-05
swap_29_lightdir_swap,cogvideox_2b,conditional,-7.708784192798912e-05
swap_30_lightdir_swap,cogvideox_2b,conditional,-0.0001702027767896
swap_31_lightdir_swap,cogvideox_2b,conditional,-0.000148561373353
swap_32_lightdir_swap,cogvideox_2b,conditional,1.812987029552182e-05
swap_33_lightdir_swap,cogvideox_2b,conditional,-6.323315203191071e-05
swap_34_lightdir_swap,cogvideox_2b,conditional,0.0002442347258329
swap_35_lightdir_swap,cogvideox_2b,conditional,9.850300848483762e-05
swap_36_lightdir_swap,cogvideox_2b,conditional,4.747234284878388e-05
swap_37_lightdir_swap,cogvideox_2b,conditional,-3.548506647349514e-05
swap_38_lightdir_swap,cogvideox_2b,conditional,3.642264753579705e-05
swap_39_lightdir_swap,cogvideox_2b,conditional,0.0001261404901743
swap_40_lightdir_swap,cogvideox_2b,conditional,8.056838065387262e-05
swap_41_lightdir_swap,cogvideox_2b,conditional,0.000280862301588
swap_42_lightdir_swap,cogvideox_2b,conditional,0.0001874056458473
swap_43_lightdir_swap,cogvideox_2b,conditional,0.0003571996837854
swap_44_lightdir_swap,cogvideox_2b,conditional,-6.122928112745063e-05
swap_45_lightdir_swap,cogvideox_2b,conditional,-6.35604560375036e-05
swap_46_lightdir_swap,cogvideox_2b,conditional,-2.033870667221549e-05
swap_47_lightdir_swap,cogvideox_2b,conditional,0.0002957664057612
swap_48_lightdir_swap,cogvideox_2b,conditional,9.057644754648098e-05
swap_49_lightdir_swap,cogvideox_2b,conditional,0.0001134762540459
swap_50_lightdir_swap,cogvideox_2b,conditional,-6.636299192903927e-05
swap_51_lightdir_swap,cogvideox_2b,conditional,8.274860680104745e-05
swap_52_lightdir_swap,cogvideox_2b,conditional,3.462888300419242e-05
swap_53_lightdir_swap,cogvideox_2b,conditional,0.000195066705346
swap_54_lightdir_swap,cogvideox_2b,conditional,2.272266894577657e-05
swap_55_lightdir_swap,cogvideox_2b,conditional,7.872808724641855e-05
swap_56_lightdir_swap,cogvideox_2b,conditional,0.0001289409026503
swap_57_lightdir_swap,cogvideox_2b,conditional,3.279492259024297e-05
swap_58_lightdir_swap,cogvideox_2b,conditional,0.0002529908716678
swap_59_lightdir_swap,cogvideox_2b,conditional,0.0001218655332923
swap_60_lightdir_swap,cogvideox_2b,conditional,9.414982050659491e-05
swap_61_lightdir_swap,cogvideox_2b,conditional,0.0001487601175904
swap_62_lightdir_swap,cogvideox_2b,conditional,0.000112944021821
swap_63_lightdir_swap,cogvideox_2b,conditional,0.0002570274844765
swap_64_lightdir_swap,cogvideox_2b,conditional,7.633604109286152e-05
swap_65_lightdir_swap,cogvideox_2b,conditional,0.0001926739141345
swap_66_lightdir_swap,cogvideox_2b,conditional,5.398806184528371e-05
swap_67_lightdir_swap,cogvideox_2b,conditional,0.0004246054962277
swap_68_lightdir_swap,cogvideox_2b,conditional,4.949685186148023e-05
swap_69_lightdir_swap,cogvideox_2b,conditional,4.9166493117827614e-05
swap_70_lightdir_swap,cogvideox_2b,conditional,4.7127790749057485e-05
swap_71_lightdir_swap,cogvideox_2b,conditional,8.074373006819457e-05
swap_72_lightdir_swap,cogvideox_2b,conditional,0.0001245475560426
swap_73_lightdir_swap,cogvideox_2b,conditional,-6.378497928379023e-05
swap_74_lightdir_swap,cogvideox_2b,conditional,5.590390413999502e-05
swap_75_lightdir_swap,cogvideox_2b,conditional,-3.9641819894326025e-05
swap_76_lightdir_swap,cogvideox_2b,conditional,9.214568883179897e-05
swap_77_lightdir_swap,cogvideox_2b,conditional,0.0001266496628522
swap_78_lightdir_swap,cogvideox_2b,conditional,6.318695843221533e-05
swap_79_lightdir_swap,cogvideox_2b,conditional,0.0002139965444803
swap_80_lightdir_swap,cogvideox_2b,conditional,0.0002091271430253
swap_81_lightdir_swap,cogvideox_2b,conditional,0.0003494581580161
swap_82_lightdir_swap,cogvideox_2b,conditional,0.0002397920191288
swap_83_lightdir_swap,cogvideox_2b,conditional,0.0003893336653709
swap_84_lightdir_swap,cogvideox_2b,conditional,0.000103672593832
swap_85_lightdir_swap,cogvideox_2b,conditional,0.0002606694772839
swap_86_lightdir_swap,cogvideox_2b,conditional,0.0002055547386407
swap_87_lightdir_swap,cogvideox_2b,conditional,0.0003547321259975
swap_88_lightdir_swap,cogvideox_2b,conditional,0.0002356208860874
swap_89_lightdir_swap,cogvideox_2b,conditional,8.038461208347003e-05
swap_90_lightdir_swap,cogvideox_2b,conditional,0.0002713873982429
swap_91_lightdir_swap,cogvideox_2b,conditional,2.3363754153238325e-05
swap_92_lightdir_swap,cogvideox_2b,conditional,7.895279675722289e-05
swap_93_lightdir_swap,cogvideox_2b,conditional,0.0001146943867206
swap_94_lightdir_swap,cogvideox_2b,conditional,0.0003699911013245
swap_95_lightdir_swap,cogvideox_2b,conditional,1.3493262231351055e-05
swap_0_shadow_swap,cogvideox_2b,conditional,6.587885320187559e-05
swap_1_shadow_swap,cogvideox_2b,conditional,-0.0001793056726455
swap_2_shadow_swap,cogvideox_2b,conditional,-1.056008040906109e-05
swap_3_shadow_swap,cogvideox_2b,conditional,-0.0001187084987759
swap_4_shadow_swap,cogvideox_2b,conditional,9.42315906286434e-05
swap_5_shadow_swap,cogvideox_2b,conditional,-0.0002530192956328
swap_6_shadow_swap,cogvideox_2b,conditional,0.0001461888104677
swap_7_shadow_swap,cogvideox_2b,conditional,-6.277710199370512e-06
swap_8_shadow_swap,cogvideox_2b,conditional,0.0001214909180998
swap_9_shadow_swap,cogvideox_2b,conditional,-5.383599549531326e-05
swap_10_shadow_swap,cogvideox_2b,conditional,-0.0002586058154702
swap_11_shadow_swap,cogvideox_2b,conditional,-1.2590214610100348e-05
swap_12_shadow_swap,cogvideox_2b,conditional,-0.0003353986516594
swap_13_shadow_swap,cogvideox_2b,conditional,3.264561295508728e-05
swap_14_shadow_swap,cogvideox_2b,conditional,-0.0001080545783043
swap_15_shadow_swap,cogvideox_2b,conditional,-3.995925188063354e-05
swap_16_shadow_swap,cogvideox_2b,conditional,-0.0003065057098865
swap_17_shadow_swap,cogvideox_2b,conditional,4.517205059530183e-05
swap_18_shadow_swap,cogvideox_2b,conditional,-1.783560961485242e-05
swap_19_shadow_swap,cogvideox_2b,conditional,3.4521669149412126e-05
swap_20_shadow_swap,cogvideox_2b,conditional,-0.0001855477690696
swap_21_shadow_swap,cogvideox_2b,conditional,1.6409903763614508e-07
swap_22_shadow_swap,cogvideox_2b,conditional,-0.000270134024322
swap_23_shadow_swap,cogvideox_2b,conditional,6.441567093130873e-05
swap_24_shadow_swap,cogvideox_2b,conditional,5.564134567975776e-05
swap_25_shadow_swap,cogvideox_2b,conditional,3.0139125883593687e-05
swap_26_shadow_swap,cogvideox_2b,conditional,0.0001206443458795
swap_27_shadow_swap,cogvideox_2b,conditional,-1.8005706369880747e-05
swap_28_shadow_swap,cogvideox_2b,conditional,-6.410703063011725e-05
swap_29_shadow_swap,cogvideox_2b,conditional,1.3201683759678229e-05
swap_30_shadow_swap,cogvideox_2b,conditional,0.0002247884497046
swap_31_shadow_swap,cogvideox_2b,conditional,-0.0001888263598084
swap_32_shadow_swap,cogvideox_2b,conditional,-0.0001367530226707
swap_33_shadow_swap,cogvideox_2b,conditional,0.0003528901934623
swap_34_shadow_swap,cogvideox_2b,conditional,1.243278384208124e-05
swap_35_shadow_swap,cogvideox_2b,conditional,1.06012076139389e-05
swap_36_shadow_swap,cogvideox_2b,conditional,3.302633762358731e-05
swap_37_shadow_swap,cogvideox_2b,conditional,6.080619990823932e-05
swap_38_shadow_swap,cogvideox_2b,conditional,-0.0001416142657399
swap_39_shadow_swap,cogvideox_2b,conditional,0.0001072269305586
swap_40_shadow_swap,cogvideox_2b,conditional,6.674308329819578e-05
swap_41_shadow_swap,cogvideox_2b,conditional,3.766942769289905e-05
swap_42_shadow_swap,cogvideox_2b,conditional,-1.3280063867568416e-05
swap_43_shadow_swap,cogvideox_2b,conditional,0.0001838843151927
swap_44_shadow_swap,cogvideox_2b,conditional,0.0001288104057311
swap_45_shadow_swap,cogvideox_2b,conditional,-0.0001981703564524
swap_46_shadow_swap,cogvideox_2b,conditional,0.0002199283614754
swap_47_shadow_swap,cogvideox_2b,conditional,-6.943982094527457e-05
swap_48_shadow_swap,cogvideox_2b,conditional,6.0212686657915016e-05
swap_49_shadow_swap,cogvideox_2b,conditional,-0.0002504134178161
swap_50_shadow_swap,cogvideox_2b,conditional,-4.964131861925902e-05
swap_51_shadow_swap,cogvideox_2b,conditional,6.785340607165513e-05
swap_52_shadow_swap,cogvideox_2b,conditional,-6.622508168220576e-05
swap_53_shadow_swap,cogvideox_2b,conditional,6.763387471438176e-05
swap_54_shadow_swap,cogvideox_2b,conditional,1.655712723731828e-05
swap_55_shadow_swap,cogvideox_2b,conditional,-0.0002758356556296
swap_56_shadow_swap,cogvideox_2b,conditional,4.217904061079581e-05
swap_57_shadow_swap,cogvideox_2b,conditional,0.0001238455250859
swap_58_shadow_swap,cogvideox_2b,conditional,4.908774048090203e-05
swap_59_shadow_swap,cogvideox_2b,conditional,0.0001239684596657
swap_60_shadow_swap,cogvideox_2b,conditional,9.631682187319356e-05
swap_61_shadow_swap,cogvideox_2b,conditional,-0.0002163366600871
swap_62_shadow_swap,cogvideox_2b,conditional,7.916647940874044e-05
swap_63_shadow_swap,cogvideox_2b,conditional,-0.0001282401382923
swap_64_shadow_swap,cogvideox_2b,conditional,0.0002891762182116
swap_65_shadow_swap,cogvideox_2b,conditional,-0.0001125371083617
swap_66_shadow_swap,cogvideox_2b,conditional,0.000127811320126
swap_67_shadow_swap,cogvideox_2b,conditional,3.0161999166000708e-05
swap_68_shadow_swap,cogvideox_2b,conditional,0.000130716972053
swap_69_shadow_swap,cogvideox_2b,conditional,-8.770409971475823e-05
swap_70_shadow_swap,cogvideox_2b,conditional,9.365454316137556e-06
swap_71_shadow_swap,cogvideox_2b,conditional,-5.232673138380606e-05
swap_72_shadow_swap,cogvideox_2b,conditional,0.0001079637557268
swap_73_shadow_swap,cogvideox_2b,conditional,-0.0001425582170486
swap_74_shadow_swap,cogvideox_2b,conditional,-2.0797364413710492e-05
swap_75_shadow_swap,cogvideox_2b,conditional,1.76772475243836e-06
swap_76_shadow_swap,cogvideox_2b,conditional,-2.393495291469483e-05
swap_77_shadow_swap,cogvideox_2b,conditional,9.002253413199768e-05
swap_78_shadow_swap,cogvideox_2b,conditional,-0.0001580131426453
swap_79_shadow_swap,cogvideox_2b,conditional,0.0001439489796757
swap_80_shadow_swap,cogvideox_2b,conditional,4.605185240506848e-05
swap_81_shadow_swap,cogvideox_2b,conditional,3.55171412229488e-05
swap_82_shadow_swap,cogvideox_2b,conditional,0.0003115433454513
swap_83_shadow_swap,cogvideox_2b,conditional,0.0001032352447509
swap_84_shadow_swap,cogvideox_2b,conditional,-2.5288388133259958e-06
swap_85_shadow_swap,cogvideox_2b,conditional,0.0001925326138735
swap_86_shadow_swap,cogvideox_2b,conditional,0.0001729343831539
swap_87_shadow_swap,cogvideox_2b,conditional,-1.60041451454096e-05
swap_88_shadow_swap,cogvideox_2b,conditional,5.740411579621685e-06
swap_89_shadow_swap,cogvideox_2b,conditional,-0.00010123424232
swap_90_shadow_swap,cogvideox_2b,conditional,-8.78936797380353e-05
swap_91_shadow_swap,cogvideox_2b,conditional,0.0002612817287445
swap_92_shadow_swap,cogvideox_2b,conditional,0.0001506949216127
swap_93_shadow_swap,cogvideox_2b,conditional,2.3413933813554166e-05
swap_94_shadow_swap,cogvideox_2b,conditional,3.287333995102837e-05
swap_95_shadow_swap,cogvideox_2b,conditional,-7.199887186289111e-05
swap_0_reflection_swap,cogvideox_2b,conditional,0.0002994409203529
swap_1_reflection_swap,cogvideox_2b,conditional,1.545947045088203e-05
swap_2_reflection_swap,cogvideox_2b,conditional,0.0001711333170533
swap_3_reflection_swap,cogvideox_2b,conditional,0.0001888905838131
swap_4_reflection_swap,cogvideox_2b,conditional,9.44340601563426e-05
swap_5_reflection_swap,cogvideox_2b,conditional,-1.9808448851119095e-05
swap_6_reflection_swap,cogvideox_2b,conditional,0.0001097464933991
swap_7_reflection_swap,cogvideox_2b,conditional,2.091184258461165e-05
swap_8_reflection_swap,cogvideox_2b,conditional,-1.7733424901952843e-05
swap_9_reflection_swap,cogvideox_2b,conditional,0.000252248942852
swap_10_reflection_swap,cogvideox_2b,conditional,-3.621712327003812e-05
swap_11_reflection_swap,cogvideox_2b,conditional,-3.761641681193639e-05
swap_12_reflection_swap,cogvideox_2b,conditional,0.0003027048334479
swap_13_reflection_swap,cogvideox_2b,conditional,-5.326829850674231e-05
swap_14_reflection_swap,cogvideox_2b,conditional,2.1419785916812484e-05
swap_15_reflection_swap,cogvideox_2b,conditional,-0.000138287320733
swap_16_reflection_swap,cogvideox_2b,conditional,-9.48936864733768e-05
swap_17_reflection_swap,cogvideox_2b,conditional,0.0001342925056815
swap_18_reflection_swap,cogvideox_2b,conditional,-4.231616854666331e-05
swap_19_reflection_swap,cogvideox_2b,conditional,-0.000255150347948
swap_20_reflection_swap,cogvideox_2b,conditional,-0.0001268733665347
swap_21_reflection_swap,cogvideox_2b,conditional,0.0003692942485213
swap_22_reflection_swap,cogvideox_2b,conditional,0.0001765996590256
swap_23_reflection_swap,cogvideox_2b,conditional,-0.000321173556149
swap_24_reflection_swap,cogvideox_2b,conditional,-3.9109066128723e-05
swap_25_reflection_swap,cogvideox_2b,conditional,0.00015065100044
swap_26_reflection_swap,cogvideox_2b,conditional,0.0001448122411966
swap_27_reflection_swap,cogvideox_2b,conditional,-0.0002240109816193
swap_28_reflection_swap,cogvideox_2b,conditional,0.0001509770750999
swap_29_reflection_swap,cogvideox_2b,conditional,-6.026946008204359e-05
swap_30_reflection_swap,cogvideox_2b,conditional,0.0001285698264836
swap_31_reflection_swap,cogvideox_2b,conditional,-0.0001177787780761
swap_32_reflection_swap,cogvideox_2b,conditional,0.0001149304211139
swap_33_reflection_swap,cogvideox_2b,conditional,-6.624341011046697e-05
swap_34_reflection_swap,cogvideox_2b,conditional,-7.233280688524746e-05
swap_35_reflection_swap,cogvideox_2b,conditional,0.0001946933194995
swap_36_reflection_swap,cogvideox_2b,conditional,0.0001437564566731
swap_37_reflection_swap,cogvideox_2b,conditional,6.867770105600801e-05
swap_38_reflection_swap,cogvideox_2b,conditional,0.0001627982035279
swap_39_reflection_swap,cogvideox_2b,conditional,-5.715139210223097e-05
swap_40_reflection_swap,cogvideox_2b,conditional,8.577827364206203e-05
swap_41_reflection_swap,cogvideox_2b,conditional,1.5780068933948788e-05
swap_42_reflection_swap,cogvideox_2b,conditional,0.0001126381754875
swap_43_reflection_swap,cogvideox_2b,conditional,-7.840622216465087e-05
swap_44_reflection_swap,cogvideox_2b,conditional,0.0003027777746319
swap_45_reflection_swap,cogvideox_2b,conditional,0.0001479708030819
swap_46_reflection_swap,cogvideox_2b,conditional,0.0002261866256594
swap_47_reflection_swap,cogvideox_2b,conditional,-3.666207194329141e-05
swap_48_reflection_swap,cogvideox_2b,conditional,0.0002015176042914
swap_49_reflection_swap,cogvideox_2b,conditional,0.0001736131310462
swap_50_reflection_swap,cogvideox_2b,conditional,0.0003236416354775
swap_51_reflection_swap,cogvideox_2b,conditional,0.0001952751353383
swap_52_reflection_swap,cogvideox_2b,conditional,0.0004115587845444
swap_53_reflection_swap,cogvideox_2b,conditional,0.0002733379229903
swap_54_reflection_swap,cogvideox_2b,conditional,0.0003613413870334
swap_55_reflection_swap,cogvideox_2b,conditional,7.741656154396093e-05
swap_56_reflection_swap,cogvideox_2b,conditional,-0.0002417544648051
swap_57_reflection_swap,cogvideox_2b,conditional,0.0002280557155609
swap_58_reflection_swap,cogvideox_2b,conditional,-2.8356574475765783e-05
swap_59_reflection_swap,cogvideox_2b,conditional,-0.0001388278603553
swap_60_reflection_swap,cogvideox_2b,conditional,0.0006129442900419
swap_61_reflection_swap,cogvideox_2b,conditional,4.134476184844416e-05
swap_62_reflection_swap,cogvideox_2b,conditional,1.556590199469632e-05
swap_63_reflection_swap,cogvideox_2b,conditional,0.0003396721184253
swap_64_reflection_swap,cogvideox_2b,conditional,0.0003847973048687
swap_65_reflection_swap,cogvideox_2b,conditional,-0.0001161745563149
swap_66_reflection_swap,cogvideox_2b,conditional,-4.955790936947424e-05
swap_67_reflection_swap,cogvideox_2b,conditional,0.0001075689867138
swap_68_reflection_swap,cogvideox_2b,conditional,0.0004347107559442
swap_69_reflection_swap,cogvideox_2b,conditional,2.129375934745159e-07
swap_70_reflection_swap,cogvideox_2b,conditional,0.0002225142344832
swap_71_reflection_swap,cogvideox_2b,conditional,5.459871143100037e-05
swap_72_reflection_swap,cogvideox_2b,conditional,2.8489939868439618e-05
swap_73_reflection_swap,cogvideox_2b,conditional,8.905429393053776e-05
swap_74_reflection_swap,cogvideox_2b,conditional,6.244279444218848e-05
swap_75_reflection_swap,cogvideox_2b,conditional,-3.3897943794714e-05
swap_76_reflection_swap,cogvideox_2b,conditional,-2.722389996052954e-05
swap_77_reflection_swap,cogvideox_2b,conditional,-7.965710014107286e-05
swap_78_reflection_swap,cogvideox_2b,conditional,-0.000121381804347
swap_79_reflection_swap,cogvideox_2b,conditional,-7.156960666181156e-05
swap_80_reflection_swap,cogvideox_2b,conditional,6.199229508638271e-05
swap_81_reflection_swap,cogvideox_2b,conditional,0.0002037481218576
swap_82_reflection_swap,cogvideox_2b,conditional,0.0001909454911947
swap_83_reflection_swap,cogvideox_2b,conditional,-2.952728420498041e-05
swap_84_reflection_swap,cogvideox_2b,conditional,0.0003495732322335
swap_85_reflection_swap,cogvideox_2b,conditional,0.0001718255504965
swap_86_reflection_swap,cogvideox_2b,conditional,0.0001835653558373
swap_87_reflection_swap,cogvideox_2b,conditional,-3.266543149949008e-05
swap_88_reflection_swap,cogvideox_2b,conditional,5.482863634825863e-05
swap_89_reflection_swap,cogvideox_2b,conditional,2.38988175988164e-05
swap_90_reflection_swap,cogvideox_2b,conditional,6.916031241414877e-05
swap_91_reflection_swap,cogvideox_2b,conditional,-3.0709318816657394e-05
swap_92_reflection_swap,cogvideox_2b,conditional,0.0001062624529004
swap_93_reflection_swap,cogvideox_2b,conditional,0.0001161403954029
swap_94_reflection_swap,cogvideox_2b,conditional,0.0002398540824651
swap_95_reflection_swap,cogvideox_2b,conditional,5.842410027982747e-05
swap_0_lightdir_swap,ltx_2b,empty,-0.0006952623277902
swap_1_lightdir_swap,ltx_2b,empty,0.0002929946035146
swap_2_lightdir_swap,ltx_2b,empty,0.0001529442518949
swap_3_lightdir_swap,ltx_2b,empty,0.0005115249752998
swap_4_lightdir_swap,ltx_2b,empty,-0.0005531454086303
swap_5_lightdir_swap,ltx_2b,empty,-0.0001556414365768
swap_6_lightdir_swap,ltx_2b,empty,-0.0002414708584547
swap_7_lightdir_swap,ltx_2b,empty,0.0004705968499183
swap_8_lightdir_swap,ltx_2b,empty,0.0003807228058576
swap_9_lightdir_swap,ltx_2b,empty,0.0003100859373807
swap_10_lightdir_swap,ltx_2b,empty,0.0003182822465896
swap_11_lightdir_swap,ltx_2b,empty,0.0004751549661159
swap_12_lightdir_swap,ltx_2b,empty,0.0003971771523356
swap_13_lightdir_swap,ltx_2b,empty,0.0002403804659843
swap_14_lightdir_swap,ltx_2b,empty,0.0003810148686169
swap_15_lightdir_swap,ltx_2b,empty,0.0004442742466926
swap_16_lightdir_swap,ltx_2b,empty,0.0004446553438901
swap_17_lightdir_swap,ltx_2b,empty,0.0010472064465284
swap_18_lightdir_swap,ltx_2b,empty,0.0004646677523851
swap_19_lightdir_swap,ltx_2b,empty,0.0005279362946749
swap_20_lightdir_swap,ltx_2b,empty,0.0004286221414804
swap_21_lightdir_swap,ltx_2b,empty,0.0003830656409263
swap_22_lightdir_swap,ltx_2b,empty,0.0004545691609382
swap_23_lightdir_swap,ltx_2b,empty,0.0003654437512159
swap_24_lightdir_swap,ltx_2b,empty,6.331652402907784e-06
swap_25_lightdir_swap,ltx_2b,empty,-0.0001815998554229
swap_26_lightdir_swap,ltx_2b,empty,0.0001659193634986
swap_27_lightdir_swap,ltx_2b,empty,-0.0002683372795581
swap_28_lightdir_swap,ltx_2b,empty,0.0001212166249752
swap_29_lightdir_swap,ltx_2b,empty,-0.000316433161497
swap_30_lightdir_swap,ltx_2b,empty,0.0001423705369233
swap_31_lightdir_swap,ltx_2b,empty,-7.210873067378665e-05
swap_32_lightdir_swap,ltx_2b,empty,0.0004208818078041
swap_33_lightdir_swap,ltx_2b,empty,-0.0003220522403717
swap_34_lightdir_swap,ltx_2b,empty,0.0004963326454162
swap_35_lightdir_swap,ltx_2b,empty,-0.0004511375725269
swap_36_lightdir_swap,ltx_2b,empty,0.0004805170744658
swap_37_lightdir_swap,ltx_2b,empty,-0.0003406971693038
swap_38_lightdir_swap,ltx_2b,empty,0.0005484826862812
swap_39_lightdir_swap,ltx_2b,empty,-0.0004515957832336
swap_40_lightdir_swap,ltx_2b,empty,0.000503799766302
swap_41_lightdir_swap,ltx_2b,empty,-0.0002893297374248
swap_42_lightdir_swap,ltx_2b,empty,0.0006979562342166
swap_43_lightdir_swap,ltx_2b,empty,9.985007345678087e-05
swap_44_lightdir_swap,ltx_2b,empty,0.0008292912691831
swap_45_lightdir_swap,ltx_2b,empty,-0.0004721188545226
swap_46_lightdir_swap,ltx_2b,empty,0.0011399432271718
swap_47_lightdir_swap,ltx_2b,empty,-0.0003785593062639
swap_48_lightdir_swap,ltx_2b,empty,0.0002816039696335
swap_49_lightdir_swap,ltx_2b,empty,0.0001507534831762
swap_50_lightdir_swap,ltx_2b,empty,0.0002895951271057
swap_51_lightdir_swap,ltx_2b,empty,0.0001890486478805
swap_52_lightdir_swap,ltx_2b,empty,0.0002858318015933
swap_53_lightdir_swap,ltx_2b,empty,6.390951573850834e-05
swap_54_lightdir_swap,ltx_2b,empty,0.000282036922872
swap_55_lightdir_swap,ltx_2b,empty,0.0002038650587201
swap_56_lightdir_swap,ltx_2b,empty,0.0002327265962958
swap_57_lightdir_swap,ltx_2b,empty,1.9190721213757644e-05
swap_58_lightdir_swap,ltx_2b,empty,0.0006613982841372
swap_59_lightdir_swap,ltx_2b,empty,-1.3279244303693316e-05
swap_60_lightdir_swap,ltx_2b,empty,0.0002439730241894
swap_61_lightdir_swap,ltx_2b,empty,7.019311189648825e-05
swap_62_lightdir_swap,ltx_2b,empty,0.0005467627942562
swap_63_lightdir_swap,ltx_2b,empty,-1.1197105050653189e-06
swap_64_lightdir_swap,ltx_2b,empty,0.0002056362107396
swap_65_lightdir_swap,ltx_2b,empty,0.0002792947366833
swap_66_lightdir_swap,ltx_2b,empty,0.0002991757541894
swap_67_lightdir_swap,ltx_2b,empty,0.0005728789791464
swap_68_lightdir_swap,ltx_2b,empty,0.0001517428830265
swap_69_lightdir_swap,ltx_2b,empty,0.0002455920353531
swap_70_lightdir_swap,ltx_2b,empty,0.000294016636908
swap_71_lightdir_swap,ltx_2b,empty,0.000583818256855
swap_72_lightdir_swap,ltx_2b,empty,0.0006986034661531
swap_73_lightdir_swap,ltx_2b,empty,-0.0004546330869197
swap_74_lightdir_swap,ltx_2b,empty,0.000781061425805
swap_75_lightdir_swap,ltx_2b,empty,0.0002467953413724
swap_76_lightdir_swap,ltx_2b,empty,0.0008763388544321
swap_77_lightdir_swap,ltx_2b,empty,-0.0001245570927858
swap_78_lightdir_swap,ltx_2b,empty,0.0010544867813586
swap_79_lightdir_swap,ltx_2b,empty,0.0004501688480376
swap_80_lightdir_swap,ltx_2b,empty,0.0001651965081691
swap_81_lightdir_swap,ltx_2b,empty,0.0006800005584955
swap_82_lightdir_swap,ltx_2b,empty,0.0005286649614572
swap_83_lightdir_swap,ltx_2b,empty,0.0013944567739963
swap_84_lightdir_swap,ltx_2b,empty,0.0003283473849296
swap_85_lightdir_swap,ltx_2b,empty,0.0005265858769416
swap_86_lightdir_swap,ltx_2b,empty,0.000569553375244
swap_87_lightdir_swap,ltx_2b,empty,0.0011148111522197
swap_88_lightdir_swap,ltx_2b,empty,0.0005270236730575
swap_89_lightdir_swap,ltx_2b,empty,0.0003409116715192
swap_90_lightdir_swap,ltx_2b,empty,0.000838488265872
swap_91_lightdir_swap,ltx_2b,empty,0.0009052236378192
swap_92_lightdir_swap,ltx_2b,empty,0.0005887769907712
swap_93_lightdir_swap,ltx_2b,empty,0.0001132753491401
swap_94_lightdir_swap,ltx_2b,empty,0.0009221303462982
swap_95_lightdir_swap,ltx_2b,empty,0.0005667352676391
swap_0_shadow_swap,ltx_2b,empty,0.0002788474410772
swap_1_shadow_swap,ltx_2b,empty,-7.572002708913783e-05
swap_2_shadow_swap,ltx_2b,empty,0.0001043087244033
swap_3_shadow_swap,ltx_2b,empty,-0.0004198935627937
swap_4_shadow_swap,ltx_2b,empty,0.0004106507450342
swap_5_shadow_swap,ltx_2b,empty,-0.000445444881916
swap_6_shadow_swap,ltx_2b,empty,0.0001370122283697
swap_7_shadow_swap,ltx_2b,empty,-0.000211985707283
swap_8_shadow_swap,ltx_2b,empty,0.0004415129125118
swap_9_shadow_swap,ltx_2b,empty,-0.0001477310061454
swap_10_shadow_swap,ltx_2b,empty,0.000271103978157
swap_11_shadow_swap,ltx_2b,empty,-8.430823683741595e-05
swap_12_shadow_swap,ltx_2b,empty,-0.0010815620422363
swap_13_shadow_swap,ltx_2b,empty,0.0011802323907613
swap_14_shadow_swap,ltx_2b,empty,0.0003175739198923
swap_15_shadow_swap,ltx_2b,empty,-0.0002205269038677
swap_16_shadow_swap,ltx_2b,empty,-0.000840101391077
swap_17_shadow_swap,ltx_2b,empty,-1.514561474325049e-05
swap_18_shadow_swap,ltx_2b,empty,-0.0006637725979089
swap_19_shadow_swap,ltx_2b,empty,-8.416965603824655e-05
swap_20_shadow_swap,ltx_2b,empty,-0.0006904321163893
swap_21_shadow_swap,ltx_2b,empty,0.0004887890070676
swap_22_shadow_swap,ltx_2b,empty,-0.0001757127791643
swap_23_shadow_swap,ltx_2b,empty,-0.0001709458976983
swap_24_shadow_swap,ltx_2b,empty,-0.0005340910702943
swap_25_shadow_swap,ltx_2b,empty,0.0006184213608503
swap_26_shadow_swap,ltx_2b,empty,0.0002219200134277
swap_27_shadow_swap,ltx_2b,empty,2.2852569818487822e-05
swap_28_shadow_swap,ltx_2b,empty,0.0005892401188611
swap_29_shadow_swap,ltx_2b,empty,-0.0003900664299726
swap_30_shadow_swap,ltx_2b,empty,0.0001049406081438
swap_31_shadow_swap,ltx_2b,empty,-6.889015436173374e-05
swap_32_shadow_swap,ltx_2b,empty,9.155664592980228e-05
swap_33_shadow_swap,ltx_2b,empty,6.077915430066638e-05
swap_34_shadow_swap,ltx_2b,empty,-7.688254117510507e-07
swap_35_shadow_swap,ltx_2b,empty,-5.492396652700959e-05
swap_36_shadow_swap,ltx_2b,empty,0.0007381553947925
swap_37_shadow_swap,ltx_2b,empty,-0.0005681411176919
swap_38_shadow_swap,ltx_2b,empty,7.652580738068404e-05
swap_39_shadow_swap,ltx_2b,empty,0.0001263236254453
swap_40_shadow_swap,ltx_2b,empty,0.0002992330491542
swap_41_shadow_swap,ltx_2b,empty,-0.0001278104633092
swap_42_shadow_swap,ltx_2b,empty,0.0001791820675134
swap_43_shadow_swap,ltx_2b,empty,-9.08210128545417e-05
swap_44_shadow_swap,ltx_2b,empty,-0.000404282361269
swap_45_shadow_swap,ltx_2b,empty,0.0005072075873613
swap_46_shadow_swap,ltx_2b,empty,0.000122212767601
swap_47_shadow_swap,ltx_2b,empty,-9.46626067160894e-06
swap_48_shadow_swap,ltx_2b,empty,0.0005990804731846
swap_49_shadow_swap,ltx_2b,empty,-0.0004145549237727
swap_50_shadow_swap,ltx_2b,empty,0.0003704532980919
swap_51_shadow_swap,ltx_2b,empty,-0.0004374946653843
swap_52_shadow_swap,ltx_2b,empty,0.0003120435774326
swap_53_shadow_swap,ltx_2b,empty,-0.0002819141000508
swap_54_shadow_swap,ltx_2b,empty,9.447246789928698e-05
swap_55_shadow_swap,ltx_2b,empty,-0.0002521527558565
swap_56_shadow_swap,ltx_2b,empty,0.0004425277560949
swap_57_shadow_swap,ltx_2b,empty,-0.0011454178392887
swap_58_shadow_swap,ltx_2b,empty,0.0004768754541873
swap_59_shadow_swap,ltx_2b,empty,-0.0003956591337919
swap_60_shadow_swap,ltx_2b,empty,0.000608045309782
swap_61_shadow_swap,ltx_2b,empty,-0.0005270444601774
swap_62_shadow_swap,ltx_2b,empty,0.0004479191452264
swap_63_shadow_swap,ltx_2b,empty,-0.0002729992568492
swap_64_shadow_swap,ltx_2b,empty,0.0004002090916037
swap_65_shadow_swap,ltx_2b,empty,0.0002456025779247
swap_66_shadow_swap,ltx_2b,empty,-0.0001216464862227
swap_67_shadow_swap,ltx_2b,empty,0.0001899443194269
swap_68_shadow_swap,ltx_2b,empty,0.0005236800387501
swap_69_shadow_swap,ltx_2b,empty,-0.0004137407988309
swap_70_shadow_swap,ltx_2b,empty,0.0004296203330159
swap_71_shadow_swap,ltx_2b,empty,-0.0004433944821357
swap_72_shadow_swap,ltx_2b,empty,0.0002750022709369
swap_73_shadow_swap,ltx_2b,empty,-0.0001230690628289
swap_74_shadow_swap,ltx_2b,empty,0.0001276118308305
swap_75_shadow_swap,ltx_2b,empty,-0.0002249404788017
swap_76_shadow_swap,ltx_2b,empty,3.0228123068826163e-05
swap_77_shadow_swap,ltx_2b,empty,6.257690489294698e-05
swap_78_shadow_swap,ltx_2b,empty,-2.458833158017204e-05
swap_79_shadow_swap,ltx_2b,empty,6.758093833925116e-05
swap_80_shadow_swap,ltx_2b,empty,0.000271350517869
swap_81_shadow_swap,ltx_2b,empty,-0.0004418882727623
swap_82_shadow_swap,ltx_2b,empty,0.000178096666932
swap_83_shadow_swap,ltx_2b,empty,5.702972412119367e-06
swap_84_shadow_swap,ltx_2b,empty,-1.212678849696336e-05
swap_85_shadow_swap,ltx_2b,empty,3.0057579278958132e-05
swap_86_shadow_swap,ltx_2b,empty,0.0001513638347387
swap_87_shadow_swap,ltx_2b,empty,-0.0001692602038383
swap_88_shadow_swap,ltx_2b,empty,0.0009991652518511
swap_89_shadow_swap,ltx_2b,empty,-0.0008334967494011
swap_90_shadow_swap,ltx_2b,empty,0.000802854001522
swap_91_shadow_swap,ltx_2b,empty,-0.000640120729804
swap_92_shadow_swap,ltx_2b,empty,0.0015781490504742
swap_93_shadow_swap,ltx_2b,empty,-0.0013341598957776
swap_94_shadow_swap,ltx_2b,empty,-0.0001241350919008
swap_95_shadow_swap,ltx_2b,empty,0.0001983919739723
swap_0_reflection_swap,ltx_2b,empty,0.0004599300771951
swap_1_reflection_swap,ltx_2b,empty,-0.000499997138977
swap_2_reflection_swap,ltx_2b,empty,0.0003599930554628
swap_3_reflection_swap,ltx_2b,empty,-0.0003746768832206
swap_4_reflection_swap,ltx_2b,empty,0.0003787524998187
swap_5_reflection_swap,ltx_2b,empty,-0.0002151268720627
swap_6_reflection_swap,ltx_2b,empty,0.0004475503414869
swap_7_reflection_swap,ltx_2b,empty,-0.0002057442069053
swap_8_reflection_swap,ltx_2b,empty,0.0005353270471095
swap_9_reflection_swap,ltx_2b,empty,-0.000187197253108
swap_10_reflection_swap,ltx_2b,empty,0.0001051936298608
swap_11_reflection_swap,ltx_2b,empty,-0.0001347316801547
swap_12_reflection_swap,ltx_2b,empty,0.0009040444344282
swap_13_reflection_swap,ltx_2b,empty,0.0001692219823598
swap_14_reflection_swap,ltx_2b,empty,0.0004370298236608
swap_15_reflection_swap,ltx_2b,empty,-0.000309173464775
swap_16_reflection_swap,ltx_2b,empty,0.0014194803684949
swap_17_reflection_swap,ltx_2b,empty,-0.0012283927947282
swap_18_reflection_swap,ltx_2b,empty,-0.0006939071416854
swap_19_reflection_swap,ltx_2b,empty,0.0011464647203683
swap_20_reflection_swap,ltx_2b,empty,-3.039091825485229e-05
swap_21_reflection_swap,ltx_2b,empty,-0.0007236740738153
swap_22_reflection_swap,ltx_2b,empty,-0.0008882269263267
swap_23_reflection_swap,ltx_2b,empty,0.0007245733588934
swap_24_reflection_swap,ltx_2b,empty,0.0004050978273153
swap_25_reflection_swap,ltx_2b,empty,-0.0003919564187526
swap_26_reflection_swap,ltx_2b,empty,-0.0002905587106943
swap_27_reflection_swap,ltx_2b,empty,0.0005774299055338
swap_28_reflection_swap,ltx_2b,empty,0.0002393183112144
swap_29_reflection_swap,ltx_2b,empty,0.0008312907814979
swap_30_reflection_swap,ltx_2b,empty,0.001589107364416
swap_31_reflection_swap,ltx_2b,empty,-0.0006467673182487
swap_32_reflection_swap,ltx_2b,empty,0.000429765433073
swap_33_reflection_swap,ltx_2b,empty,-0.0005073674768208
swap_34_reflection_swap,ltx_2b,empty,0.0004420325160026
swap_35_reflection_swap,ltx_2b,empty,-0.0007232633978128
swap_36_reflection_swap,ltx_2b,empty,0.000913406535983
swap_37_reflection_swap,ltx_2b,empty,-0.0001742888242005
swap_38_reflection_swap,ltx_2b,empty,0.000623298510909
swap_39_reflection_swap,ltx_2b,empty,-0.0003838934749364
swap_40_reflection_swap,ltx_2b,empty,0.0006201117485761
swap_41_reflection_swap,ltx_2b,empty,-0.0002407748997211
swap_42_reflection_swap,ltx_2b,empty,0.0003669895976781
swap_43_reflection_swap,ltx_2b,empty,-3.1574964523301e-05
swap_44_reflection_swap,ltx_2b,empty,0.0004046504944562
swap_45_reflection_swap,ltx_2b,empty,0.0001010842621326
swap_46_reflection_swap,ltx_2b,empty,0.0006732422113418
swap_47_reflection_swap,ltx_2b,empty,-0.0002118569612503
swap_48_reflection_swap,ltx_2b,empty,0.0020635364204645
swap_49_reflection_swap,ltx_2b,empty,-0.0010085962712764
swap_50_reflection_swap,ltx_2b,empty,-0.0007783519476652
swap_51_reflection_swap,ltx_2b,empty,0.0012832754105329
swap_52_reflection_swap,ltx_2b,empty,0.0006767290830612
swap_53_reflection_swap,ltx_2b,empty,-8.867979049684283e-05
swap_54_reflection_swap,ltx_2b,empty,0.0002498053014278
swap_55_reflection_swap,ltx_2b,empty,0.0012456024438143
swap_56_reflection_swap,ltx_2b,empty,0.0032049063593149
swap_57_reflection_swap,ltx_2b,empty,-0.0019618868082761
swap_58_reflection_swap,ltx_2b,empty,-0.0002776646614074
swap_59_reflection_swap,ltx_2b,empty,0.0006873320788145
swap_60_reflection_swap,ltx_2b,empty,0.0002205456793308
swap_61_reflection_swap,ltx_2b,empty,0.0005829799175262
swap_62_reflection_swap,ltx_2b,empty,-8.958466351036143e-05
swap_63_reflection_swap,ltx_2b,empty,0.0005155713111162
swap_64_reflection_swap,ltx_2b,empty,0.0003630903363227
swap_65_reflection_swap,ltx_2b,empty,-0.0003762961924075
swap_66_reflection_swap,ltx_2b,empty,0.0004276001453399
swap_67_reflection_swap,ltx_2b,empty,-0.0003662213683128
swap_68_reflection_swap,ltx_2b,empty,0.0017986219376325
swap_69_reflection_swap,ltx_2b,empty,-0.0002516388893127
swap_70_reflection_swap,ltx_2b,empty,0.0010498815029859
swap_71_reflection_swap,ltx_2b,empty,-0.0006102660298347
swap_72_reflection_swap,ltx_2b,empty,0.0004080291837453
swap_73_reflection_swap,ltx_2b,empty,-0.0002618934959172
swap_74_reflection_swap,ltx_2b,empty,0.0003256404399872
swap_75_reflection_swap,ltx_2b,empty,-0.0002334273606538
swap_76_reflection_swap,ltx_2b,empty,0.0002421331405639
swap_77_reflection_swap,ltx_2b,empty,-8.028030395507146e-05
swap_78_reflection_swap,ltx_2b,empty,0.0004067094624042
swap_79_reflection_swap,ltx_2b,empty,-0.0003705452382564
swap_80_reflection_swap,ltx_2b,empty,0.0003060927987098
swap_81_reflection_swap,ltx_2b,empty,-0.0002370823174714
swap_82_reflection_swap,ltx_2b,empty,0.0001871090009808
swap_83_reflection_swap,ltx_2b,empty,-7.673885673281644e-05
swap_84_reflection_swap,ltx_2b,empty,2.464585006239917e-05
swap_85_reflection_swap,ltx_2b,empty,-0.0006863476336002
swap_86_reflection_swap,ltx_2b,empty,-0.0001538581401109
swap_87_reflection_swap,ltx_2b,empty,0.0003764123469591
swap_88_reflection_swap,ltx_2b,empty,0.000422458909452
swap_89_reflection_swap,ltx_2b,empty,-0.0003349316120147
swap_90_reflection_swap,ltx_2b,empty,0.0001911071687936
swap_91_reflection_swap,ltx_2b,empty,-0.0001632763445377
swap_92_reflection_swap,ltx_2b,empty,0.0001020664349198
swap_93_reflection_swap,ltx_2b,empty,0.0002778936550021
swap_94_reflection_swap,ltx_2b,empty,0.0001420953869819
swap_95_reflection_swap,ltx_2b,empty,-0.000663794092834
swap_0_lightdir_swap,ltx_2b,conditional,-0.0005904778838157
swap_1_lightdir_swap,ltx_2b,conditional,0.0001251898705959
swap_2_lightdir_swap,ltx_2b,conditional,0.0004858686774968
swap_3_lightdir_swap,ltx_2b,conditional,0.0002123841643333
swap_4_lightdir_swap,ltx_2b,conditional,-0.000336929038167
swap_5_lightdir_swap,ltx_2b,conditional,-0.0002640113234519
swap_6_lightdir_swap,ltx_2b,conditional,0.0001280563324689
swap_7_lightdir_swap,ltx_2b,conditional,0.0001295314729213
swap_8_lightdir_swap,ltx_2b,conditional,0.0003569840639829
swap_9_lightdir_swap,ltx_2b,conditional,0.0002327416837215
swap_10_lightdir_swap,ltx_2b,conditional,0.0003130156546831
swap_11_lightdir_swap,ltx_2b,conditional,0.0004119865596294
swap_12_lightdir_swap,ltx_2b,conditional,0.0003706249967217
swap_13_lightdir_swap,ltx_2b,conditional,0.0002181997522711
swap_14_lightdir_swap,ltx_2b,conditional,0.0003282873705029
swap_15_lightdir_swap,ltx_2b,conditional,0.0003803543001413
swap_16_lightdir_swap,ltx_2b,conditional,5.470737814899929e-06
swap_17_lightdir_swap,ltx_2b,conditional,0.0007673463225364
swap_18_lightdir_swap,ltx_2b,conditional,0.0004031035304069
swap_19_lightdir_swap,ltx_2b,conditional,0.0004297059774398
swap_20_lightdir_swap,ltx_2b,conditional,0.0001802682876586
swap_21_lightdir_swap,ltx_2b,conditional,0.0002737393230199
swap_22_lightdir_swap,ltx_2b,conditional,0.0001209919154644
swap_23_lightdir_swap,ltx_2b,conditional,0.0003864231705665
swap_24_lightdir_swap,ltx_2b,conditional,-0.0002084895223378
swap_25_lightdir_swap,ltx_2b,conditional,-0.0001896295696496
swap_26_lightdir_swap,ltx_2b,conditional,-3.230318427088763e-05
swap_27_lightdir_swap,ltx_2b,conditional,-0.0002370930463076
swap_28_lightdir_swap,ltx_2b,conditional,-0.0002310971170663
swap_29_lightdir_swap,ltx_2b,conditional,-0.0001913403719663
swap_30_lightdir_swap,ltx_2b,conditional,-9.556584060196882e-05
swap_31_lightdir_swap,ltx_2b,conditional,-8.55173915624563e-05
swap_32_lightdir_swap,ltx_2b,conditional,0.0004424932599067
swap_33_lightdir_swap,ltx_2b,conditional,-0.0003211426734924
swap_34_lightdir_swap,ltx_2b,conditional,0.0004697714745998
swap_35_lightdir_swap,ltx_2b,conditional,-0.000354393273592
swap_36_lightdir_swap,ltx_2b,conditional,0.0004575704038143
swap_37_lightdir_swap,ltx_2b,conditional,-0.0003182893991469
swap_38_lightdir_swap,ltx_2b,conditional,0.000565134063363
swap_39_lightdir_swap,ltx_2b,conditional,-0.0004688128829002
swap_40_lightdir_swap,ltx_2b,conditional,0.0005829693377017
swap_41_lightdir_swap,ltx_2b,conditional,-0.0006379177421331
swap_42_lightdir_swap,ltx_2b,conditional,0.0008729045093059
swap_43_lightdir_swap,ltx_2b,conditional,-6.285294890406856e-05
swap_44_lightdir_swap,ltx_2b,conditional,0.0009870082885027
swap_45_lightdir_swap,ltx_2b,conditional,-0.0006369256228208
swap_46_lightdir_swap,ltx_2b,conditional,0.0012014878541231
swap_47_lightdir_swap,ltx_2b,conditional,-0.0004688117653131
swap_48_lightdir_swap,ltx_2b,conditional,0.0003294478356837
swap_49_lightdir_swap,ltx_2b,conditional,3.87390702962509e-05
swap_50_lightdir_swap,ltx_2b,conditional,0.0005145056545734
swap_51_lightdir_swap,ltx_2b,conditional,0.0001428225636482
swap_52_lightdir_swap,ltx_2b,conditional,0.0004193704947829
swap_53_lightdir_swap,ltx_2b,conditional,-5.330778658385604e-06
swap_54_lightdir_swap,ltx_2b,conditional,0.0005434089154005
swap_55_lightdir_swap,ltx_2b,conditional,5.565620958802864e-05
swap_56_lightdir_swap,ltx_2b,conditional,-4.971511662005268e-05
swap_57_lightdir_swap,ltx_2b,conditional,8.629590272901666e-05
swap_58_lightdir_swap,ltx_2b,conditional,0.0003269913792609
swap_59_lightdir_swap,ltx_2b,conditional,4.178885370492713e-05
swap_60_lightdir_swap,ltx_2b,conditional,0.0002236633375287
swap_61_lightdir_swap,ltx_2b,conditional,-6.38923794031021e-05
swap_62_lightdir_swap,ltx_2b,conditional,0.0004514382407069
swap_63_lightdir_swap,ltx_2b,conditional,9.428620338439164e-05
swap_64_lightdir_swap,ltx_2b,conditional,6.971448659898183e-05
swap_65_lightdir_swap,ltx_2b,conditional,0.0001856275275349
swap_66_lightdir_swap,ltx_2b,conditional,0.0001873745769262
swap_67_lightdir_swap,ltx_2b,conditional,0.0007068277150392
swap_68_lightdir_swap,ltx_2b,conditional,0.000161162726581
swap_69_lightdir_swap,ltx_2b,conditional,0.0001519979909062
swap_70_lightdir_swap,ltx_2b,conditional,0.0002048267424106
swap_71_lightdir_swap,ltx_2b,conditional,0.0006014060229062
swap_72_lightdir_swap,ltx_2b,conditional,0.0002509955316782
swap_73_lightdir_swap,ltx_2b,conditional,9.306706488135252e-05
swap_74_lightdir_swap,ltx_2b,conditional,0.0003511165827513
swap_75_lightdir_swap,ltx_2b,conditional,0.0006839722394943
swap_76_lightdir_swap,ltx_2b,conditional,0.0003820662945508
swap_77_lightdir_swap,ltx_2b,conditional,-0.0003494756668806
swap_78_lightdir_swap,ltx_2b,conditional,0.0005169107764959
swap_79_lightdir_swap,ltx_2b,conditional,0.0002512358874082
swap_80_lightdir_swap,ltx_2b,conditional,0.0002756500989198
swap_81_lightdir_swap,ltx_2b,conditional,0.0006848202645778
swap_82_lightdir_swap,ltx_2b,conditional,0.00074203081429
swap_83_lightdir_swap,ltx_2b,conditional,0.0011953210830688
swap_84_lightdir_swap,ltx_2b,conditional,0.0002302347868681
swap_85_lightdir_swap,ltx_2b,conditional,0.0005516253411769
swap_86_lightdir_swap,ltx_2b,conditional,0.0004216605424881
swap_87_lightdir_swap,ltx_2b,conditional,0.0011261993646621
swap_88_lightdir_swap,ltx_2b,conditional,0.0004415486752987
swap_89_lightdir_swap,ltx_2b,conditional,0.0002023968845606
swap_90_lightdir_swap,ltx_2b,conditional,0.0008059330284594
swap_91_lightdir_swap,ltx_2b,conditional,0.0007745192945003
swap_92_lightdir_swap,ltx_2b,conditional,0.0004774645715951
swap_93_lightdir_swap,ltx_2b,conditional,3.334224224088578e-05
swap_94_lightdir_swap,ltx_2b,conditional,0.0007888870686292
swap_95_lightdir_swap,ltx_2b,conditional,0.0006585256010294
swap_0_shadow_swap,ltx_2b,conditional,3.0312016606387493e-05
swap_1_shadow_swap,ltx_2b,conditional,0.0002063251286744
swap_2_shadow_swap,ltx_2b,conditional,5.0525516271576754e-05
swap_3_shadow_swap,ltx_2b,conditional,-0.0003854009509086
swap_4_shadow_swap,ltx_2b,conditional,0.0002355539053678
swap_5_shadow_swap,ltx_2b,conditional,-0.0004164259880781
swap_6_shadow_swap,ltx_2b,conditional,4.393182694911735e-05
swap_7_shadow_swap,ltx_2b,conditional,-0.0002970774471759
swap_8_shadow_swap,ltx_2b,conditional,0.0002864948660135
swap_9_shadow_swap,ltx_2b,conditional,-0.0002418584376573
swap_10_shadow_swap,ltx_2b,conditional,3.632470965386769e-05
swap_11_shadow_swap,ltx_2b,conditional,0.0001308997720479
swap_12_shadow_swap,ltx_2b,conditional,-0.0007883105427026
swap_13_shadow_swap,ltx_2b,conditional,0.000887841656804
swap_14_shadow_swap,ltx_2b,conditional,0.0002685381472111
swap_15_shadow_swap,ltx_2b,conditional,-0.0002154043316841
swap_16_shadow_swap,ltx_2b,conditional,-0.0009325093775987
swap_17_shadow_swap,ltx_2b,conditional,8.503720164299011e-05
swap_18_shadow_swap,ltx_2b,conditional,-0.0005577044934034
swap_19_shadow_swap,ltx_2b,conditional,-0.0002165169268846
swap_20_shadow_swap,ltx_2b,conditional,-0.0005023547261953
swap_21_shadow_swap,ltx_2b,conditional,0.0003574831038713
swap_22_shadow_swap,ltx_2b,conditional,-0.0001297513395548
swap_23_shadow_swap,ltx_2b,conditional,-0.0002160690724849
swap_24_shadow_swap,ltx_2b,conditional,-0.0003010392934084
swap_25_shadow_swap,ltx_2b,conditional,0.0001585727930068
swap_26_shadow_swap,ltx_2b,conditional,0.0002084039896726
swap_27_shadow_swap,ltx_2b,conditional,0.000145961716771
swap_28_shadow_swap,ltx_2b,conditional,0.0008965139091015
swap_29_shadow_swap,ltx_2b,conditional,-0.0008317863941192
swap_30_shadow_swap,ltx_2b,conditional,-5.032792687487131e-06
swap_31_shadow_swap,ltx_2b,conditional,-1.4193207025531285e-05
swap_32_shadow_swap,ltx_2b,conditional,-0.0001516917347907
swap_33_shadow_swap,ltx_2b,conditional,0.000460162833333
swap_34_shadow_swap,ltx_2b,conditional,0.0001047655940055
swap_35_shadow_swap,ltx_2b,conditional,-2.237848937514109e-05
swap_36_shadow_swap,ltx_2b,conditional,0.0008209459483623
swap_37_shadow_swap,ltx_2b,conditional,-0.0009113072603941
swap_38_shadow_swap,ltx_2b,conditional,-3.078430891040318e-05
swap_39_shadow_swap,ltx_2b,conditional,7.81112164258968e-05
swap_40_shadow_swap,ltx_2b,conditional,-2.4454072117818804e-05
swap_41_shadow_swap,ltx_2b,conditional,0.0001561793684959
swap_42_shadow_swap,ltx_2b,conditional,0.0002075524628162
swap_43_shadow_swap,ltx_2b,conditional,-0.0001061295717954
swap_44_shadow_swap,ltx_2b,conditional,-0.0002685488015413
swap_45_shadow_swap,ltx_2b,conditional,0.0002231990545987
swap_46_shadow_swap,ltx_2b,conditional,9.84561443329035e-05
swap_47_shadow_swap,ltx_2b,conditional,-8.67272913455952e-05
swap_48_shadow_swap,ltx_2b,conditional,0.0005097357183694
swap_49_shadow_swap,ltx_2b,conditional,-0.0002478203177452
swap_50_shadow_swap,ltx_2b,conditional,0.0001476641744375
swap_51_shadow_swap,ltx_2b,conditional,-4.114612936975681e-05
swap_52_shadow_swap,ltx_2b,conditional,0.0003711264580488
swap_53_shadow_swap,ltx_2b,conditional,-0.0005901848524808
swap_54_shadow_swap,ltx_2b,conditional,3.627792000771013e-05
swap_55_shadow_swap,ltx_2b,conditional,-9.360395371912912e-05
swap_56_shadow_swap,ltx_2b,conditional,0.0003426400572061
swap_57_shadow_swap,ltx_2b,conditional,-0.0009414397925138
swap_58_shadow_swap,ltx_2b,conditional,0.0004436929523944
swap_59_shadow_swap,ltx_2b,conditional,-0.0004125259071588
swap_60_shadow_swap,ltx_2b,conditional,0.0006896410137414
swap_61_shadow_swap,ltx_2b,conditional,-0.0007394926995038
swap_62_shadow_swap,ltx_2b,conditional,0.00029190659523
swap_63_shadow_swap,ltx_2b,conditional,-0.0001064663380384
swap_64_shadow_swap,ltx_2b,conditional,9.071879088876078e-05
swap_65_shadow_swap,ltx_2b,conditional,0.00012635409832
swap_66_shadow_swap,ltx_2b,conditional,9.051442146301714e-05
swap_67_shadow_swap,ltx_2b,conditional,-8.092992007732724e-05
swap_68_shadow_swap,ltx_2b,conditional,0.0004624749720096
swap_69_shadow_swap,ltx_2b,conditional,-0.0002544382959603
swap_70_shadow_swap,ltx_2b,conditional,0.0003395503759383
swap_71_shadow_swap,ltx_2b,conditional,-0.0003145326673984
swap_72_shadow_swap,ltx_2b,conditional,0.0002170035988092
swap_73_shadow_swap,ltx_2b,conditional,-4.827678203583874e-05
swap_74_shadow_swap,ltx_2b,conditional,0.0001069062948226
swap_75_shadow_swap,ltx_2b,conditional,-0.0001534896343946
swap_76_shadow_swap,ltx_2b,conditional,-0.0003117671608924
swap_77_shadow_swap,ltx_2b,conditional,0.0003946743160485
swap_78_shadow_swap,ltx_2b,conditional,4.100784659386014e-05
swap_79_shadow_swap,ltx_2b,conditional,-5.7911053299886106e-05
swap_80_shadow_swap,ltx_2b,conditional,0.0003697848320007
swap_81_shadow_swap,ltx_2b,conditional,-0.0005273754149675
swap_82_shadow_swap,ltx_2b,conditional,8.234471082682604e-05
swap_83_shadow_swap,ltx_2b,conditional,0.0001122070103883
swap_84_shadow_swap,ltx_2b,conditional,-0.0001004243642091
swap_85_shadow_swap,ltx_2b,conditional,0.0002178478986025
swap_86_shadow_swap,ltx_2b,conditional,1.8819272518150187e-05
swap_87_shadow_swap,ltx_2b,conditional,5.785055458545907e-05
swap_88_shadow_swap,ltx_2b,conditional,0.0008443675935268
swap_89_shadow_swap,ltx_2b,conditional,-0.0008412978053093
swap_90_shadow_swap,ltx_2b,conditional,0.0006308157742023
swap_91_shadow_swap,ltx_2b,conditional,-0.0005198504030704
swap_92_shadow_swap,ltx_2b,conditional,0.0017692604660987
swap_93_shadow_swap,ltx_2b,conditional,-0.0016740210354327
swap_94_shadow_swap,ltx_2b,conditional,8.826300501824091e-05
swap_95_shadow_swap,ltx_2b,conditional,2.71442532538968e-05
swap_0_reflection_swap,ltx_2b,conditional,0.0004791744053364
swap_1_reflection_swap,ltx_2b,conditional,-0.0005279017984867
swap_2_reflection_swap,ltx_2b,conditional,0.0004211748391389
swap_3_reflection_swap,ltx_2b,conditional,-0.0003461699187755
swap_4_reflection_swap,ltx_2b,conditional,0.0003742115199565
swap_5_reflection_swap,ltx_2b,conditional,-0.0002150829881429
swap_6_reflection_swap,ltx_2b,conditional,0.0004518302530049
swap_7_reflection_swap,ltx_2b,conditional,-0.0002096693962812
swap_8_reflection_swap,ltx_2b,conditional,0.0007441452145576
swap_9_reflection_swap,ltx_2b,conditional,-0.0002525217086077
swap_10_reflection_swap,ltx_2b,conditional,0.0002199768275022
swap_11_reflection_swap,ltx_2b,conditional,-0.0002120047807693
swap_12_reflection_swap,ltx_2b,conditional,0.0011557835340499
swap_13_reflection_swap,ltx_2b,conditional,0.0002841673791408
swap_14_reflection_swap,ltx_2b,conditional,0.0004749056696891
swap_15_reflection_swap,ltx_2b,conditional,-0.0002010888606309
swap_16_reflection_swap,ltx_2b,conditional,0.0014439418911934
swap_17_reflection_swap,ltx_2b,conditional,-0.0013116405159234
swap_18_reflection_swap,ltx_2b,conditional,-0.0006253091990947
swap_19_reflection_swap,ltx_2b,conditional,0.0007537300884723
swap_20_reflection_swap,ltx_2b,conditional,7.430769503116719e-05
swap_21_reflection_swap,ltx_2b,conditional,-0.0011028125137091
swap_22_reflection_swap,ltx_2b,conditional,-0.0001922411471605
swap_23_reflection_swap,ltx_2b,conditional,-0.0001514346152543
swap_24_reflection_swap,ltx_2b,conditional,0.0001300355792045
swap_25_reflection_swap,ltx_2b,conditional,3.267191350458942e-05
swap_26_reflection_swap,ltx_2b,conditional,-0.0006538979709148
swap_27_reflection_swap,ltx_2b,conditional,0.0008866800367832
swap_28_reflection_swap,ltx_2b,conditional,8.846804499626493e-05
swap_29_reflection_swap,ltx_2b,conditional,0.0008706885576247
swap_30_reflection_swap,ltx_2b,conditional,0.00143339805305
swap_31_reflection_swap,ltx_2b,conditional,-0.0005764712393283
swap_32_reflection_swap,ltx_2b,conditional,0.0004467152059078
swap_33_reflection_swap,ltx_2b,conditional,-0.0004850646108388
swap_34_reflection_swap,ltx_2b,conditional,0.0003958331048488
swap_35_reflection_swap,ltx_2b,conditional,-0.0007470162957906
swap_36_reflection_swap,ltx_2b,conditional,0.000923817306757
swap_37_reflection_swap,ltx_2b,conditional,-2.7132704854021528e-05
swap_38_reflection_swap,ltx_2b,conditional,0.0006480409950017
swap_39_reflection_swap,ltx_2b,conditional,-0.0003740265220403
swap_40_reflection_swap,ltx_2b,conditional,0.0009575144946575
swap_41_reflection_swap,ltx_2b,conditional,-0.0002078162878751
swap_42_reflection_swap,ltx_2b,conditional,0.000441947877407
swap_43_reflection_swap,ltx_2b,conditional,-0.0001110860705375
swap_44_reflection_swap,ltx_2b,conditional,0.0009114698320627
swap_45_reflection_swap,ltx_2b,conditional,0.0003478538244962
swap_46_reflection_swap,ltx_2b,conditional,0.0007753895968198
swap_47_reflection_swap,ltx_2b,conditional,-0.000263095498085
swap_48_reflection_swap,ltx_2b,conditional,0.0016267898678779
swap_49_reflection_swap,ltx_2b,conditional,-0.0009847400337457
swap_50_reflection_swap,ltx_2b,conditional,-0.0003096324205398
swap_51_reflection_swap,ltx_2b,conditional,0.0004537223279476
swap_52_reflection_swap,ltx_2b,conditional,-2.754397690296617e-05
swap_53_reflection_swap,ltx_2b,conditional,0.0009337179362773
swap_54_reflection_swap,ltx_2b,conditional,-0.0003096003830432
swap_55_reflection_swap,ltx_2b,conditional,0.0007292921096086
swap_56_reflection_swap,ltx_2b,conditional,0.0038710561394691
swap_57_reflection_swap,ltx_2b,conditional,-0.0018562620878219
swap_58_reflection_swap,ltx_2b,conditional,4.282869398597455e-05
swap_59_reflection_swap,ltx_2b,conditional,0.0006573759019374
swap_60_reflection_swap,ltx_2b,conditional,0.0006758645176886
swap_61_reflection_swap,ltx_2b,conditional,0.0001828536391258
swap_62_reflection_swap,ltx_2b,conditional,-0.000194324478507
swap_63_reflection_swap,ltx_2b,conditional,0.0006872748583555
swap_64_reflection_swap,ltx_2b,conditional,0.0003401129692793
swap_65_reflection_swap,ltx_2b,conditional,-0.0002559632062912
swap_66_reflection_swap,ltx_2b,conditional,0.0004515634477138
swap_67_reflection_swap,ltx_2b,conditional,-0.0004140906035899
swap_68_reflection_swap,ltx_2b,conditional,0.0016206286847591
swap_69_reflection_swap,ltx_2b,conditional,2.3054108023640163e-05
swap_70_reflection_swap,ltx_2b,conditional,0.000983522683382
swap_71_reflection_swap,ltx_2b,conditional,-0.0001771283149719
swap_72_reflection_swap,ltx_2b,conditional,0.0002856238186359
swap_73_reflection_swap,ltx_2b,conditional,-0.0001262594759464
swap_74_reflection_swap,ltx_2b,conditional,0.0003806763887405
swap_75_reflection_swap,ltx_2b,conditional,-0.0002328538149595
swap_76_reflection_swap,ltx_2b,conditional,0.0005434238165617
swap_77_reflection_swap,ltx_2b,conditional,-7.809847593298613e-06
swap_78_reflection_swap,ltx_2b,conditional,0.0003788070380687
swap_79_reflection_swap,ltx_2b,conditional,-0.0002114783227443
swap_80_reflection_swap,ltx_2b,conditional,0.0003327829390764
swap_81_reflection_swap,ltx_2b,conditional,-0.0002108731865883
swap_82_reflection_swap,ltx_2b,conditional,-2.6793815195519377e-05
swap_83_reflection_swap,ltx_2b,conditional,-1.3895630836480157e-05
swap_84_reflection_swap,ltx_2b,conditional,0.0001599395275116
swap_85_reflection_swap,ltx_2b,conditional,-0.0007975527644157
swap_86_reflection_swap,ltx_2b,conditional,-0.0001777650043368
swap_87_reflection_swap,ltx_2b,conditional,0.0004409036785364
swap_88_reflection_swap,ltx_2b,conditional,0.0004114110022783
swap_89_reflection_swap,ltx_2b,conditional,-0.0002908556908369
swap_90_reflection_swap,ltx_2b,conditional,0.0001753697544336
swap_91_reflection_swap,ltx_2b,conditional,-0.0001717276871204
swap_92_reflection_swap,ltx_2b,conditional,-0.0006544073298573
swap_93_reflection_swap,ltx_2b,conditional,0.0006485432386398
swap_94_reflection_swap,ltx_2b,conditional,-0.0001174415647983
swap_95_reflection_swap,ltx_2b,conditional,-0.0003238652646541
